"Product ID [Non Editable]","Variant ID [Non Editable]","Product Type [Non Editable]","Product Page","Product URL","Title","Description","SKU","GTIN","MPN","Option Name 1","Option Value 1","Option Name 2","Option Value 2","Option Name 3","Option Value 3","Option Name 4","Option Value 4","Option Name 5","Option Value 5","Option Name 6","Option Value 6","Price","Sale Price","On Sale","Stock","Categories","Tags","Weight","Length","Width","Height","Visible","Hosted Image URLs"
"5dca98092391642d185a3e0f","152868b2-1c9f-4020-8b09-eab213841533","SERVICE","photo-workshops-uk","abstract-and-macro-photography-workshops","MACRO Photography Workshops Warwickshire - Various","<h4 style=""white-space:pre-wrap;"" data-rte-preserve-empty=""true"">Abstract and Macro Photography Workshop&nbsp;. Learn about camera settings, lens use, controlling DoF and composition. Various Dates in Warwickshire | Half Day</h4><h3 style=""text-align: start; ; white-space:pre-wrap;"" data-rte-preserve-empty=""true""><strong>Summary</strong></h3><ul data-rte-list=""default""><li><p style=""white-space:pre-wrap;"" data-rte-preserve-empty=""true""><strong><span>Location:</span></strong><span> Warwickshire</span></p></li><li><p style=""white-space:pre-wrap;"" data-rte-preserve-empty=""true""><strong><span>Dates:</span></strong><span> Macro Photography Workshops</span></p><ul data-rte-list=""default""><li><p style=""white-space:pre-wrap;"" data-rte-preserve-empty=""true"">Macro Photography - Tue July 7th - 6:30pm - 8:30pm</p></li><li><p style=""white-space:pre-wrap;"" data-rte-preserve-empty=""true""><span>Macro Photography - </span>Tue Sep 8th - 6:00pm - 8:00pm</p></li></ul></li><li><p style=""white-space:pre-wrap;"" data-rte-preserve-empty=""true""><strong><span>Participants:</span></strong><span> Max 4</span></p></li><li><p style=""white-space:pre-wrap;"" data-rte-preserve-empty=""true""><strong><span>Fitness:</span></strong><span> 1. Easy</span></p></li><li><p style=""white-space:pre-wrap;"" data-rte-preserve-empty=""true""><strong>Experience Level:</strong> Beginner to Advanced</p></li><li><p style=""white-space:pre-wrap;"" data-rte-preserve-empty=""true""><strong>Equipment Needed: </strong>Digital Camera and Tripod, Zoom or Macro Lens</p></li><li><p style=""white-space:pre-wrap;"" data-rte-preserve-empty=""true""><strong><span>Macro Photography Workshop Event Details</span></strong><span>: </span><a href=""/photography-workshops"" rel=""noopener""><span>Macro Photography and Abstract</span></a></p></li><li><p style=""white-space:pre-wrap;"" data-rte-preserve-empty=""true""><strong>Description:</strong> This Abstract and Macro Photography Workshop takes place at a Warwickshire location and is open to all levels and any camera. Macro is where ordinary surroundings become extraordinary — get close and a tree trunk, a piece of weathered stone or a patch of water reveals shapes, colours, tones and patterns most people walk straight past. The whole session is about learning to <em>see</em> them, and then photograph them with intention.</p><p style=""white-space:pre-wrap;"" data-rte-preserve-empty=""true"">The technical craft matters here — and we'll cover it properly — but it's the floor, not the point. Working around the area together, Alan guides you through the settings that give you control: getting sharp focus and using a macro lens or zoom, controlling depth of field to isolate your subject, and building a composition with real intention. From there the real work begins — training your eye to find the abstract within the ordinary, to read tone, shadow and highlight, and to treat colour as a harmony to compose with rather than a loud effect to chase. The aim is never the obvious close-up everyone takes, but an image that's considered and your own.</p><p style=""white-space:pre-wrap;"" data-rte-preserve-empty=""true"">It's a small group of no more than four, taught personally by an award-winning professional photographer, so every person gets real one-to-one guidance in the field — briefing and set-up, then shooting with reviews and tuition as you go. You'll leave with your own macro and abstract images, and a sharper, more intentional way of seeing detail, colour and light that changes how you photograph everything afterwards.</p></li></ul>","SQ8482281","","","Dates","Tue Jul 7th - 6:30pm - 8:30pm","","","","","","","","","","","65.00","50.00","Yes","4","All Photography Workshops, - half-day photo workshops, Macro & Abstract","warwickshire","","","","","Yes","https://images.squarespace-cdn.com/content/v1/5013f4b2c4aaa4752ac69b17/25c550a3-a242-4303-a11b-367dd7055dbe/Abstract%2Band%2BMacro%2BPhotography%2BWorkshops%2B%25282%2529.jpg https://images.squarespace-cdn.com/content/v1/5013f4b2c4aaa4752ac69b17/1658831471882-14ZQZY2W2Z4CRAWT75UO/macro+and+abstract+photography+workshops.jpg https://images.squarespace-cdn.com/content/v1/5013f4b2c4aaa4752ac69b17/cbdab577-bddb-49b6-8d4e-88c999b504f1/Batsford+%2302+-+Oct+2024.jpg https://images.squarespace-cdn.com/content/v1/5013f4b2c4aaa4752ac69b17/1714311582795-GEV30D9NMSKMMQL77053/crocuses.jpg https://images.squarespace-cdn.com/content/v1/5013f4b2c4aaa4752ac69b17/1714311645908-B8QR7XKT5LCFL1M6U67P/Tree+Pan.jpg https://images.squarespace-cdn.com/content/v1/5013f4b2c4aaa4752ac69b17/1714311645880-NKMAX3DKS4GUD4L29BN7/Amlwch+Quayside+%2305+-+Jun+2023.jpg https://images.squarespace-cdn.com/content/v1/5013f4b2c4aaa4752ac69b17/1573822197229-48HK2I6AFOCX6KM0TQT6/macro-and-abstract-photography-workshop.jpg https://images.squarespace-cdn.com/content/v1/5013f4b2c4aaa4752ac69b17/1658831809587-EUGCKR4H8U44VDLVT3W1/Ancient+Oak+%2305+-+Jul+2022.jpg https://images.squarespace-cdn.com/content/v1/5013f4b2c4aaa4752ac69b17/ce398fe9-047d-47c5-9679-55808e81b693/Hay+Wood+%2301+-+Jan+2022.jpg https://images.squarespace-cdn.com/content/v1/5013f4b2c4aaa4752ac69b17/d5cec827-b5c5-4123-bd33-7168c5d593e8/Hosta.jpg"
"","79b60942-f870-41a6-a1a3-ecfd851fb66c","","","","","","SQ8660736","","","Dates","Tue Sep 8th - 6:00pm - 8:00pm","","","","","","","","","","","65.00","50.00","Yes","4","","","","","","","",""
"5bf2ba47575d1f96f71de175","af50d490-f8b7-4a58-a3bb-b87e3f06ac58","SERVICE","photography-services-near-me","annual-pick-n-mix-subscription","Annual Pick N Mix Subscription | Interest Free Payment Plan","<h4 style=""white-space:pre-wrap;"">Make a one-off payment by bank transfer or through this to get 20% discount on events booked for 12 Months  | Tailored Pick N Mix photography training plan</h4>","SQ0754560","","","Plan Amount over 12 Months","1 x £1200 = £1200","","","","","","","","","","","1200.00","0.00","No","Unlimited","photography-classes, photography-courses, photography-workshops","picknmix","","","","","Yes","https://images.squarespace-cdn.com/content/v1/5013f4b2c4aaa4752ac69b17/4c6bb1a6-8752-4aea-a250-484fb1acdf75/Photography+Payment+Plan.png"
"","8d69b0eb-5f8c-4be4-a112-e1ec735de0ba","","","","","","SQ7502565","","","Plan Amount over 12 Months","1 x £1500 = £1500","","","","","","","","","","","1500.00","0.00","No","Unlimited","","","","","","","",""
"","487c4e21-79f0-40d6-aa79-fc002be9a4f5","","","","","","SQ1485137","","","Plan Amount over 12 Months","1 x £2000 = £2000","","","","","","","","","","","2000.00","0.00","No","Unlimited","","","","","","","",""
"","ee9a7242-c963-4555-a406-93688c5ecf4b","","","","","","SQ7001156","","","Plan Amount over 12 Months","1 x £2500 = £2500","","","","","","","","","","","2500.00","0.00","No","Unlimited","","","","","","","",""
"","4696847f-7062-4891-a710-cfe6b9b4c317","","","","","","SQ2612014","","","Plan Amount over 12 Months","1 x £3000 = £3000","","","","","","","","","","","3000.00","0.00","No","Unlimited","","","","","","","",""
"5ba27ee7cd83662812f383a9","5d605a5e-1bb8-4a8b-afab-5286df9212e3","SERVICE","photo-workshops-uk","batsford-arboretum-photography-workshops","BATSFORD Arboretum Autumn Photography Workshops 23 - 31 Oct","<h4 style=""white-space:pre-wrap;"" data-rte-preserve-empty=""true"">Batsford Arboretum Photography Workshops in autumn. Enjoy the colour and expert photographic guidance | Half or One Day Sessions | Any Level and Camera</h4><h3 style=""white-space:pre-wrap;"" data-rte-preserve-empty=""true""><strong>Summary</strong></h3><ul data-rte-list=""default""><li><p style=""white-space:pre-wrap;"" data-rte-preserve-empty=""true""><strong>Location:</strong> Batsford Arboretum - Gloucestershire</p></li><li><p style=""white-space:pre-wrap;"" data-rte-preserve-empty=""true""><strong>Dates:</strong> Fri 23 Oct – Sat 31 Oct 2026</p></li><li><p style=""white-space:pre-wrap;"" data-rte-preserve-empty=""true""><strong>Participants:</strong> Max 6</p></li><li><p style=""white-space:pre-wrap;"" data-rte-preserve-empty=""true""><strong>Fitness:</strong> 1. Easy</p></li><li><p style=""white-space:pre-wrap;"" data-rte-preserve-empty=""true""><strong>Experience Level:</strong> Beginner to Advanced</p></li><li><p style=""white-space:pre-wrap;"" data-rte-preserve-empty=""true""><strong>Equipment Needed:</strong> DSLR or Mirrorless Camera</p></li><li><p style=""white-space:pre-wrap;"" data-rte-preserve-empty=""true""><strong>Photography Workshop Event</strong><a href=""https://www.alanranger.com/batsford-arboretum-photography"" rel=""noopener""> Batsford Arboretum</a></p></li><li><p style=""white-space:pre-wrap;"" data-rte-preserve-empty=""true""><strong>Description:</strong> For nearly fifteen years I've returned to Batsford Arboretum each autumn, and in that time I've come to know every corner of it — which spot works at which hour, where the light falls and the angles that turn one of Britain's finest tree collections into a photograph rather than a snapshot. This workshop is built on that knowledge. Open to all levels and any camera, it's a chance to photograph Batsford's autumn colour with someone who can put you in the right place at the right time, so you can spend your energy on the thing that actually matters: seeing.</p><p style=""white-space:pre-wrap;"" data-rte-preserve-empty=""true"">Because that's where this workshop really lives. We'll cover the technical setup — exposure, depth of field, the settings that give you control — but that's only the floor. The real work is learning to look: to compose with intention and move beyond the clich&eacute; shot everyone else comes home with, to find the close-up, the macro detail and the quiet abstract as readily as the wide vista, and above all to read light, texture and colour as a harmony rather than chasing the over-saturated &quot;look how vivid this is&quot; image. Colour handled with restraint and relationship will always outlast colour shouted.</p><p style=""white-space:pre-wrap;"" data-rte-preserve-empty=""true"">With small numbers and genuine one-to-one attention throughout, you'll have the time and space to slow down and work properly — and you can choose a half-day morning or afternoon session, or a full day in the colour. You'll leave not just with a set of strong autumn images, but with a way of seeing — light, texture and composition — that changes how you photograph colour, woodland and the natural world wherever you go next.</p><p style=""white-space:pre-wrap;"" data-rte-preserve-empty=""true""><strong>Good to know: the workshop price includes entrance to the Arboretum. On the early morning session we have exclusive access before the gardens open to the public — the quiet best light of the day, with the place to ourselves. A grab-and-go breakfast is available from around 9:30am, and the caf&eacute; and outdoor snack bar are open through the day for lunch and refreshments, with toilets on site by the reception area.</strong></p></li></ul>","SQ0818501","","","Available Sessions Left","Fri 23  Oct 2026 AM - 8am - 11:30am","","","","","","","","","","","125.00","99.00","Yes","6","All Photography Workshops, - half-day photo workshops, - one day photo workshops, Landscape, Woodlands, autumn","batsford, autumn","","","","","Yes","https://images.squarespace-cdn.com/content/v1/5013f4b2c4aaa4752ac69b17/1715155253660-I9BNV2CJV5TPWB56WH93/Batsford+Autumn+7.jpg https://images.squarespace-cdn.com/content/v1/5013f4b2c4aaa4752ac69b17/1715155902024-AVYIK2XRILTTZOSA0SR7/_.jpg https://images.squarespace-cdn.com/content/v1/5013f4b2c4aaa4752ac69b17/1715155208386-AK9F4KXGAT08LHNFYW24/Hanging.jpg https://images.squarespace-cdn.com/content/v1/5013f4b2c4aaa4752ac69b17/1715155208293-S65J7NNI79QFOGPU5400/Blush.jpg https://images.squarespace-cdn.com/content/v1/5013f4b2c4aaa4752ac69b17/1715155208377-PH7RYM3TB5KNL68IIX8Y/Batsford+%2307+-+Oct+2021.jpg https://images.squarespace-cdn.com/content/v1/5013f4b2c4aaa4752ac69b17/1715155208356-Q4SS5H2AF1N47A2A41WQ/Batsford+%2322+-+Oct+2021.jpg https://images.squarespace-cdn.com/content/v1/5013f4b2c4aaa4752ac69b17/1715155208364-QERJI5MO925TG4V3KZF5/Batsford+%2303+-+Oct+2021.jpg https://images.squarespace-cdn.com/content/v1/5013f4b2c4aaa4752ac69b17/1715155208379-0ZJH6MF5HKD7R3QRESF4/Batsford+Autumn+1.jpg https://images.squarespace-cdn.com/content/v1/5013f4b2c4aaa4752ac69b17/1715155208394-3Z3KHU876CON1IMNHKG0/Batsford+Autumn+3.jpg https://images.squarespace-cdn.com/content/v1/5013f4b2c4aaa4752ac69b17/1715155208409-WSSJ82XDFBYUXGVLHGN7/Batsford+%2317+-+Oct+2021.jpg https://images.squarespace-cdn.com/content/v1/5013f4b2c4aaa4752ac69b17/1716329076555-MDP3B46Y1C16P1IJ3ZM0/Batsford+Arboretum+Photography.jpg https://images.squarespace-cdn.com/content/v1/5013f4b2c4aaa4752ac69b17/1714657012869-USO6782BUAYGB2RIJ5Q1/Autumn+Window.jpg"
"","feeda5ef-0a37-4d7d-8141-64517451eaeb","","","","","","SQ7647904","","","Available Sessions Left","Fri 23 Oct 2026 PM - 12pm - 3:30pm","","","","","","","","","","","125.00","99.00","Yes","6","","","","","","","",""
"","9379fb03-1869-4217-96ca-35c959251f49","","","","","","SQ9436105","","","Available Sessions Left","Fri 23 Oct 2026 All Day -8am - 3:30pm","","","","","","","","","","","175.00","150.00","Yes","6","","","","","","","",""
"","4b3145af-2014-42f3-ac2a-3d803525ab8d","","","","","","SQ1204772","","","Available Sessions Left","Sat 24  Oct 2026 AM - 8am - 11:30am","","","","","","","","","","","125.00","99.00","Yes","6","","","","","","","",""
"","1331e34b-54a5-4461-b28f-f348e5a4ef0d","","","","","","SQ9290465","","","Available Sessions Left","Sat 24 Oct 2026 PM - 12pm - 3:30pm","","","","","","","","","","","125.00","99.00","Yes","6","","","","","","","",""
"","332b2829-3727-412a-a795-759a2288f41e","","","","","","SQ7375084","","","Available Sessions Left","Sat 24 Oct 2026 All Day -8am - 3:30pm","","","","","","","","","","","175.00","150.00","Yes","6","","","","","","","",""
"","7df4a267-3b19-4252-b323-d6a0a9b717e3","","","","","","SQ0264308","","","Available Sessions Left","Sun 25 Oct 2026 AM - 8am - 11:30am","","","","","","","","","","","125.00","99.00","Yes","6","","","","","","","",""
"","77f129a6-dea2-459b-a7d9-1fbd055b87e6","","","","","","SQ9938663","","","Available Sessions Left","Sun 25 Oct 2026 PM - 12pm - 3:30pm","","","","","","","","","","","125.00","99.00","Yes","6","","","","","","","",""
"","25cefc7d-a965-4b96-bfad-27810da12850","","","","","","SQ0693365","","","Available Sessions Left","Sun 25 Oct 2026 All Day -8am - 3:30pm","","","","","","","","","","","175.00","150.00","Yes","6","","","","","","","",""
"","3877133f-6fb7-4c4c-945c-6acde6282e67","","","","","","SQ3442432","","","Available Sessions Left","Thu 29  Oct 2026 AM - 8am - 11:30am","","","","","","","","","","","125.00","99.00","Yes","6","","","","","","","",""
"","11b7aa09-dfe3-4300-b083-de06db355cbb","","","","","","SQ8197555","","","Available Sessions Left","Thu 29 Oct 2026 PM - 12pm - 3:30pm","","","","","","","","","","","125.00","99.00","Yes","6","","","","","","","",""
"","5311b64b-b543-444c-9eff-b089575706fb","","","","","","SQ9853668","","","Available Sessions Left","Thu 29 Oct 2026 All Day -8am - 3:30pm","","","","","","","","","","","175.00","150.00","Yes","6","","","","","","","",""
"","c9189819-3259-4687-be88-dd74c727360c","","","","","","SQ0732756","","","Available Sessions Left","Fri 30  Oct 2026 AM - 8am - 11:30am","","","","","","","","","","","125.00","99.00","Yes","6","","","","","","","",""
"","186db306-380d-4dec-807e-cf43caa91bca","","","","","","SQ6382131","","","Available Sessions Left","Fri 30 Oct 2026 PM - 12pm - 3:30pm","","","","","","","","","","","125.00","99.00","Yes","6","","","","","","","",""
"","ddff7a04-6ff6-43e8-8108-c910dc617ad4","","","","","","SQ4533936","","","Available Sessions Left","Fri 30 Oct 2026 All Day -8am - 3:30pm","","","","","","","","","","","175.00","150.00","Yes","6","","","","","","","",""
"","41fadf16-55b3-455e-93c5-c7455755cf20","","","","","","SQ4668363","","","Available Sessions Left","Sat 31  Oct 2026 AM - 8am - 11:30am","","","","","","","","","","","150.00","99.00","Yes","6","","","","","","","",""
"","095f7ec6-e1a0-4f28-8c87-315ed5980a10","","","","","","SQ5203247","","","Available Sessions Left","Sat 31 Oct 2026 PM - 12pm - 3:30pm","","","","","","","","","","","125.00","99.00","Yes","6","","","","","","","",""
"","3434e374-cab1-4cb3-98f1-3686cc625161","","","","","","SQ1249736","","","Available Sessions Left","Sat 31 Oct 2026 All Day -8am - 3:30pm","","","","","","","","","","","175.00","150.00","Yes","6","","","","","","","",""
"5b559d826d2a73038b8dcea8","7244f015-3932-44ed-bdf6-3b02423732b3","SERVICE","photography-services-near-me","beginners-photography-classes-coventry","Beginners Photography Classes - Coventry - Get Off Auto","<h4 style=""white-space:pre-wrap;"">The 2-hour Get Off Auto beginners photography classes in Coventry are for those wishing to absorb new skills and learn how and why to get off Auto Exposure on their camera.</h4><h3 style=""white-space:pre-wrap;""><span style=""color: rgba(0, 0, 0, 0.76)""><strong>Summary - Get Off Auto</strong></span></h3><ul data-rte-list=""default""><li><h4 style=""white-space:pre-wrap;""><span style=""color: rgba(0, 0, 0, 0.76)"">Dates: 2024/2025 - 19:00 - 21:00</span></h4><ul data-rte-list=""default""><li><p class="""" style=""white-space:pre-wrap;""><span style=""color: rgba(0, 0, 0, 0.76)"">Tue May 7th</span></p></li><li><p class="""" style=""white-space:pre-wrap;""><span style=""color: rgba(0, 0, 0, 0.76)"">Mon June 10th</span></p></li></ul></li><li><h4 style=""white-space:pre-wrap;""><span style=""color: rgba(0, 0, 0, 0.76)""><strong>Location:</strong> 45 Hathaway Road, Tile Hill Village, Coventry, CV4 9HW</span></h4></li><li><h4 style=""white-space:pre-wrap;""><span style=""color: rgba(0, 0, 0, 0.76)""><strong>Participants:</strong> Max 4</span></h4></li><li><h4 style=""white-space:pre-wrap;""><span style=""color: rgba(0, 0, 0, 0.76)""><strong>Beginners Photography Classes Event Details</strong>: </span><a href=""/get-off-auto-beginner-photography-classes""><span style=""color: rgba(0, 0, 0, 0.76)"">Get Off Auto</span></a></h4></li><li><h4 style=""white-space:pre-wrap;"">Experience - Level:  Beginner and Novice</h4><ul data-rte-list=""default""><li><p class="""" style=""white-space:pre-wrap;"">This get off auto photography class is aimed at anyone with a digital camera wishing to get off auto exposure mode and learn about photography exposure.</p></li></ul></li><li><h4 style=""white-space:pre-wrap;"">Equipment Needed:</h4><ul data-rte-list=""default""><li><p class="""" style=""white-space:pre-wrap;"">This class is a theory, lecture style so a camera is not required</p></li></ul></li><li><h4 style=""white-space:pre-wrap;""><span style=""color: rgba(0, 0, 0, 0.76)""><strong>Description:  </strong>Simplifying camera exposure modes:</span></h4><ul data-rte-list=""default""><li><p class="""" style=""white-space:pre-wrap;""><span style=""color: rgba(0, 0, 0, 0.76)"">Get off Auto Beginner Photography Classes Content</span></p><ul data-rte-list=""default""><li><p class="""" style=""white-space:pre-wrap;""><span style=""color: rgba(0, 0, 0, 0.76)"">The photographic Workflow</span></p></li><li><p class="""" style=""white-space:pre-wrap;""><span style=""color: rgba(0, 0, 0, 0.76)"">See | Design | Shoot | Enhance |Share</span></p></li><li><p class="""" style=""white-space:pre-wrap;""><span style=""color: rgba(0, 0, 0, 0.76)"">Camera Exposure Settings</span></p></li><li><p class="""" style=""white-space:pre-wrap;""><span style=""color: rgba(0, 0, 0, 0.76)"">Understanding scene modes, aperture priority, shutter priority or manual exposure and metering</span></p></li><li><p class="""" style=""white-space:pre-wrap;""><span style=""color: rgba(0, 0, 0, 0.76)"">Aperture, ISO, Shutter breakdown</span></p></li><li><p class="""" style=""white-space:pre-wrap;""><span style=""color: rgba(0, 0, 0, 0.76)"">Holding the camera properly and understanding the exposure triangle</span></p></li></ul></li></ul></li></ul><p class="""" style=""white-space:pre-wrap;"">By switching to the manual modes, you gain full control over the exposure settings, allowing you to unleash your creativity and capture the perfect shot in any lighting situation.</p>","SQ4907209","","","Date","Tue 7 may Coventry","","","","","","","","","","","30.00","0.00","No","4","get-off-auto, photography-classes, photography-courses","coventry, kenilworth","","","","","No","https://images.squarespace-cdn.com/content/v1/5013f4b2c4aaa4752ac69b17/1c259592-0eea-480b-baf4-c0ee0e16e650/beginners-photography-class-get-off-auto.jpg https://images.squarespace-cdn.com/content/v1/5013f4b2c4aaa4752ac69b17/1641220230999-WK55T6KJYFAUHNRWJ500/Get-Off-Auto-beginners-photography-class.jpg"
"","4dbb7cff-7e45-404f-b33b-da49f5d557f0","","","","","","SQ8319054","","","Date","Mon 10 Jun Coventry","","","","","","","","","","","30.00","0.00","No","4","","","","","","","",""
"","d3a616ad-08ba-42e7-bb9d-099ec7d7f175","","","","","","SQ7575064","","","Date","Re-booking fee for missed class","","","","","","","","","","","15.00","0.00","No","Unlimited","","","","","","","",""
"5cac6142e2c483ccc66e32c6","7762d8cc-c956-4782-9ced-3593663ed0da","SERVICE","photography-services-near-me","beginners-photography-course","Beginners Photography Course | 3 Weekly Evening Classes","<h3 style=""white-space:pre-wrap;"" data-rte-preserve-empty=""true"">Beginners Photography Course Coventry</h3><h4 style=""white-space:pre-wrap;"" data-rte-preserve-empty=""true"">Summary - Camera Courses For Beginners - Key Information</h4><ul data-rte-list=""default""><li><p style=""white-space:pre-wrap;"" data-rte-preserve-empty=""true""><strong>Location:</strong> 45 Hathaway Road, Coventry, CV4 9HW</p></li><li><p style=""white-space:pre-wrap;"" data-rte-preserve-empty=""true""><strong>Duration:</strong> 3 &times; 2hr evening classes (19:00–21:00)</p></li><li><p style=""white-space:pre-wrap;"" data-rte-preserve-empty=""true""><strong>Participants:</strong> Max 4</p></li><li><p style=""white-space:pre-wrap;"" data-rte-preserve-empty=""true""><strong>Start Dates: </strong><a href=""/beginners-photography-classes"" rel=""noopener"">Beginners Photography Course</a></p></li><li><p style=""white-space:pre-wrap;"" data-rte-preserve-empty=""true"">3wks Thursdays - Jun 11 - Jun 25 Coventry</p></li><li><p style=""white-space:pre-wrap;"" data-rte-preserve-empty=""true"">3wks Wednesdays - Jul 1 - Jul 15 Coventry</p></li><li><p style=""white-space:pre-wrap;"" data-rte-preserve-empty=""true"">3wks Mondays - Jul 6 - Jul 20 Coventry</p></li><li><p style=""white-space:pre-wrap;"" data-rte-preserve-empty=""true"">3wks Thursdays - Sep 17 - Oct 1 Coventry</p></li><li><p style=""white-space:pre-wrap;"" data-rte-preserve-empty=""true"">3wks Tuesdays - Sep 22 - Oct 6 Coventry</p></li><li><p style=""white-space:pre-wrap;"" data-rte-preserve-empty=""true"">3wks Mondays - Oct 12 - Oct 26 Coventry</p></li><li><p style=""white-space:pre-wrap;"" data-rte-preserve-empty=""true"">3wks Wednesdays - Oct 14 - Oct 28 Coventry</p></li><li><p style=""white-space:pre-wrap;"" data-rte-preserve-empty=""true""><strong>Level:</strong> Beginner and Novice</p></li><li><p style=""white-space:pre-wrap;"" data-rte-preserve-empty=""true""><strong>Description:</strong>A practical three-week evening course that takes you from Auto to confident manual control, built around your own camera.</p><p style=""white-space:pre-wrap;"" data-rte-preserve-empty=""true""><strong>Week 1</strong> is about getting off Auto for good — the exposure modes, then aperture, shutter speed and ISO, and how they work together as the exposure triangle, with practical assignments to put it into practice.</p><p style=""white-space:pre-wrap;"" data-rte-preserve-empty=""true""><strong>Week 2</strong> goes deeper into getting the exposure right: manual exposure, metering, reading the histogram, exposure compensation, stops and dynamic range, and bracketing — followed by a review of your assignment work.</p><p style=""white-space:pre-wrap;"" data-rte-preserve-empty=""true""><strong>Week 3</strong> moves on to focusing and depth of field, white balance, JPEG vs RAW, and the foundations of composition, finishing with a final assignment review.</p><p style=""white-space:pre-wrap;"" data-rte-preserve-empty=""true"">With a maximum of four people, you get genuine attention and plenty of room to ask questions, and you'll leave with a printed course book covering every topic to revisit at home. Beginner and novice friendly — just bring a DSLR or mirrorless camera with manual modes.</p></li><li><p style=""white-space:pre-wrap;"" data-rte-preserve-empty=""true""><strong>What You'll Learn:</strong> How to get off Auto and use manual exposure, aperture, shutter speed and ISO; how focus works; and the foundations of composition to make stronger, more deliberate photos.</p></li><li><p style=""white-space:pre-wrap;"" data-rte-preserve-empty=""true""><strong>Includes:</strong> A printed course book covering every topic, so you can revisit it all afterwards.</p></li><li><p style=""white-space:pre-wrap;"" data-rte-preserve-empty=""true""><strong>Equipment:</strong> A DSLR or mirrorless camera with manual exposure modes.</p></li></ul>","SQ0678506","","","Dates","3wks Thursdays - Jun 18- Jun 25 Coventry","","","","","","","","","","","150.00","0.00","No","0","photography-classes, photography-courses","coventry, beginners camera course, camera course for beginners, camera classes","","","","","Yes","https://images.squarespace-cdn.com/content/v1/5013f4b2c4aaa4752ac69b17/e7a77ef5-4a16-4466-9e54-7d29287e9a95/photography+training.jpg https://images.squarespace-cdn.com/content/v1/5013f4b2c4aaa4752ac69b17/773443e9-940a-440b-9faa-14e22b8c4236/beginners+photography+classes+coventry.png https://images.squarespace-cdn.com/content/v1/5013f4b2c4aaa4752ac69b17/fc6b7ca1-d905-40e9-b6ac-5ef70a3c3fbf/beginners+photography+courses.jpg https://images.squarespace-cdn.com/content/v1/5013f4b2c4aaa4752ac69b17/bceae6f2-91b8-4012-a00b-7b7b177d346f/Beginners+Photography+Classes.png"
"","d0a09f22-bc75-44b9-8ac8-49b03be261bb","","","","","","SQ4322859","","","Dates","3wks Wednesdays - Jul 1 - Jul 15 Coventry","","","","","","","","","","","150.00","0.00","No","1","","","","","","","",""
"","37d752e8-0433-4e77-8192-7fd7bdea25d7","","","","","","SQ5977532","","","Dates","3wks Mondays - Jul 6 - Jul 20 Coventry","","","","","","","","","","","150.00","0.00","No","4","","","","","","","",""
"","9a2de1ef-d53b-460a-a5a2-c9407c0dad4b","","","","","","SQ6482854","","","Dates","3wks Thursdays - Sep 17 - Oct 1 Coventry","","","","","","","","","","","150.00","0.00","No","3","","","","","","","",""
"","4fdc3146-25b5-461c-935a-fa244fb99181","","","","","","SQ1702168","","","Dates","3wks Tuesdays - Sep 22 - Oct 6 Coventry","","","","","","","","","","","150.00","0.00","No","4","","","","","","","",""
"","6b75e71a-3605-43c6-b8eb-a1c8e5273b8c","","","","","","SQ6875626","","","Dates","3wks Mondays - Oct 12 - Oct 26 Coventry","","","","","","","","","","","150.00","0.00","No","4","","","","","","","",""
"","f7450e15-48f2-413d-a83f-ad4e9f1b9f55","","","","","","SQ8844762","","","Dates","3wks Wednesdays - Oct 14 - Oct 28 Coventry","","","","","","","","","","","150.00","0.00","No","4","","","","","","","",""
"5db45dcd118b996830e61700","e73e3a3f-c7cf-4c32-8d9e-f9e64956a047","SERVICE","photography-services-near-me","beginners-portrait-photography-course","Beginners Portrait Photography Course - Coventry - 1 Day","<h3 style=""white-space:pre-wrap;"" data-rte-preserve-empty=""true"">Beginners Portrait Photography Course </h3><ul data-rte-list=""default""><li><p style=""white-space:pre-wrap;"" data-rte-preserve-empty=""true""><strong>Location:</strong> 17A Spon Street, Coventry, CV1 3BA <em>(Pay &amp; Display, or Skydome Multi-Storey, 15 Croft Rd, CV1 3LD)</em></p></li><li><p style=""white-space:pre-wrap;"" data-rte-preserve-empty=""true""><strong>Duration:</strong> 1-day course, 9am–5pm (approx 1hr lunch)</p></li><li><p style=""white-space:pre-wrap;"" data-rte-preserve-empty=""true""><strong>Participants:</strong> Max 4</p></li><li><p style=""white-space:pre-wrap;"" data-rte-preserve-empty=""true""><strong>Start Dates:</strong> Portrait Photography Course</p></li><li><p style=""white-space:pre-wrap;"" data-rte-preserve-empty=""true"">Saturday 11 Oct 2025 - Coventry</p></li><li><p style=""white-space:pre-wrap;"" data-rte-preserve-empty=""true""><strong>Level:</strong> Beginner</p></li><li><p style=""white-space:pre-wrap;"" data-rte-preserve-empty=""true""><strong>Description:</strong> A 1-day portrait photography course suitable for any amateur who wants to learn the fundamentals — lighting, exposure, camera settings and composition.</p></li><li><p style=""white-space:pre-wrap;"" data-rte-preserve-empty=""true""><strong>Equipment:</strong> A DSLR or mirrorless camera with manual exposure modes, and a good understanding of the basics of exposure, aperture, shutter speed and ISO. Ideally a zoom lens (50mm+) or a 50mm prime.</p></li></ul>","SQ2592535","","","","","","","","","","","","","","","195.00","0.00","No","0","photography-classes, photography-courses","coventry","","","","","Yes","https://images.squarespace-cdn.com/content/v1/5013f4b2c4aaa4752ac69b17/1707238641610-VHWSAVN4IPEHPVRGJNQZ/portrait+photography+course.jpg https://images.squarespace-cdn.com/content/v1/5013f4b2c4aaa4752ac69b17/1572347241309-VECU32MWU56YDV3XQO8L/beginners-photography-portraits-course.png https://images.squarespace-cdn.com/content/v1/5013f4b2c4aaa4752ac69b17/3017494f-0501-4596-b6d5-ac6d358f33e0/_-2.jpg https://images.squarespace-cdn.com/content/v1/5013f4b2c4aaa4752ac69b17/ec6e0b53-ee3f-4bbe-86d5-4581cef9e619/_-8.jpg https://images.squarespace-cdn.com/content/v1/5013f4b2c4aaa4752ac69b17/9f71e0a6-d559-488c-b4c3-8a6ea4637b2f/_-24.jpg https://images.squarespace-cdn.com/content/v1/5013f4b2c4aaa4752ac69b17/5801adda-408c-4d00-a133-86ea460e2008/_-51.jpg https://images.squarespace-cdn.com/content/v1/5013f4b2c4aaa4752ac69b17/4d339d00-e621-41d7-bc78-adf50fc9885f/help+portrait+preset+2.jpg https://images.squarespace-cdn.com/content/v1/5013f4b2c4aaa4752ac69b17/a2046712-f9c2-4f70-b7cf-02a279765359/people+photography+-+Event+commercial+photography-2.jpg"
"53d3b67be4b0984ca9af4ded","1f70eef3-a6a3-4842-93a4-47d6d2cc985b","SERVICE","photography-services-near-me","black-and-white-photography-course","Professional Black and White Photography Course | Coventry","<h3 style=""white-space:pre-wrap;"" data-rte-preserve-empty=""true"">Black and White Photography Course</h3><ul data-rte-list=""default""><li><p style=""white-space:pre-wrap;"" data-rte-preserve-empty=""true""><strong>Location:</strong> 45 Hathaway Road, Tile Hill Village, Coventry, CV4 9HW</p></li><li><p style=""white-space:pre-wrap;"" data-rte-preserve-empty=""true""><strong>Duration:</strong> 2 &times; 2.5hr evening classes</p></li><li><p style=""white-space:pre-wrap;"" data-rte-preserve-empty=""true""><strong>Participants:</strong> Max 4</p></li><li><p style=""white-space:pre-wrap;"" data-rte-preserve-empty=""true""><strong>Start Dates:</strong> Black &amp; White Course</p></li><li><p style=""white-space:pre-wrap;"" data-rte-preserve-empty=""true"">Coventry 2 wks - Mon 3 Sep - 10 Sep 2025</p></li><li><p style=""white-space:pre-wrap;"" data-rte-preserve-empty=""true""><strong>Level:</strong> Beginner to Intermediate</p></li><li><p style=""white-space:pre-wrap;"" data-rte-preserve-empty=""true""><strong>Description:</strong> A two-week course to help beginners and intermediates recognise the visual building blocks of strong black &amp; white images, capture the best data in camera, and convert to mono on the computer.</p></li><li><p style=""white-space:pre-wrap;"" data-rte-preserve-empty=""true""><strong>Equipment:</strong> A DSLR or mirrorless camera with manual exposure modes. <em>(confirm any editing software requirement)</em></p></li></ul>","SQ9709344","","","","","","","","","","","","","","","165.00","145.00","No","0","photography-courses","beginners-photography-course","","","","","Yes","https://images.squarespace-cdn.com/content/v1/5013f4b2c4aaa4752ac69b17/1721724334692-7KPD0E90A6E4YZMAR324/black+and+white+photography+course+.jpg https://images.squarespace-cdn.com/content/v1/5013f4b2c4aaa4752ac69b17/b8c2a6b2-9a51-492d-a6c0-b685f5e16cc2/Beginners+Photography+Classes.png https://images.squarespace-cdn.com/content/v1/5013f4b2c4aaa4752ac69b17/b7e43f1b-211b-4e2b-b406-a346e9698b13/atlantic+ruins+-+hartland.jpg https://images.squarespace-cdn.com/content/v1/5013f4b2c4aaa4752ac69b17/fceb19ed-c278-4482-829e-5b91563cb39d/bahhhhh.jpg https://images.squarespace-cdn.com/content/v1/5013f4b2c4aaa4752ac69b17/8aed543f-5214-458e-8c26-c53785fb5463/Chesterton+-+River+of+Snow.jpg https://images.squarespace-cdn.com/content/v1/5013f4b2c4aaa4752ac69b17/d91ce4a1-92b4-4819-9a28-a0e74641f99c/cows.jpg https://images.squarespace-cdn.com/content/v1/5013f4b2c4aaa4752ac69b17/668794bd-f4fa-455c-97b8-f370e5bfe8fa/morston+Quay.jpg https://images.squarespace-cdn.com/content/v1/5013f4b2c4aaa4752ac69b17/6a981678-3e52-4685-b61f-f2e6336279e6/Sea+Soldiers.jpg https://images.squarespace-cdn.com/content/v1/5013f4b2c4aaa4752ac69b17/76431697-6b6d-4d82-b941-2f42f5304679/_-12.jpg https://images.squarespace-cdn.com/content/v1/5013f4b2c4aaa4752ac69b17/e0051076-7ede-49c5-9ad7-52f6395f2cad/_-14.jpg https://images.squarespace-cdn.com/content/v1/5013f4b2c4aaa4752ac69b17/262b76e8-41e6-42c3-9f00-db6039309375/Alan+Ranger+Jun+2014.jpg https://images.squarespace-cdn.com/content/v1/5013f4b2c4aaa4752ac69b17/aeea0b63-9d60-46c6-a6ea-90ea4db4f269/At+Ease.jpg"
"5c2c8834c2241bc8b409723c","58a2e8c0-4db4-4407-9bd6-aa3d5b07fe4d","SERVICE","photo-workshops-uk","bluebell-woodlands-photography-workshops","BLUEBELL WOODLANDS Photography - Warks - 20 Apr- 30 Apr","<h4 style=""white-space:pre-wrap;"" data-rte-preserve-empty=""true"">Bluebell woodlands photography workshop - Choose a sunrise or mid-morning 4hr bluebell photography shoot or both sessions at this private bluebell woodland with exclusive access</h4><h3 style=""text-align: start; ; white-space:pre-wrap;"" data-rte-preserve-empty=""true""><strong>Summary</strong></h3><ul data-rte-list=""default""><li><p style=""white-space:pre-wrap;"" data-rte-preserve-empty=""true""><strong><span>Location:</span></strong><span> Warwickshire (Near Stratford Upon Avon)</span></p></li><li><p style=""white-space:pre-wrap;"" data-rte-preserve-empty=""true""><strong>Dates (are subject to the timing of the bluebell flowering and their peek display - you will be contacted nearer the time to consider alt-dates, please pick your initial first date choice but be flexible if nearer the time it needs to change)</strong></p></li><li style=""margin-left: 40px""><p style=""white-space:pre-wrap;"" data-rte-preserve-empty=""true"">Tue-20-Apr-27</p></li><li style=""margin-left: 40px""><p style=""white-space:pre-wrap;"" data-rte-preserve-empty=""true"">Wed-21-Apr-27</p></li><li style=""margin-left: 40px""><p style=""white-space:pre-wrap;"" data-rte-preserve-empty=""true"">Thu-22-Apr-27</p></li><li style=""margin-left: 40px""><p style=""white-space:pre-wrap;"" data-rte-preserve-empty=""true"">Fri-23-Apr-27</p></li><li style=""margin-left: 40px""><p style=""white-space:pre-wrap;"" data-rte-preserve-empty=""true"">Sat-24-Apr-27</p></li><li style=""margin-left: 40px""><p style=""white-space:pre-wrap;"" data-rte-preserve-empty=""true"">Sun-25-Apr-27</p></li><li style=""margin-left: 40px""><p style=""white-space:pre-wrap;"" data-rte-preserve-empty=""true"">Mon-26-Apr-27</p></li><li style=""margin-left: 40px""><p style=""white-space:pre-wrap;"" data-rte-preserve-empty=""true"">Tue-27-Apr-27</p></li><li style=""margin-left: 40px""><p style=""white-space:pre-wrap;"" data-rte-preserve-empty=""true"">Wed-28-Apr-27</p></li><li style=""margin-left: 40px""><p style=""white-space:pre-wrap;"" data-rte-preserve-empty=""true"">Thu-29-Apr-27</p></li><li style=""margin-left: 40px""><p style=""white-space:pre-wrap;"" data-rte-preserve-empty=""true"">Fri-30-Apr-27</p></li><li style=""margin-left: 40px""><p style=""white-space:pre-wrap;"" data-rte-preserve-empty=""true""><strong>4hrs - 5:45 am to 9:45 am or 10:30 am to 2:30 pm</strong></p></li><li style=""margin-left: 40px""><p style=""white-space:pre-wrap;"" data-rte-preserve-empty=""true""><strong>OR 1 day - 5:45 am to 2:30 pm</strong></p><p style=""white-space:pre-wrap;"" data-rte-preserve-empty=""true"">Brunch between 9:45-10:30 (not included)</p></li><li><p style=""white-space:pre-wrap;"" data-rte-preserve-empty=""true""><strong><span>Participants:</span></strong><span> Max 6</span></p></li><li><p style=""white-space:pre-wrap;"" data-rte-preserve-empty=""true""><strong><span>Fitness:</span></strong><span> 1. Easy</span></p></li><li><p style=""white-space:pre-wrap;"" data-rte-preserve-empty=""true""><strong>Experience Level:</strong> Beginner to Advanced</p></li><li><p style=""white-space:pre-wrap;"" data-rte-preserve-empty=""true""><strong>Equipment Needed: </strong>DSLR or Mirrorless Camera and Tripod</p></li><li><p style=""white-space:pre-wrap;"" data-rte-preserve-empty=""true""><strong><span>Photography Workshop Event Details</span></strong><span>: </span><a href=""/bluebell-woods-near-me/"" rel=""noopener""><span>Bluebell Woods</span></a></p></li><li><p style=""white-space:pre-wrap;"" data-rte-preserve-empty=""true""><strong>Description:</strong> This Bluebell Woodlands photography workshop gives you exclusive access to a private Warwickshire bluebell wood near Stratford-upon-Avon, open to all levels and any camera. For a few short weeks each spring the woodland floor turns into a sea of blue — and unlike the well-known public bluebell spots, this one is yours to photograph without the crowds, so you can slow right down and work the scene properly in soft woodland light, rather than grabbing the same shot everyone else takes.</p><p style=""white-space:pre-wrap;"" data-rte-preserve-empty=""true"">You choose how you shoot it.<strong> Pick a four-hour half-day session — sunrise (5:45am–9:45am) for soft, warm early light, or mid-morning (10:30am–2:30pm) for brighter colour — or book the full day (5:45am–2:30pm) to shoot both, with a brunch break in between (9:45–10:30, not included)</strong>. Whichever you choose, the technical craft is the floor we build on — composition, depth of field, the settings that hold a carpet of blue in focus — but the real work is learning to see. Woodland is a beautifully chaotic subject, so we'll work on simplifying it into a frame with order and intention, on finding the intimate, close-up detail as readily as the wide woodland view, and on reading the soft spring light and the blue-and-green as a quiet harmony rather than chasing a loud, over-saturated bluebell clich&eacute;.</p><p style=""white-space:pre-wrap;"" data-rte-preserve-empty=""true"">It's a small group of no more than six, taught personally and pitched at exactly your level, with easy walks along the bluebell trails and one-to-one guidance throughout. Because bluebells wait for no one, dates flex to the flowering — you'll pick a first-choice date and I'll confirm the peak display nearer the time. You'll come away with a portfolio of atmospheric spring woodland images that feel like the place — and a calmer, more intentional way of seeing colour, light and detail that you can take anywhere.</p></li></ul>","SQ8599409","","","Available Dates","Tue 20 Apr - 5:45am - 09:45am","","","","","","","","","","","125.00","99.00","Yes","6","'- half-day photo work..., - one day photo workshops, Landscape, Woodlands, Flowering","warwickshire, bluebells","","","","","Yes","https://images.squarespace-cdn.com/content/v1/5013f4b2c4aaa4752ac69b17/1707309659883-DPISYTNT0T584VPXCK39/bluebell+photography+workshops.jpg https://images.squarespace-cdn.com/content/v1/5013f4b2c4aaa4752ac69b17/1576758721651-9TJXVARG25RHO9LUU6OT/bluebell-woodland-photography-workshops.jpg https://images.squarespace-cdn.com/content/v1/5013f4b2c4aaa4752ac69b17/1704097856968-E3F7ALCBFZ9P1VTW3ZXB/Bluebell+Woodlands+Warwickshire+%2312+-+April+2022.jpg https://images.squarespace-cdn.com/content/v1/5013f4b2c4aaa4752ac69b17/1704097856974-MM69V38FOWE8OZVGDP7J/New+Season.jpg https://images.squarespace-cdn.com/content/v1/5013f4b2c4aaa4752ac69b17/1704097857079-1FH098BNFC3JOC4S7AVV/Morning+Blues.jpg https://images.squarespace-cdn.com/content/v1/5013f4b2c4aaa4752ac69b17/1704097857070-GXK9OBIX8YB0YIW4TBR0/Down+Under.jpg https://images.squarespace-cdn.com/content/v1/5013f4b2c4aaa4752ac69b17/1704097857040-YWN7RZV6IZJ5651XHCIL/Bluebells+11.jpg https://images.squarespace-cdn.com/content/v1/5013f4b2c4aaa4752ac69b17/1704097856990-N95BPICVWS7ZEB0TJB0Y/Bluebells+9.jpg https://images.squarespace-cdn.com/content/v1/5013f4b2c4aaa4752ac69b17/1704097857070-9WSO2PBOD64US08ARCUC/Bluebells+7.jpg https://images.squarespace-cdn.com/content/v1/5013f4b2c4aaa4752ac69b17/1704097857024-MNSZ6OANNSXDDMJH32KF/bluebells+6.jpg https://images.squarespace-cdn.com/content/v1/5013f4b2c4aaa4752ac69b17/1704097857066-QGFPYYP84LDX47VAWD5R/Bluebells+3.jpg https://images.squarespace-cdn.com/content/v1/5013f4b2c4aaa4752ac69b17/1704097857071-0ETZWZKFNQRIPBHJPZT0/Bluebell+Woods+2019+3.jpg https://images.squarespace-cdn.com/content/v1/5013f4b2c4aaa4752ac69b17/1704097857070-WZ70FFHOD2MHGTSIS44T/Bluebell+Woods+2018.jpg https://images.squarespace-cdn.com/content/v1/5013f4b2c4aaa4752ac69b17/1704097857087-H8RO2YOXSYW1PMJ2QPDI/Bluebell+Woodlands.jpg https://images.squarespace-cdn.com/content/v1/5013f4b2c4aaa4752ac69b17/1704097857071-NA4YJZJXZK6JYIL1AQNY/bluebell+Woodlands+Warwickshire+%2323+-+April+2022.jpg https://images.squarespace-cdn.com/content/v1/5013f4b2c4aaa4752ac69b17/1704097857066-83Q7BXNFQGEXFXGY6ONE/Bluebell+Woodlands+Warwickshire+%2318+-+April+2022.jpg https://images.squarespace-cdn.com/content/v1/5013f4b2c4aaa4752ac69b17/1704097857067-LTI02N2XRJDOJ2BH0N2L/bluebell+Woodlands+Warwickshire+%2317+-+April+2022.jpg https://images.squarespace-cdn.com/content/v1/5013f4b2c4aaa4752ac69b17/1704097857037-YBRPT942C3QJWWWKTXVU/bluebell+Woodlands+Warwickshire+%2316+-+April+2022.jpg https://images.squarespace-cdn.com/content/v1/5013f4b2c4aaa4752ac69b17/1704097857071-FGDBFAN1S8XS36BCHMM8/Bluebell+Woodlands+Warwickshire+%2315+-+April+2022.jpg https://images.squarespace-cdn.com/content/v1/5013f4b2c4aaa4752ac69b17/1704097857013-6M5DDNJM8R6E1D6JHT44/Bluebell+Woodlands+Warwickshire+%2314+-+April+2022.jpg"
"","2ebcb8f2-8ba3-416f-89fe-4b6e264e0a2e","","","","","","SQ7560082","","","Available Dates","Tue 20 Apr - 10:30am - 14:30pm","","","","","","","","","","","125.00","99.00","Yes","6","","","","","","","",""
"","a2cfd934-7c4e-43a5-8014-ed1b10f75988","","","","","","SQ7443277","","","Available Dates","Tue 20 Apr All day - 5:45am - 14:30pm","","","","","","","","","","","175.00","150.00","Yes","6","","","","","","","",""
"","8eb27a8b-52bf-4759-ab0e-70ad376fb83a","","","","","","SQ8437523","","","Available Dates","Wed 21 Apr - 5:45am - 09:45am","","","","","","","","","","","125.00","99.00","Yes","6","","","","","","","",""
"","1c13c66c-e0ab-4bdb-a7a2-86f9fc555043","","","","","","SQ8685603","","","Available Dates","Wed 21 Apr - 10:30am - 14:30pm","","","","","","","","","","","125.00","99.00","Yes","6","","","","","","","",""
"","a366b9d2-2948-42bb-ada4-f28a73a5a376","","","","","","SQ1561078","","","Available Dates","Wed 21 Apr All day - 5:45am - 14:30pm","","","","","","","","","","","175.00","150.00","Yes","6","","","","","","","",""
"","ac9497d8-1c78-4874-afed-88aebe2a2f88","","","","","","SQ1660230","","","Available Dates","Thu 22 Apr - 5:45am - 09:45am","","","","","","","","","","","125.00","99.00","Yes","6","","","","","","","",""
"","4441cf84-08bc-434c-866c-32d88b3e43de","","","","","","SQ1568285","","","Available Dates","Thu 22 Apr - 10:30am - 14:30pm","","","","","","","","","","","125.00","99.00","Yes","6","","","","","","","",""
"","e15aaa18-6c2a-405c-94f8-f908c0c4091a","","","","","","SQ5411810","","","Available Dates","Thu 22 Apr All day - 5:45am - 14:30pm","","","","","","","","","","","175.00","150.00","Yes","6","","","","","","","",""
"","26ba8c82-411f-48c6-b7b4-3ac53b7b05d4","","","","","","SQ5831738","","","Available Dates","Fri 23 Apr - 5:45am - 09:45am","","","","","","","","","","","125.00","99.00","Yes","6","","","","","","","",""
"","c434d754-2d15-41f4-a2dc-7aa700a53973","","","","","","SQ3014350","","","Available Dates","Fri 23 Apr - 10:30am - 14:30pm","","","","","","","","","","","125.00","99.00","Yes","6","","","","","","","",""
"","6440ef0f-ea88-4664-8f79-cf9410b387db","","","","","","SQ5312475","","","Available Dates","Fri 23 Apr All day - 5:45am - 14:30pm","","","","","","","","","","","175.00","150.00","Yes","6","","","","","","","",""
"","08cad7f0-eab2-4ad6-a7bd-87e849f16ad4","","","","","","SQ1318075","","","Available Dates","Sat 24 Apr - 5:45am - 09:45am","","","","","","","","","","","125.00","99.00","Yes","0","","","","","","","",""
"","05a83d4f-a98a-40b6-87fc-c9757e833c0b","","","","","","SQ8270632","","","Available Dates","Sat 24 Apr - 10:30am - 14:30pm","","","","","","","","","","","125.00","99.00","Yes","6","","","","","","","",""
"","8661ee2b-6a63-44fa-9333-d3671084bdc0","","","","","","SQ4260038","","","Available Dates","Sat 24 Apr All day - 5:45am - 14:30pm","","","","","","","","","","","175.00","150.00","Yes","6","","","","","","","",""
"","c78fc994-3912-4a17-8482-d89db8d947e9","","","","","","SQ6145280","","","Available Dates","Sun 25 Apr - 5:45am - 09:45am","","","","","","","","","","","125.00","99.00","Yes","6","","","","","","","",""
"","0e0b97d2-8a8b-4214-b21d-a5a8a33f50d9","","","","","","SQ2267773","","","Available Dates","Sun 25 Apr - 10:30am - 14:30pm","","","","","","","","","","","125.00","99.00","Yes","6","","","","","","","",""
"","9bfe3516-2499-464a-80bf-09ee573334d1","","","","","","SQ2428415","","","Available Dates","Sun 25 Apr All day - 5:45am - 14:30pm","","","","","","","","","","","175.00","150.00","Yes","6","","","","","","","",""
"","6928550f-1522-43f0-ad52-d8fbf15a1d4e","","","","","","SQ6117337","","","Available Dates","Mon 26 Apr - 5:45am - 09:45am","","","","","","","","","","","125.00","99.00","Yes","6","","","","","","","",""
"","73cc7b3b-7a3c-4648-9303-8ca7e108f8c9","","","","","","SQ8500857","","","Available Dates","Mon 26 Apr - 10:30am - 14:30pm","","","","","","","","","","","125.00","99.00","Yes","6","","","","","","","",""
"","5b952e8f-6b64-49b4-9179-c62718e94a01","","","","","","SQ1516510","","","Available Dates","Mon 26 Apr All day - 5:45am - 14:30pm","","","","","","","","","","","175.00","150.00","Yes","6","","","","","","","",""
"","45932583-1461-4985-a9eb-88f585391f3f","","","","","","SQ1102782","","","Available Dates","Tue 27 Apr - 5:45am - 09:45am","","","","","","","","","","","125.00","99.00","Yes","6","","","","","","","",""
"","a3c9687f-00c0-4223-8395-d94110b76ff9","","","","","","SQ5885147","","","Available Dates","Tue 27 Apr - 10:30am - 14:30pm","","","","","","","","","","","125.00","99.00","Yes","6","","","","","","","",""
"","5d9ff539-1263-4732-8a5d-712117155f88","","","","","","SQ3102560","","","Available Dates","Tue 27 Apr All day - 5:45am - 14:30pm","","","","","","","","","","","175.00","150.00","Yes","6","","","","","","","",""
"","bc4884f7-b062-403f-a2c8-a20ed025bb31","","","","","","SQ1465142","","","Available Dates","Wed 28 Apr - 5:45am - 09:45am","","","","","","","","","","","125.00","99.00","Yes","6","","","","","","","",""
"","90c6967c-2b09-4c12-a5e7-c9e56a1fc73f","","","","","","SQ1264314","","","Available Dates","Wed 28 Apr - 10:30am - 14:30pm","","","","","","","","","","","125.00","99.00","Yes","6","","","","","","","",""
"","0f91790d-2291-4212-a6f4-f6e42a274177","","","","","","SQ8706845","","","Available Dates","Wed 28 Apr All day - 5:45am - 14:30pm","","","","","","","","","","","175.00","150.00","Yes","6","","","","","","","",""
"","98b3476a-7d2d-4e07-ade1-11187252bc10","","","","","","SQ7100218","","","Available Dates","Thu 29 Apr - 5:45am - 09:45am","","","","","","","","","","","125.00","99.00","Yes","6","","","","","","","",""
"","6510a146-1d70-4714-ba58-e1a0dbae35d8","","","","","","SQ2446216","","","Available Dates","Thu 29 Apr - 10:30am - 14:30pm","","","","","","","","","","","125.00","99.00","Yes","6","","","","","","","",""
"","29463df1-fb63-4d43-a39a-a1ba61507a54","","","","","","SQ3086312","","","Available Dates","Thu 29 Apr All day - 5:45am - 14:30pm","","","","","","","","","","","175.00","150.00","Yes","6","","","","","","","",""
"","cbad591e-3a58-4a5a-9616-03531158873a","","","","","","SQ1353684","","","Available Dates","Fri 30 Apr - 5:45am - 09:45am","","","","","","","","","","","125.00","99.00","Yes","6","","","","","","","",""
"","0b58ef5f-e00f-4bb6-9fbd-1938cc5073d6","","","","","","SQ0574386","","","Available Dates","Fri 30 Apr - 10:30am - 14:30pm","","","","","","","","","","","125.00","99.00","Yes","6","","","","","","","",""
"","7a5f3932-4d48-40cc-a4ee-8f8cbc43359e","","","","","","SQ2004510","","","Available Dates","Fri 30 Apr All day - 5:45am - 14:30pm","","","","","","","","","","","175.00","150.00","Yes","6","","","","","","","",""
"5e26e6cdcbdce948ffa3f8ef","7e773989-303e-4b61-8206-3a2bf107890c","SERVICE","photo-workshops-uk","brandon-marsh-nature-reserve-photography-workshop","Brandon Marsh Photography Workshop | Nature Reserve Coventry","<h4 style=""white-space:pre-wrap;"">Brandon Marsh Nature Reserve Photography Workshop - outskirts of Coventry - offers a variety of subjects to shoot close-up/macro or wider views. </h4>","SQ0424005","","","","","","","","","","","","","","","50.00","0.00","No","0","All Photography Workshops","coventry","","","","","No","https://images.squarespace-cdn.com/content/v1/5013f4b2c4aaa4752ac69b17/1707214623566-6JWS3BTWNOGHF60YTLIU/Photography+Workshop.jpg https://images.squarespace-cdn.com/content/v1/5013f4b2c4aaa4752ac69b17/1579684438346-3FM2EPH7J056HME597ZW/brandon-marsh-photography-workshop.jpg https://images.squarespace-cdn.com/content/v1/5013f4b2c4aaa4752ac69b17/1658911317460-HCTIAZFXMLT8BF9VKOR6/Islands.jpg https://images.squarespace-cdn.com/content/v1/5013f4b2c4aaa4752ac69b17/1658911316644-WQWZVRIANXLPY12L5CAL/Brandon+Marsh+%232.jpg https://images.squarespace-cdn.com/content/v1/5013f4b2c4aaa4752ac69b17/1658911317310-YJD4PI3Y0I8UZ25KWJNR/Brandon+Marsh+4.jpg https://images.squarespace-cdn.com/content/v1/5013f4b2c4aaa4752ac69b17/1658911317457-N5KWQCNVALGCDJSTGA3I/First+Autumn+Frost.jpg https://images.squarespace-cdn.com/content/v1/5013f4b2c4aaa4752ac69b17/1658911317344-Z7FT24MFM704HKHCDESF/Frozen+Ferns.jpg https://images.squarespace-cdn.com/content/v1/5013f4b2c4aaa4752ac69b17/1658911317249-KCD2CIFWA4L4GUFOAVHU/Teasel+Trio.jpg"
"53d3d368e4b0f70dee8dc2e7","11ac0686-ce4b-405c-9166-4cd949436e7a","SERVICE","photography-services-near-me","camera-sensor-clean","Professional Digital DSLR Camera Sensor Clean | Coventry","<h4 style=""white-space:pre-wrap;"">Get a camera sensor clean in Coventry . Sensor checked and cleaned using professional equipment, swabs | Full Frame and Cropped Sensors | 24hr Turnaround</h4>","SQ5650040","","","","","","","","","","","","","","","30.00","25.00","No","Unlimited","photography-services","sensor clean","","","","","Yes","https://images.squarespace-cdn.com/content/v1/5013f4b2c4aaa4752ac69b17/1522495201980-KD6BKH54J01HJR93XXR6/photography-support-Services-1.png https://images.squarespace-cdn.com/content/v1/5013f4b2c4aaa4752ac69b17/1706983612066-FCM4V2DFPEUGVDMQNA7I/Camera+Sensor+Clean.jpg"
"5dcc0172b5374e1d7824be37","09ea53c3-1dbe-497b-a505-a8d418d7600f","SERVICE","photo-workshops-uk","christmas-photography-workshops","Christmas Photography Seasonal Workshops | Warwickshire","<h4 style=""white-space:pre-wrap;"" data-rte-preserve-empty=""true"">Christmas photography workshops. A Leisurely Christmas photography walk and photograph the countryside - Lapworth or the Christmas lights Stratford Upon Avon photography- Warwickshire - Expert Advice Given</h4><h3 style=""text-align: start; ; white-space:pre-wrap;"" data-rte-preserve-empty=""true""><strong>Summary</strong></h3><ul data-rte-list=""default""><li><p style=""white-space:pre-wrap;"" data-rte-preserve-empty=""true""><strong><span>Location:</span></strong><span> Warwickshire</span></p></li><li><p style=""white-space:pre-wrap;"" data-rte-preserve-empty=""true""><strong><span>Dates:</span></strong><span> 2026 Dates</span></p><p style=""white-space:pre-wrap;"" data-rte-preserve-empty=""true"">Thu 10 December 2026 - 18:45 - 20:30 - Stratford Upon Avon Evening Shoot</p><p style=""white-space:pre-wrap;"" data-rte-preserve-empty=""true"">Tue, 29 December 2026 - 1 day Christmas Photo Walk 09:00 15:00</p></li><li><p style=""white-space:pre-wrap;"" data-rte-preserve-empty=""true"">Break for pub lunch around 12:45 - Not included</p></li><li><p style=""white-space:pre-wrap;"" data-rte-preserve-empty=""true""><strong><span>Participants:</span></strong><span> Max 6</span></p></li><li><p style=""white-space:pre-wrap;"" data-rte-preserve-empty=""true""><strong><span>Fitness:</span></strong><span> 2. Easy-Moderate</span></p></li><li><p style=""white-space:pre-wrap;"" data-rte-preserve-empty=""true""><strong>Experience Level:</strong> Beginner to Advanced</p></li><li><p style=""white-space:pre-wrap;"" data-rte-preserve-empty=""true""><strong>Equipment Needed: </strong>DSLR or Mirrorless Camera and Tripod</p></li><li><p style=""white-space:pre-wrap;"" data-rte-preserve-empty=""true""><strong><span>Christmas Photography Workshop Event Details</span></strong><span>: </span><a href=""/photography-workshops"" rel=""noopener""><span>Christmas Photowalk</span></a></p></li><li><p style=""white-space:pre-wrap;"" data-rte-preserve-empty=""true""><strong>Description:</strong> This Christmas Photography Workshop is the perfect way to escape the heat and fuss of the festive season — swap the wrapping paper for your camera, walk off a little of the overindulgence, and rediscover how much there is to photograph at the most atmospheric time of year. Open to all levels and any camera, it's a relaxed, sociable outing in Warwickshire with expert guidance throughout, and there's a choice of two very different sessions.</p><p style=""white-space:pre-wrap;"" data-rte-preserve-empty=""true""><strong>Stratford-upon-Avon, evening:</strong> an after-dark shoot in the heart of the town, photographing the Christmas lights and festive atmosphere. It's a chance to work long exposure, reflections and the warm glow of the season — learning to control exposure in low light and compose a strong frame out of a busy, sparkling scene rather than settling for the obvious snapshot.</p><p style=""white-space:pre-wrap;"" data-rte-preserve-empty=""true""><strong>Lapworth, daytime</strong>: the antidote to Christmas. Once the presents are unwrapped, the family politics have peaked and you've eaten your bodyweight in turkey, this leisurely day in the winter countryside is the tonic — a chance to breathe, clear your head and lose yourself in your photography for a few hours. We'll amble through frosty fields, bare woodland and quiet lanes reading the soft, low winter light, with a relaxed lunch in the middle of the day. The whole <strong>walk is under five miles at an easy, unhurried pace</strong> — gentle enough that the photography, the fresh air and the company are the whole point. The focus stays on seeing: composing with intention, working both intimate detail and wider vista, and reading light, texture and mood to make a picture that's truly yours.</p><p style=""white-space:pre-wrap;"" data-rte-preserve-empty=""true"">It's a small group of no more than six, taught personally and pitched at exactly your level, with one-to-one guidance in the field throughout. Whether you choose the festive lights of Stratford, the crisp countryside of Lapworth, or both, you'll come away with a set of atmospheric seasonal images — and a stronger eye for light, composition and winter colour that carries through long after the decorations come down. <strong>For the Lapworth day, a table is reserved in advance at a welcoming country pub, with a festive menu offering both lighter and full festive-meal options to suit every appetite. The lunch itself isn't included in the workshop fee, so you simply pay for what you choose on the day.</strong></p></li></ul>","SQ8119747","","","Dates","Thu 10 Dec 18:45- 20:30 - Stratford Upon Avon","","","","","","","","","","","50.00","0.00","No","6","All Photography Workshops, - half-day photo workshops, Landscape, Urban","christmas, warwickshire","","","","","Yes","https://images.squarespace-cdn.com/content/v1/5013f4b2c4aaa4752ac69b17/1573822266360-1I7REB8B91RNZXW2PNKP/christmas-sparkle-photography-workshop.jpg https://images.squarespace-cdn.com/content/v1/5013f4b2c4aaa4752ac69b17/1573822582828-1OHZ1B6YLBE9J0OOLBQ8/christmas-photography-workshops1.jpg https://images.squarespace-cdn.com/content/v1/5013f4b2c4aaa4752ac69b17/1707216810940-30Q68LAVZISYE0JJR00W/Christmas+photography.jpg https://images.squarespace-cdn.com/content/v1/5013f4b2c4aaa4752ac69b17/1667916439802-TA7G283QL2SM109ZE98Z/Lapworth+Reflections+Triptych+2.jpg https://images.squarespace-cdn.com/content/v1/5013f4b2c4aaa4752ac69b17/1667915787521-L99FMPHLMBYUZME3E51G/Sugar+Coated+Leaves.jpg https://images.squarespace-cdn.com/content/v1/5013f4b2c4aaa4752ac69b17/1576758586765-QTRI9ZNEUA4UI26LIBS4/christmas-photography-workshops-2.jpg https://images.squarespace-cdn.com/content/v1/5013f4b2c4aaa4752ac69b17/1667916384183-KPX3JXELXTTDIL4ZM2AQ/Brandon+Marsh+1.jpg https://images.squarespace-cdn.com/content/v1/5013f4b2c4aaa4752ac69b17/1667915742154-2AM49M5IOIXSA33R3H0U/Hay+Woods+-+2.jpg https://images.squarespace-cdn.com/content/v1/5013f4b2c4aaa4752ac69b17/1667915766101-1W9WTMFEEPO3B4ESX0NX/Plants+Hill-Pig+Wood+8.jpg https://images.squarespace-cdn.com/content/v1/5013f4b2c4aaa4752ac69b17/1667915802505-M769H9L0CBD4BXF7QZHC/First+Autumn+Frost.jpg https://images.squarespace-cdn.com/content/v1/5013f4b2c4aaa4752ac69b17/1667916364627-1KPFROAH0DWJORI9I8AB/Avalon+Marsh+%2301+-+Jun+2021.jpg"
"","c2d53cb8-8642-4031-a20b-aa611b5dad73","","","","","","SQ6178610","","","Dates","Tue 29 Dec 09:00 - 15:00 - Lapworth","","","","","","","","","","","125.00","0.00","No","6","","","","","","","",""
"5d46d53ed73cd50001207bd8","099e6192-2ea9-40c7-a993-e91dc35e3473","SERVICE","photo-workshops-uk","coastal-northumberland-photography-workshops","NORTHUMBERLAND Photography Workshops - Mar 18 - 21","<h4 style=""white-space:pre-wrap;"" data-rte-preserve-empty=""true"">Exciting 4 day residential Northumberland Landscape Photography Workshops - Coastline Photography visiting the iconic spots on the Northumbrian coast</h4><h4 style=""white-space:pre-wrap;"" data-rte-preserve-empty=""true""><br /><strong>Summary</strong></h4><ul data-rte-list=""default""><li><p style=""white-space:pre-wrap;"" data-rte-preserve-empty=""true""><strong>Location:</strong> Northumberland, Lowick</p></li><li><p style=""white-space:pre-wrap;"" data-rte-preserve-empty=""true""><strong>Dates:</strong></p><ul data-rte-list=""default""><li><p style=""white-space:pre-wrap;"" data-rte-preserve-empty=""true"">Thu 18 Mar, 13:00 - Sun 21st Mar, 13:00 2027 - 4 Days/3 Nights</p></li></ul></li><li><p style=""white-space:pre-wrap;"" data-rte-preserve-empty=""true""><strong>Participants:</strong> Max 4</p></li><li><p style=""white-space:pre-wrap;"" data-rte-preserve-empty=""true""><strong>Fitness:</strong> 2. Moderate</p></li><li><p style=""white-space:pre-wrap;"" data-rte-preserve-empty=""true""><strong>Experience Level:</strong> Beginner to Advanced</p></li><li><p style=""white-space:pre-wrap;"" data-rte-preserve-empty=""true""><strong>Equipment Needed: </strong>DSLR or Mirrorless Camera and Tripod</p></li><li><p style=""white-space:pre-wrap;"" data-rte-preserve-empty=""true""><strong>Northumberland Photography Workshops Event Details </strong><a href=""/photography-workshops"" rel=""noopener"">Northumberland</a></p></li><li><p style=""white-space:pre-wrap;"" data-rte-preserve-empty=""true""><strong><span>Description:</span></strong><span> This is a 4-day, 3-night residential Northumberland photography workshop along one of the most dramatic coastlines in Britain, open to all levels from beginner to advanced. Northumberland has more castles than any English county — over seventy — and on this coast the great ones meet the sea: Bamburgh rising from its rocky outcrop, Lindisfarne silhouetted against the North Sea, Dunstanburgh ringed by the black boulders of Embleton Beach. It's a coastline made for photographers who want history, drama and big coastal light in one trip.</span></p><p style=""white-space:pre-wrap;"" data-rte-preserve-empty=""true""><span>Based on the Northumberland coast, we spend four days chasing the best conditions across its finest locations — Bamburgh, Dunstanburgh, Lindisfarne, Beadnell, Craster and more — and because it's the east coast, you can shoot both sunrise and sunset from the same stretch of shore. The focus is on three things that define great coastal photography here: composing castles and shoreline into a strong frame, mastering long exposure to turn tide and sky into mood, and working the magical light of sunrise and sunset over the Farne Islands and empty beaches. Throughout, the emphasis isn't just on the famous castle view but on learning to see it — composing with intention, working intimate detail as readily as the grand vista, and reading light and weather as a harmony rather than chasing the obvious shot.</span></p><p style=""white-space:pre-wrap;"" data-rte-preserve-empty=""true""><span>With a maximum of just four photographers, this is genuinely personal tuition, planned each day around the tides, the light and the forecast, with a detailed location itinerary sent a few days ahead. Across four days you'll shoot empty beaches at first light, iconic castles and long-exposure seascapes — and come away with a portfolio of dramatic Northumbrian coastal images and a real command of long-exposure and coastal technique. </span><strong><span>An extra night's accommodation is available the day before if required — please request in advance, subject to hotel availability.</span></strong></p></li></ul>","SQ8540187","","","","","","","","","","","","","","","1175.00","1095.00","Yes","4","coastal, All Photography Workshops, - weekend residential photo workshops","sunrise, sunset, seascapes, northumbria, weekend","","","","","Yes","https://images.squarespace-cdn.com/content/v1/5013f4b2c4aaa4752ac69b17/eb76126f-7580-40f0-ac80-39b29897cdc7/Northumberland+-+March+2025+-+%2302.jpg https://images.squarespace-cdn.com/content/v1/5013f4b2c4aaa4752ac69b17/1564923789737-TNIFB4HP2VU377L3J9V6/northumberland-photography-workshops.png https://images.squarespace-cdn.com/content/v1/5013f4b2c4aaa4752ac69b17/1714235981485-EF5PRA0X9C6ZNGQUO265/dunstanburgh+boulders.jpg https://images.squarespace-cdn.com/content/v1/5013f4b2c4aaa4752ac69b17/924f5017-9166-4c8a-8f88-92aa65c89fc4/Northumberland+-+March+2025+-+%2301.jpg https://images.squarespace-cdn.com/content/v1/5013f4b2c4aaa4752ac69b17/1714235981492-YIB7WKUMGP9NKXQ91RPC/Craster+4.jpg https://images.squarespace-cdn.com/content/v1/5013f4b2c4aaa4752ac69b17/1714235981430-Y4G26FTL3CVCS0LONYCG/amble+tide.jpg https://images.squarespace-cdn.com/content/v1/5013f4b2c4aaa4752ac69b17/1714235981452-Z2VYQ808LWE7P02V07C1/Bamburgh+point.jpg https://images.squarespace-cdn.com/content/v1/5013f4b2c4aaa4752ac69b17/1714235981462-VYC312ZT1FAGT8JY7I5H/Craster+5.jpg https://images.squarespace-cdn.com/content/v1/5013f4b2c4aaa4752ac69b17/1714235981469-IV9WYB3NPD0KFCBUAF3P/St+Mary%27s.jpg https://images.squarespace-cdn.com/content/v1/5013f4b2c4aaa4752ac69b17/1714235981477-GAIXZ7CNR3MCX20NYRM8/Bamburgh+set.jpg https://images.squarespace-cdn.com/content/v1/5013f4b2c4aaa4752ac69b17/1714235981490-K77C4WMZP6XYKM0NE2RE/Rumbling+Kern-2.jpg https://images.squarespace-cdn.com/content/v1/5013f4b2c4aaa4752ac69b17/1714235981492-PQF6I61EA7NV3RFLQOBI/Rock+Formation+19.jpg https://images.squarespace-cdn.com/content/v1/5013f4b2c4aaa4752ac69b17/739fa716-209a-4b27-8245-21f1254cea3f/bamburgh+castle.jpg https://images.squarespace-cdn.com/content/v1/5013f4b2c4aaa4752ac69b17/ad43c03a-d397-4698-8b9c-96d233dab694/Craster+5.jpg"
"63bc2c035d421f6c47df2770","a05e4250-72b1-4f39-9217-0e50b9cec8e5","SERVICE","photo-workshops-uk","cotswolds-landscape-photography-workshop","North Cotswolds Landscape Photography Workshop | 1 Day","<h4 style=""white-space:pre-wrap;"" data-rte-preserve-empty=""true"">One day Cotswolds landscape photography workshops - North Cotswolds Countryside | All Levels Welcome | Max 4 Places | Transport Included | Sun 14th May 06:30 - 14:00</h4><p style=""white-space:pre-wrap;"" data-rte-preserve-empty=""true""><strong>Summary</strong></p><ul data-rte-list=""true""><li><p style=""white-space:pre-wrap;"" data-rte-preserve-empty=""true""><strong>Location:</strong> Cotswolds</p></li><li><p style=""white-space:pre-wrap;"" data-rte-preserve-empty=""true""><strong>Dates:</strong> Sun May 14th 2023 - 06:30 - 14:00</p></li><li><p style=""white-space:pre-wrap;"" data-rte-preserve-empty=""true""><strong>Participants:</strong> Max 4</p></li><li><p style=""white-space:pre-wrap;"" data-rte-preserve-empty=""true""><strong>Fitness:</strong> 2. Easy-Moderate</p></li><li><p style=""white-space:pre-wrap;"" data-rte-preserve-empty=""true""><strong>Experience Level:</strong> Beginner to Advanced</p></li><li><p style=""white-space:pre-wrap;"" data-rte-preserve-empty=""true""><strong>Equipment Needed: </strong>DSLR or Mirrorless Camera and Tripod</p></li><li><p style=""white-space:pre-wrap;"" data-rte-preserve-empty=""true""><strong>Cotswolds Landscape Photography Workshop Event Details</strong>: Cotswolds</p></li><li><p style=""white-space:pre-wrap;"" data-rte-preserve-empty=""true""><strong>Description: Cotswolds </strong>Landscape photography allows us to freeze moments in time, preserving the timeless beauty of nature. When photographing the quaint villages and picturesque countryside of the Cotswolds, there are several key elements to consider to encapsulate the essence of this idyllic region.</p><p style=""white-space:pre-wrap;"" data-rte-preserve-empty=""true"">1. Golden Stone Architecture</p><p style=""white-space:pre-wrap;"" data-rte-preserve-empty=""true"">The distinctive honey-colored limestone buildings characteristic of the Cotswolds create a stunning contrast against the lush greenery. Photographing these structures in the soft glow of dawn or the warm hues of sunset can add a captivating allure to the composition.</p><p style=""white-space:pre-wrap;"" data-rte-preserve-empty=""true"">2. Rolling Countryside</p><p style=""white-space:pre-wrap;"" data-rte-preserve-empty=""true"">The undulating hills and meandering streams of the Cotswolds offer endless opportunities for capturing the serene beauty of the rural landscape. Utilizing leading lines and the play of light and shadow can enhance the depth and dimension of these scenes.</p></li></ul>","SQ7349404","","","","","","","","","","","","","","","125.00","0.00","No","0","All Photography Workshops, - one day photo workshops, Landscape","warwickshire","","","","","No","https://images.squarespace-cdn.com/content/v1/5013f4b2c4aaa4752ac69b17/1673276231738-ZM3T9H8TX8U5H0T841B7/autumn+mist.jpg https://images.squarespace-cdn.com/content/v1/5013f4b2c4aaa4752ac69b17/1673280866484-A38VPP5LG7Y7N8LFONQ6/Cotswolds-photography-workshop.jpg https://images.squarespace-cdn.com/content/v1/5013f4b2c4aaa4752ac69b17/1721723162245-ZSG1I48JJEVLHNIOXLDE/Cotswolds+Landscape+Photography.jpg"
"651aa989c83e3c0339e3340a","c40b7b36-b8d9-4d01-b4f9-7aa54c321729","SERVICE","photo-workshops-uk","dartmoor-photography-landscape-workshop","DARTMOOR Photography Workshop - Landscapes - 9th - 11th Oct","<h4 style=""white-space:pre-wrap;"" data-rte-preserve-empty=""true"">Join me on this Landscape Dartmoor Photography Workshop - in the iconic woodlands, and landscape of Dartmoor Tors</h4><h3 style=""white-space:pre-wrap;"" data-rte-preserve-empty=""true""><strong>Summary</strong></h3><ul data-rte-list=""default""><li><p style=""white-space:pre-wrap;"" data-rte-preserve-empty=""true""><strong>Location:</strong> Dartmoor - South Devon</p></li><li><p style=""white-space:pre-wrap;"" data-rte-preserve-empty=""true""><strong>Dates:</strong> Fri 9th - Sun 11th Oct 2026</p></li><li><p style=""white-space:pre-wrap;"" data-rte-preserve-empty=""true""><strong>Participants:</strong> Max 4</p></li><li><p style=""white-space:pre-wrap;"" data-rte-preserve-empty=""true""><strong>Fitness:</strong> 3. Hard</p></li><li><p style=""white-space:pre-wrap;"" data-rte-preserve-empty=""true""><strong>Experience Level:</strong> Beginner to Advanced</p></li><li><p style=""white-space:pre-wrap;"" data-rte-preserve-empty=""true""><strong>Equipment Needed: </strong>DSLR or Mirrorless Camera and Tripod</p></li><li><p style=""white-space:pre-wrap;"" data-rte-preserve-empty=""true""><strong>Photography Workshop Event Details</strong><a href=""/photography-workshops"" rel=""noopener""> Dartmoor</a></p></li><li><p style=""white-space:pre-wrap;"" data-rte-preserve-empty=""true""><strong>Description:</strong> This is a 3-day, 2-night residential landscape photography workshop based around Dartmoor National Park in South Devon, open to all levels from beginner to advanced. Dartmoor is one of England's most atmospheric wild landscapes — a vast sweep of rugged open moor, dramatic granite tors, ancient stunted woodland and serene rivers running through hidden valleys — and across a weekend you'll learn to read and photograph this dramatic terrain in its ever-changing light.</p><p style=""white-space:pre-wrap;"" data-rte-preserve-empty=""true"">Over three days we range across the moor and its woodlands, working a variety of locations as the conditions dictate — from the sculptural granite tors and big moorland vistas to the mossy, otherworldly ancient woods and tumbling rivers. The focus is on three things that make a strong landscape image here: composing order from a wild, expansive scene, controlling exposure and depth of field across big tonal ranges, and timing your shoot to the moods of Dartmoor light, with optional sunrise and sunset shoots and evening picture reviews. Throughout, the emphasis isn't just on the grand vista but on learning to see it — composing with intention, working intimate detail as readily as the wide view, and reading light and weather as a harmony rather than chasing the obvious shot. Be prepared for some longer walks over rougher ground — this is a more demanding workshop that takes you to the moor's most rewarding spots.</p><p style=""white-space:pre-wrap;"" data-rte-preserve-empty=""true"">With a maximum of just four photographers, this is genuinely personal tuition — Alan plans each day around the season and the forecast, and sends a detailed location itinerary a few days ahead. Accommodation, breakfast and evening meals are included, so all you have to think about is your photography, and you'll come away with a varied portfolio of dramatic Dartmoor landscapes — moors, tors and ancient woodland — and the field craft to capture wild country anywhere. <strong>An extra night's accommodation is available the day before if required — please request in advance, subject to hotel availability.</strong></p></li></ul>","SQ5540434","","","","","","","","","","","","","","","875.00","0.00","No","4","All Photography Workshops, - weekend residential photo workshops, Landscape","snowdonia, weekend","","","","","Yes","https://images.squarespace-cdn.com/content/v1/5013f4b2c4aaa4752ac69b17/1707237329064-99H533NMXCONH5J276LM/dartmoor+photography+workshop.jpg https://images.squarespace-cdn.com/content/v1/5013f4b2c4aaa4752ac69b17/1696251111759-GZYTRC2JSILZ65ALBTIH/Dartmoor+Woodland+Photography+Plus+Moors+and+Tors+Workshops.png https://images.squarespace-cdn.com/content/v1/5013f4b2c4aaa4752ac69b17/72d1adf2-97b3-4822-bfc2-1bd38e8036ed/Haytor+Rocks+%2302+-+Oct+2023.jpg https://images.squarespace-cdn.com/content/v1/5013f4b2c4aaa4752ac69b17/1707226127119-PEFD9ELG3WFSVS3MD8K1/Dartmoor+Photography+Workshop++%283%29.jpg https://images.squarespace-cdn.com/content/v1/5013f4b2c4aaa4752ac69b17/1707226127240-1180756BPUPY9A06TW1C/Dartmoor+Photography+Workshop++%282%29.jpg https://images.squarespace-cdn.com/content/v1/5013f4b2c4aaa4752ac69b17/f4212bf9-b321-41bc-8485-74a164a12cd4/Bowermans+%2310+-+Oct+2023.jpg https://images.squarespace-cdn.com/content/v1/5013f4b2c4aaa4752ac69b17/c796cff5-2291-4cb6-a5fe-701ce13471d5/Haytor+Rocks+%2301+-+Oct+2023.jpg https://images.squarespace-cdn.com/content/v1/5013f4b2c4aaa4752ac69b17/1707226127119-KCWGOTAHSC0ONNX1ZCWK/Dartmoor+Photography+Workshop++%284%29.jpg https://images.squarespace-cdn.com/content/v1/5013f4b2c4aaa4752ac69b17/1707226127225-K64C4OOK6BGXQPPBFXZN/Dartmoor+Photography+Workshop++%285%29.jpg https://images.squarespace-cdn.com/content/v1/5013f4b2c4aaa4752ac69b17/1707226127126-LL3AI23SIXHGVH9YQ3XC/Dartmoor+Photography+Workshop+.jpg https://images.squarespace-cdn.com/content/v1/5013f4b2c4aaa4752ac69b17/557f99e8-cf0c-421a-8a59-627d960e0f9a/Bonehill+Tor+%2301+-+Oct+2023.jpg https://images.squarespace-cdn.com/content/v1/5013f4b2c4aaa4752ac69b17/7138528d-335e-47a6-9bb9-a1676286819c/Bonehill+Tor+%2304+-+Oct+2023.jpg https://images.squarespace-cdn.com/content/v1/5013f4b2c4aaa4752ac69b17/99713a31-c418-4753-babc-5940b0e6f01e/Bonehill+Tor+%2307+-+Oct+2023.jpg https://images.squarespace-cdn.com/content/v1/5013f4b2c4aaa4752ac69b17/d71f6840-2c40-4b33-ae83-a6ce34ab9f45/Bonehill+Tor+%2309+-+Oct+2023.jpg https://images.squarespace-cdn.com/content/v1/5013f4b2c4aaa4752ac69b17/23be06ac-6ba2-48b1-893e-190b269fba9d/Bonehill+Tor+%2312+-+Oct+2023.jpg https://images.squarespace-cdn.com/content/v1/5013f4b2c4aaa4752ac69b17/d789f6c7-1665-4e40-8b52-b488b319cd90/Bonehill+Tor+%2316+-+Oct+2023.jpg https://images.squarespace-cdn.com/content/v1/5013f4b2c4aaa4752ac69b17/22078891-11e3-4d75-8204-0418c5e51445/Bonehill+Tor+%2317+-+Oct+2023.jpg https://images.squarespace-cdn.com/content/v1/5013f4b2c4aaa4752ac69b17/c130fce5-0d8a-4a4a-8c14-f7c362c32b6b/Bowermans+%2303+-+Oct+2023.jpg https://images.squarespace-cdn.com/content/v1/5013f4b2c4aaa4752ac69b17/35e3f6ae-73cc-46ab-bc27-af778c9beb91/Bowermans+%2309+-+Oct+2023.jpg"
"5dde6365e59abc3a72382ab2","ea37d5f4-e1d6-42e7-8ffa-5592397dd93b","SERVICE","photo-workshops-uk","dorset-landscape-photography-workshop","DORSET Landscape Photography Workshop Purbeck 25 - 27 Sep","<h4 style=""white-space:pre-wrap;"" data-rte-preserve-empty=""true"">Join me on this 3-day/2-night fantastic Dorset Photography workshop along the Jurassic coastline of Dorset - Purbeck</h4><h4 style=""white-space:pre-wrap;"" data-rte-preserve-empty=""true""><strong>Summary - Dorset Landscape Photography</strong></h4><ul data-rte-list=""default""><li><p style=""white-space:pre-wrap;"" data-rte-preserve-empty=""true""><strong>Location:</strong> Dorset</p></li><li><p style=""white-space:pre-wrap;"" data-rte-preserve-empty=""true""><strong>Dates:</strong> Fri 2nd - Sun 4th Oct 2026 3 Days/2 Nights</p><p style=""white-space:pre-wrap;"" data-rte-preserve-empty=""true"">(Price includes B&amp;B and evening meal - Half Board)</p></li><li><p style=""white-space:pre-wrap;"" data-rte-preserve-empty=""true""><strong>Participants:</strong> Max 4</p></li><li><p style=""white-space:pre-wrap;"" data-rte-preserve-empty=""true""><strong>Fitness:</strong> 3. Moderate</p></li><li><p style=""white-space:pre-wrap;"" data-rte-preserve-empty=""true""><strong>Experience Level:</strong> Beginner to Advanced</p></li><li><p style=""white-space:pre-wrap;"" data-rte-preserve-empty=""true""><strong>Equipment Needed: </strong>DSLR or Mirrorless Camera and Tripod</p></li><li><p style=""white-space:pre-wrap;"" data-rte-preserve-empty=""true""><strong>Photography Workshop Event Details</strong> <a href=""/photography-workshops"" rel=""noopener"">Dorset</a></p></li><li><p style=""white-space:pre-wrap;"" data-rte-preserve-empty=""true""><strong>Description:</strong> This is a 3-day, 2-night residential landscape photography workshop along the Jurassic Coast of Dorset, open to all levels from beginner to advanced. Dorset's Purbeck coastline is one of the UK's great seascape locations — a prehistoric, World Heritage shore of sculpted arches, sea stacks and folded cliffs, with the iconic Durdle Door and Lulworth Cove at its heart — and across a weekend you'll learn to photograph it in its best light.</p><p style=""white-space:pre-wrap;"" data-rte-preserve-empty=""true"">Based on the Purbeck coast, we work the area's finest locations — from Durdle Door, Man O'War and Lulworth Cove to Kimmeridge, Dancing Ledge, Mupe Bay and the ghost village of Tyneham. The focus is on three things that make a strong coastal image: composing rock, sea and sky into a balanced frame, using long exposure to turn the moving water into mood, and timing your shoot to the light and the tide. It's never prescriptive though — this varied coastline lends itself to any style, so whether you're drawn to classic seascapes, black and white or abstract, there's scope to follow your own creative vision; throughout, the emphasis is on learning to see, composing with intention and reading light and tone as a harmony rather than chasing the obvious shot. There are optional sunrise and sunset shoots and evenings for relaxed picture reviews.</p><p style=""white-space:pre-wrap;"" data-rte-preserve-empty=""true"">With a maximum of just four photographers, this is genuinely personal tuition — Alan plans each day around the tides, the season and the forecast, and sends a detailed location itinerary a few days ahead. B&amp;B accommodation and an evening meal are included, so all you have to think about for three days is your photography, and you'll come away with a portfolio of dramatic Jurassic Coast images and a real command of seascape and long-exposure technique. <strong>An extra night's accommodation is available the day before if required — please request in advance, subject to hotel availability.</strong></p></li></ul>","SQ2754105","","","","","","","","","","","","","","","925.00","775.00","No","4","coastal, All Photography Workshops, - weekend residential photo workshops","dorset, weekend","","","","","Yes","https://images.squarespace-cdn.com/content/v1/5013f4b2c4aaa4752ac69b17/1714681245814-0QW8DK4XQ18FM0JLBXYN/Harry+Rocks+%2301+-+Mar+2024.jpg https://images.squarespace-cdn.com/content/v1/5013f4b2c4aaa4752ac69b17/1707247667010-M56EF0XUMGZMU6063BAO/dorset+landscape+photography.jpg https://images.squarespace-cdn.com/content/v1/5013f4b2c4aaa4752ac69b17/1714681245776-OXMAR8FXID59MRG1MH5U/Harry+Rocks+%2302+-+Mar+2024.jpg https://images.squarespace-cdn.com/content/v1/5013f4b2c4aaa4752ac69b17/1714681245763-X5OZUGMWJU72VAQZ8YHX/Peveril+Point+%2303+-+March+2022.jpg https://images.squarespace-cdn.com/content/v1/5013f4b2c4aaa4752ac69b17/1714681245762-WYAOO96X62HDS8SH91IN/durdle+door.jpg https://images.squarespace-cdn.com/content/v1/5013f4b2c4aaa4752ac69b17/1714681245775-GIRRI0NT3BBIXPEN013X/iPhone+-+Corfe+Castle+%2303+-+July+2021.jpg https://images.squarespace-cdn.com/content/v1/5013f4b2c4aaa4752ac69b17/1714681245804-OTDRJ78RA3AEVRR46ERJ/Kimmeridge+Bay+%2309+-+March+2022.jpg https://images.squarespace-cdn.com/content/v1/5013f4b2c4aaa4752ac69b17/1714681245814-H2HUYCPJ5IR8S9HAYJF8/Swanage+%2301+-+March+2024.jpg https://images.squarespace-cdn.com/content/v1/5013f4b2c4aaa4752ac69b17/1714681245816-13OX8Y55AU5OHB4OE3WH/Lulworth+Cove+%2302+-+March+2022.jpg https://images.squarespace-cdn.com/content/v1/5013f4b2c4aaa4752ac69b17/1714681245816-TCVVL659663DQQ94J65B/Lulworth+Cove+%2304+-+March+2022.jpg https://images.squarespace-cdn.com/content/v1/5013f4b2c4aaa4752ac69b17/1714681245817-YDM3HDNVLOE3BJIS8EET/iPhone+-+Woorbarrow%2C+Dorset+-+July+2021.jpg https://images.squarespace-cdn.com/content/v1/5013f4b2c4aaa4752ac69b17/1714681245953-DRWRRJ39TYJZWMRRX8FH/corfe+castle.jpg"
"644522e64d4b020935b4fd3f","637a0ce5-7c1f-4c3f-ad29-623b18735248","SERVICE","photo-workshops-uk","exmoor-photography-workshops-lynmouth","EXMOOR Photography Workshop - Sat 18 - Sun 19 Jul 2026","<h4 style=""white-space:pre-wrap;"" data-rte-preserve-empty=""true""><span>Lynmouth - Exmoor Photography Workshop - Join me for this exciting and inspiring trip to explore and capture the stunning coastal landscapes and breathtaking natural beauty of North Devon.</span></h4><h4 style=""white-space:pre-wrap;"" data-rte-preserve-empty=""true""><strong>Summary</strong></h4><ul data-rte-list=""default""><li><p style=""white-space:pre-wrap;"" data-rte-preserve-empty=""true""><strong>Location:</strong> Lynmouth - Exmoor</p></li><li><p style=""white-space:pre-wrap;"" data-rte-preserve-empty=""true""><strong>Dates:</strong> Sat 18 10:30 - Sun 19 July 14:00 2026 2 Days/1 Night</p></li><li><p style=""white-space:pre-wrap;"" data-rte-preserve-empty=""true""><strong>Participants:</strong><span>Max 4 (1 Car, transport between locations included)</span></p></li><li><p style=""white-space:pre-wrap;"" data-rte-preserve-empty=""true""><strong>Fitness:</strong> 1. Easy (5-15 min walks)</p></li><li><p style=""white-space:pre-wrap;"" data-rte-preserve-empty=""true""><strong>Experience Level:</strong> Beginner to Advanced</p></li><li><p style=""white-space:pre-wrap;"" data-rte-preserve-empty=""true""><strong>Equipment Needed: </strong>DSLR or Mirrorless Camera and Tripod</p></li><li><p style=""white-space:pre-wrap;"" data-rte-preserve-empty=""true""><strong>Exmoor Photography Workshop Event Details</strong> <a href=""/photography-workshops"" rel=""noopener"">Lynmouth</a></p></li><li><p style=""white-space:pre-wrap;"" data-rte-preserve-empty=""true""><strong>Description:</strong> This is a 2-day, 1-night residential seascape photography workshop based at Lynmouth on the dramatic Exmoor coast of North Devon, open to all levels from beginner to advanced. Lynmouth is a photographer's paradise — where the East and West Lyn rivers meet the sea beneath towering cliffs, fringed by secluded bays, weathered rock formations and the quaint harbour village with its iconic Rhenish Tower. It's a compact, richly varied coastline that rewards a focused weekend of shooting.</p><p style=""white-space:pre-wrap;"" data-rte-preserve-empty=""true"">Over two days we work the area's finest coastal locations — from the secluded bays and rock formations around Lynmouth and the sweeping Valley of Rocks to Watersmeet, Heddon's Mouth and Porlock Weir. The focus is on three things that make a strong seascape: composing rock, water and sky into a balanced frame, using long exposure to turn the moving sea into mood, and timing your shoot to the light and the tide. Throughout, the emphasis isn't just on the grand view but on learning to see it — composing with intention, working intimate detail as readily as the wide vista, and reading light and tide as a harmony rather than chasing the obvious shot. The days follow the conditions — full days on location with tuition, an optional sunset shoot, and an optional sunrise, with evenings for relaxed picture reviews.</p><p style=""white-space:pre-wrap;"" data-rte-preserve-empty=""true"">With a maximum of just four photographers and transport between locations included, this is genuinely personal, hassle-free tuition — Alan plans each day around the tides, the season and the forecast, and sends a detailed location itinerary a few days ahead. Accommodation and breakfast are included, so all you have to think about is your photography, and you'll come away with a portfolio of dramatic Exmoor seascapes and the field craft to read light and tide on any coast. <strong>An extra night's accommodation is available the day before if required — please request in advance, subject to hotel availability.</strong></p></li></ul>","SQ8057321","","","","","","","","","","","","","","","575.00","525.00","No","2","coastal, All Photography Workshops, - weekend residential photo workshops","devon","","","","","Yes","https://images.squarespace-cdn.com/content/v1/5013f4b2c4aaa4752ac69b17/1714638630127-79B9OMJPFF60L8Q9VLJL/Timeless+Memories.jpg https://images.squarespace-cdn.com/content/v1/5013f4b2c4aaa4752ac69b17/1574601098937-K4WD2VXQZ9TM9Z1044ES/devon-seascapes-photography-workshopjpg.jpg https://images.squarespace-cdn.com/content/v1/5013f4b2c4aaa4752ac69b17/1714638630023-14JTWDNEE3DV9TECL10Z/Heddons+Mouth+explosions.jpg https://images.squarespace-cdn.com/content/v1/5013f4b2c4aaa4752ac69b17/1714638630208-SEZ0B44HYZ5R8BL8GLCZ/porlock-2.jpg https://images.squarespace-cdn.com/content/v1/5013f4b2c4aaa4752ac69b17/1714638630011-NAWR9LKQG3GLG67FE4N6/decay.jpg https://images.squarespace-cdn.com/content/v1/5013f4b2c4aaa4752ac69b17/1714638630152-Z0IEM0LQ09A2BQA9JF76/porlock.jpg https://images.squarespace-cdn.com/content/v1/5013f4b2c4aaa4752ac69b17/1714638630175-Z6018P402IJPYL8J6I35/lynmouth.jpg https://images.squarespace-cdn.com/content/v1/5013f4b2c4aaa4752ac69b17/1714638630175-AHSNTM8SJ8CNDAZ1JQQF/watersmeet.jpg https://images.squarespace-cdn.com/content/v1/5013f4b2c4aaa4752ac69b17/1714638630178-1LBIK8PWYEEFPN4VZPZK/rapids.jpg https://images.squarespace-cdn.com/content/v1/5013f4b2c4aaa4752ac69b17/1714638630185-LYOVT469SD90EDY280Z5/porlock+posts.jpg https://images.squarespace-cdn.com/content/v1/5013f4b2c4aaa4752ac69b17/1721727634316-YHIJQ4Y5LAUEB1DEPHB1/exmoor+photography.jpg"
"5d2b1f9f80735f000178c809","f6d0bbf7-24a2-4c10-8da7-322d7f0036a0","SERVICE","photography-services-near-me","fine-art-photography-prints-canvas","Fine Art Photography Prints - Canvas wrap-round - Multi Size","<h4 style=""white-space:pre-wrap;"">Fine Art Photography Prints - Canvas wrap-round creates a contemporary finish to your photo- available in seven sizes. Include in the image title when ordering</h4>","SQ0105911","","","Size","16x12 Canvas Wrap Round","","","","","","","","","","","135.95","0.00","No","Unlimited","print","canvas, print","","","","","Yes","https://images.squarespace-cdn.com/content/v1/5013f4b2c4aaa4752ac69b17/1572426141642-UH9GBUDOUFH8QMTUA0KA/cavas%2Bsizes.jpg https://images.squarespace-cdn.com/content/v1/5013f4b2c4aaa4752ac69b17/1572426141756-7ZJB807T8BPFY690YE55/60x40%2Bcanvas.jpg https://images.squarespace-cdn.com/content/v1/5013f4b2c4aaa4752ac69b17/1572426142297-OWPJA5JA1ZLWZCRVGNKS/48x36%2Bcanvas.jpg https://images.squarespace-cdn.com/content/v1/5013f4b2c4aaa4752ac69b17/1572426142417-LSG5TGBRHOYHK04197RF/40x30%2Bcanvas.jpg https://images.squarespace-cdn.com/content/v1/5013f4b2c4aaa4752ac69b17/1572426140509-QRPZZSLE4EAKMD92NG4I/36x24%2Bcanvas.jpg https://images.squarespace-cdn.com/content/v1/5013f4b2c4aaa4752ac69b17/1572426140489-L83H6XKI7M3P0XPI9TLZ/30x20%2Bcanvas.jpg https://images.squarespace-cdn.com/content/v1/5013f4b2c4aaa4752ac69b17/1572426141019-IJY3LL4KE6RLMFIEWKM4/24x16%2Bcanvas.jpg https://images.squarespace-cdn.com/content/v1/5013f4b2c4aaa4752ac69b17/1572426141169-3XH2J5G434GGJK7YI0A0/16x12%2Bcanvas.jpg https://images.squarespace-cdn.com/content/v1/5013f4b2c4aaa4752ac69b17/1721724602077-F1IC64QXAN10JQGH8XP3/Fine+Art+Photography+Prints.png"
"","1685f39a-0977-44ce-a0fb-4d2e62a8a33c","","","","","","SQ4206024","","","Size","24x16 Canvas Wrap Round","","","","","","","","","","","177.95","0.00","No","Unlimited","","","","","","","",""
"","00c272e1-0eac-4553-82b4-b05bd23507f9","","","","","","SQ0781804","","","Size","30x20 Canvas Wrap Round","","","","","","","","","","","219.95","0.00","No","Unlimited","","","","","","","",""
"","39afcc2c-1c5c-4e34-b840-a8725578e09b","","","","","","SQ3982814","","","Size","36x24 Canvas Wrap Round","","","","","","","","","","","306.95","0.00","No","Unlimited","","","","","","","",""
"","f73b1926-5e96-4d33-ba50-baaa68a56dbf","","","","","","SQ8209269","","","Size","40x30 Canvas Wrap Round","","","","","","","","","","","336.65","0.00","No","Unlimited","","","","","","","",""
"","760308a8-01c5-4dae-a6b2-c9d52a01bff7","","","","","","SQ7901040","","","Size","48x36 Canvas Wrap Round","","","","","","","","","","","414.95","0.00","No","Unlimited","","","","","","","",""
"","e131074f-b011-4c60-a734-b1a88e27d5ba","","","","","","SQ7260825","","","Size","60x40 Canvas Wrap Round","","","","","","","","","","","459.95","0.00","No","Unlimited","","","","","","","",""
"5d2dcae32daa030001a6d19e","99468dea-7730-4bc0-883e-89a027218ebf","SERVICE","photography-services-near-me","fine-art-photography-prints-unframed","Fine Art Photography Prints - Unframed Prints - Multi Sizes","<h4 style=""white-space:pre-wrap;"">Fine Art Photography Prints available in seven sizes. Giclee print on archival paper. Please include in the image title when ordering | Pro-Lab Printing</h4>","SQ4872440","","","Size","16x12 Print","","","","","","","","","","","50.57","0.00","No","Unlimited","print","print, print-only","","","","","Yes","https://images.squarespace-cdn.com/content/v1/5013f4b2c4aaa4752ac69b17/1707240002916-MMJ7CA3MX9HLO60532BO/fine+art+photography+prints.jpg https://images.squarespace-cdn.com/content/v1/5013f4b2c4aaa4752ac69b17/1572426745531-1MZ0LWRB0O41CLRFK6M0/Print%2Bsizes.jpg https://images.squarespace-cdn.com/content/v1/5013f4b2c4aaa4752ac69b17/1572426746050-4NU05ISZM94OR7437KTS/60x40%2Bprint.jpg https://images.squarespace-cdn.com/content/v1/5013f4b2c4aaa4752ac69b17/1572426746213-0CBS1VBH3WLNGMLPUWIG/48x36%2Bprint.jpg https://images.squarespace-cdn.com/content/v1/5013f4b2c4aaa4752ac69b17/1572426744185-WO52B187ZPDA0ZLOXE3T/40x30%2Bprint.jpg https://images.squarespace-cdn.com/content/v1/5013f4b2c4aaa4752ac69b17/1572426744173-CSHVEGU8W3FUUEJE4HHG/36x24%2Bprint.jpg https://images.squarespace-cdn.com/content/v1/5013f4b2c4aaa4752ac69b17/1572426744800-PBW4GMYVVSAZYRRT2OPA/30x20%2Bprint.jpg https://images.squarespace-cdn.com/content/v1/5013f4b2c4aaa4752ac69b17/1572426744856-JJMG3ARDD4F9YD52K6EN/24x16%2Bprint.jpg https://images.squarespace-cdn.com/content/v1/5013f4b2c4aaa4752ac69b17/1572426745438-Y4UWLF657VA2X5K5YM0T/16x12%2Bprint.jpg"
"","235fff60-ec9d-4de3-ba6f-f6af5ed75cae","","","","","","SQ0453600","","","Size","24x16 Print","","","","","","","","","","","95.78","0.00","No","Unlimited","","","","","","","",""
"","65fd110f-6b80-432e-a26b-181c8105341d","","","","","","SQ7485354","","","Size","30x20 Print","","","","","","","","","","","138.86","0.00","No","Unlimited","","","","","","","",""
"","5a52b3ff-ca93-4d0d-ad9a-2847ce38d281","","","","","","SQ0167262","","","Size","36x24 Print","","","","","","","","","","","161.38","0.00","No","Unlimited","","","","","","","",""
"","dc39aad9-ce9a-4e19-b487-e5bb10e42b05","","","","","","SQ1664775","","","Size","40x30 Print","","","","","","","","","","","217.23","0.00","No","Unlimited","","","","","","","",""
"","50daa3d4-fd92-4f09-bb09-fc0b169817c1","","","","","","SQ0377820","","","Size","48x36 Print","","","","","","","","","","","305.05","0.00","No","Unlimited","","","","","","","",""
"","29c29d47-2caf-46fa-8cf1-faedc2bd71b0","","","","","","SQ8780582","","","Size","60x40 Print","","","","","","","","","","","416.85","0.00","No","Unlimited","","","","","","","",""
"63594ef26db66b1bd58e000f","b3e865b0-649b-44ef-8a43-03a90a5cb73e","SERVICE","photo-workshops-uk","fireworks-photography-workshop-kenilworth","Fireworks Photography Workshop | Long Exposure | Kenilworth","<h4 style=""white-space:pre-wrap;"" data-rte-preserve-empty=""true"">Fireworks Photography Workshop - Long exposure and fireworks. Learn about camera settings, exposure use and composition.</h4><p style=""white-space:pre-wrap;"" data-rte-preserve-empty=""true""><strong>Summary</strong></p><ul data-rte-list=""default""><li><p style=""white-space:pre-wrap;"" data-rte-preserve-empty=""true""><strong>Location:</strong> Kenilworth</p></li><li><p style=""white-space:pre-wrap;"" data-rte-preserve-empty=""true""><strong>Dates:</strong> TBC</p></li><li><p style=""white-space:pre-wrap;"" data-rte-preserve-empty=""true""><strong>Participants:</strong> Max 4</p></li><li><p style=""white-space:pre-wrap;"" data-rte-preserve-empty=""true""><strong>Fitness:</strong> 1. Easy</p></li><li><p style=""white-space:pre-wrap;"" data-rte-preserve-empty=""true""><strong>Experience Level:</strong> Beginner to Advanced</p></li><li><p style=""white-space:pre-wrap;"" data-rte-preserve-empty=""true""><strong>Equipment Needed: </strong>DSLR or Mirrorless Camera and Tripod</p></li><li><p style=""white-space:pre-wrap;"" data-rte-preserve-empty=""true""><strong>Photography Workshop Event Details</strong>: <a href=""/photography-workshops"" rel=""noopener"">Fireworks</a></p></li><li><p style=""white-space:pre-wrap;"" data-rte-preserve-empty=""true""><strong>Description:</strong> This Fireworks Photography Workshop is a one-off evening capturing one of the most exciting subjects in photography — a full fireworks display bursting over the floodlit ruins of Kenilworth Castle. Open to all levels and any camera, it's built around the Round Table's spectacular annual display, and the magical, fleeting moment when long exposure turns streaking light and exploding colour into a single dramatic image with the castle as its backdrop.</p><p style=""white-space:pre-wrap;"" data-rte-preserve-empty=""true"">Fireworks look chaotic but reward a calm, technical approach, and that's exactly what we'll work on. The focus is on three things that make the difference between a lucky snap and a controlled image: setting up for long exposure — shutter, aperture and the timing that lets you build a burst on the sensor — composing the frame so the castle and the sky work together rather than fighting, and reading the rhythm of the display to know when to open and close the shutter. You'll learn to anticipate rather than react, and to keep shooting cleanly when the sky is at its busiest.</p><p style=""white-space:pre-wrap;"" data-rte-preserve-empty=""true"">It's a small group of no more than four, taught personally and right beside you in the dark, so you get real one-to-one guidance exactly when the action is happening. Better still, we photograph from outside the castle walls, so there's no admission ticket to buy for the display. You'll come away with a set of dramatic fireworks images over a historic castle — and the long-exposure and timing skills to photograph fireworks, light trails and night scenes anywhere. (Please note this is an annual event with the date set by the organisers, so timing is confirmed each year nearer the display.)</p></li></ul>","SQ1182401","","","","","","","","","","","","","","","75.00","0.00","No","0","All Photography Workshops, - half-day photo workshops","","","","","","Yes","https://images.squarespace-cdn.com/content/v1/5013f4b2c4aaa4752ac69b17/1713518270092-GJSBASA0ZLL4NBMCK355/Kenilworth+Fireworks+2017+-+2.jpg https://images.squarespace-cdn.com/content/v1/5013f4b2c4aaa4752ac69b17/1643977156075-OMKKSELUOXELS787GF9M/long-exposure-photography.jpg https://images.squarespace-cdn.com/content/v1/5013f4b2c4aaa4752ac69b17/1713518270070-6UPI7MNVV61QE7G3B8OY/kenilworth+fireworks+2015+-+%2316.jpg https://images.squarespace-cdn.com/content/v1/5013f4b2c4aaa4752ac69b17/1713518270092-Q5YEOZFHTINKDSWMG4UD/kenilworth+Fireworks+2014-3.jpg https://images.squarespace-cdn.com/content/v1/5013f4b2c4aaa4752ac69b17/1713518270098-I6KWAM72NN6Q959ME3CX/ice+flakes.jpg https://images.squarespace-cdn.com/content/v1/5013f4b2c4aaa4752ac69b17/1713518270099-OPS65MPODEJ34SK6I53O/kenilworth+fireworks+2015+-+%2303.jpg https://images.squarespace-cdn.com/content/v1/5013f4b2c4aaa4752ac69b17/1713518270100-0PTXI2GJ9TGYYSPHDVUZ/kenilworth+fireworks+2015+-+%2307.jpg https://images.squarespace-cdn.com/content/v1/5013f4b2c4aaa4752ac69b17/1713518270100-P8TEF4QDL1QITCDEBN06/kenilworth+Dandelions.jpg https://images.squarespace-cdn.com/content/v1/5013f4b2c4aaa4752ac69b17/1721727798398-HDBXHQYIOY21H0ZKIKC7/fireworks+photography+%282%29.jpg"
"5ba115d388251bcae140b69c","8adf3ce4-5d46-4142-aee3-5bce43fab6f7","SERVICE","photography-services-near-me","four-private-photography-classes","4 x 2hr Private Photography Classes - Face to Face Coventry","<h4 style=""white-space:pre-wrap;"" data-rte-preserve-empty=""true"">4 &times; 2hr Private Photography Classes (Face to Face, Coventry)</h4><h3 style=""white-space:pre-wrap;"" data-rte-preserve-empty=""true"">Summary - Private Photography Classes (Face to Face) - Key Information</h3><ul data-rte-list=""default""><li><p style=""white-space:pre-wrap;"" data-rte-preserve-empty=""true""><strong>Location:</strong> Coventry (face to face)</p></li><li><p style=""white-space:pre-wrap;"" data-rte-preserve-empty=""true""><strong>Format:</strong> Private 1-2-1 tuition, in person</p></li><li><p style=""white-space:pre-wrap;"" data-rte-preserve-empty=""true""><strong>Sessions:</strong> 4 &times; 2hr classes, scheduled to suit you</p></li><li><p style=""white-space:pre-wrap;"" data-rte-preserve-empty=""true""><strong>Availability:</strong> Mon–Fri, 9am–5pm</p></li><li><p style=""white-space:pre-wrap;"" data-rte-preserve-empty=""true""><strong>Validity:</strong> Pay now, book dates later — you'll be sent a code to book your dates</p></li><li><p style=""white-space:pre-wrap;"" data-rte-preserve-empty=""true""><strong>Level:</strong> All levels, beginner to advanced</p></li><li><p style=""white-space:pre-wrap;"" data-rte-preserve-empty=""true""><strong>Description:</strong> A package of four private, face-to-face photography classes in Coventry — two hours each, tailored entirely to you and what you want to learn or improve.</p></li></ul>","SQ6583676","","","Hrs","4 x 2hr sessions - weekday daytime","","","","","","","","","","","480.00","360.00","Yes","Unlimited","1-2-1-private-lessons, photography-classes, photography-tuition, photography-courses","coventry","","","","","Yes","https://images.squarespace-cdn.com/content/v1/5013f4b2c4aaa4752ac69b17/1522495550918-139R34YFWLG3Q89CXENT/PRIVATE-PHOTOGRAPHY-LESSONS.png https://images.squarespace-cdn.com/content/v1/5013f4b2c4aaa4752ac69b17/1593775450613-RMK5RLZ01NBWI4OL7QOB/4x2hr-private-photography-lessons.jpg https://images.squarespace-cdn.com/content/v1/5013f4b2c4aaa4752ac69b17/1721729469742-1JDP13SR431S55BI0C59/Private+Photography+Classes.jpg"
"5d2dd5d69a283b00018be5b0","f36554c9-5fdf-489a-8854-d630c2be4029","SERVICE","photography-services-near-me","framed-fine-art-photography-prints","Framed Fine Art Photography Prints - Multiple Sizes","<h4 style=""white-space:pre-wrap;"">Fine Art Photography Prints - Giclee Framed Prints available in four sizes. Black frame with white mount. Please include in the image title when ordering </h4>","SQ6825544","","","Size","16x12 Print (with Frame 20x16)","","","","","","","","","","","133.85","0.00","No","Unlimited","print","framed-prints, print","","","","","Yes","https://images.squarespace-cdn.com/content/v1/5013f4b2c4aaa4752ac69b17/1707240165500-DB965TUR2FYMNEFPXS90/fine+art+photography+prints+-+framed.jpg https://images.squarespace-cdn.com/content/v1/5013f4b2c4aaa4752ac69b17/1572425577888-JJ1VS3I2EETFDH3K4V5D/48x36%2Bframe.jpg https://images.squarespace-cdn.com/content/v1/5013f4b2c4aaa4752ac69b17/1572425576748-JSODLDF4SW9PAVR729NT/40x30%2Bframe.jpg https://images.squarespace-cdn.com/content/v1/5013f4b2c4aaa4752ac69b17/1572425576841-B5H1QNEOVAPQP4E48AN3/30x20%2Bframe.jpg https://images.squarespace-cdn.com/content/v1/5013f4b2c4aaa4752ac69b17/1572425577302-OFG9QL4APIJ3ND7IT091/20x16%2Bframe.jpg"
"","8db516f2-f04b-4b56-a166-00dbf1801917","","","","","","SQ3786581","","","Size","24x16 Print (with Frame 30x20)","","","","","","","","","","","191.50","0.00","No","Unlimited","","","","","","","",""
"","5e5b92de-72f3-4f0e-ac71-819b0c1977e0","","","","","","SQ1355351","","","Size","30x20 Print (with Frame 40x30)","","","","","","","","","","","267.43","0.00","No","Unlimited","","","","","","","",""
"","576a83e8-650b-4ec5-809a-9b7195464cec","","","","","","SQ0156134","","","Size","36x24 Print (with Frame 48x36)","","","","","","","","","","","356.90","0.00","No","Unlimited","","","","","","","",""
"612b52cc22f4ea70425a22b2","050ba423-52d1-40ef-8751-b27302145608","SERVICE","photo-workshops-uk","garden-photography-workshop","The Art of GARDEN PHOTOGRAPHY  - Coventry -  May and July","<h4 style=""white-space:pre-wrap;"" data-rte-preserve-empty=""true"">Join us for an unforgettable journey into macro and abstract on this garden photography workshop. Secure your spot today and embark on a transformative learning experience in <strong><span>garden photography.</span></strong></h4><p style=""white-space:pre-wrap;"" data-rte-preserve-empty=""true""><strong>Summary</strong></p><ul data-rte-list=""default""><li><p style=""white-space:pre-wrap;"" data-rte-preserve-empty=""true""><strong>Location:</strong> Coventry - CV4</p></li><li><p style=""white-space:pre-wrap;"" data-rte-preserve-empty=""true""><strong>Dates:</strong></p><ul data-rte-list=""default""><li><p style=""white-space:pre-wrap;"" data-rte-preserve-empty=""true""> Dates</p><ul data-rte-list=""default""><li><p style=""white-space:pre-wrap;"" data-rte-preserve-empty=""true"">Sun Jul 12th 2026 - 15:00 - 17:00</p></li><li><p style=""white-space:pre-wrap;"" data-rte-preserve-empty=""true"">Sun May 23rd 2027 - 15:00 - 17:00</p></li></ul></li></ul></li><li><p style=""white-space:pre-wrap;"" data-rte-preserve-empty=""true""><strong>Participants:</strong> Max 4</p></li><li><p style=""white-space:pre-wrap;"" data-rte-preserve-empty=""true""><strong>Fitness:</strong> 1. Easy</p></li><li><p style=""white-space:pre-wrap;"" data-rte-preserve-empty=""true""><strong>Experience Level:</strong> Beginner to Advanced</p></li><li><p style=""white-space:pre-wrap;"" data-rte-preserve-empty=""true""><strong>Equipment Needed: </strong>DSLR or Mirrorless Camera and Tripod</p></li><li><p style=""white-space:pre-wrap;"" data-rte-preserve-empty=""true""><strong>Photography Workshop Event Details </strong><a href=""/photography-workshops"" rel=""noopener"">Garden Photography</a></p></li><li><p style=""white-space:pre-wrap;"" data-rte-preserve-empty=""true""><strong>Description:</strong> This Garden Photography Workshop is an intimate afternoon in Alan's own private garden in Coventry — his personal creative studio, a space he knows intimately and tends with a photographer's eye — open to all levels and any camera. A garden is one of the richest and most overlooked subjects there is: get close and the flowers, foliage, structures and borders reveal endless macro, close-up and abstract images, and this relaxed half-day is all about learning to <em>see</em> them, then photograph them with intention.</p><p style=""white-space:pre-wrap;"" data-rte-preserve-empty=""true"">The technical craft is the floor we build on — getting sharp focus, using your lens for macro and close-up detail, and controlling exposure and depth of field — but the real work is learning to look. You'll be given four photography assignments with guidance notes that push you to experiment and vary your approach, from intimate macro to wider garden portraits, training your eye to find the abstract within the planting and to compose with real intention. Throughout, the emphasis is on reading colour, light and texture as a harmony — letting the flowers sing without tipping into the loud, over-saturated shot — so your images feel considered and your own, not the obvious bloom-in-the-middle snap. Image reviews and feedback on a large screen in the gazebo help you see what's working and why.</p><p style=""white-space:pre-wrap;"" data-rte-preserve-empty=""true"">Places are limited to just four, so this is genuinely personal tuition, with Alan on hand for settings, composition and one-to-one guidance the whole time — and tea, coffee and cake served throughout. You'll come away with your own portfolio of garden images, and a sharper, more intentional way of seeing detail, colour and light that changes how you photograph flowers and nature everywhere.</p></li></ul>","SQ3644687","","","Dates","Sun Jul 12 2026 - 15:00 - 17:00","","","","","","","","","","","45.00","35.00","No","3","All Photography Workshops, - half-day photo workshops, Flowering, Macro & Abstract","warwickshire, garden","","","","","Yes","https://images.squarespace-cdn.com/content/v1/5013f4b2c4aaa4752ac69b17/1709974516534-UJBRDOK5RXR4QNLPTECD/_-677.jpg https://images.squarespace-cdn.com/content/v1/5013f4b2c4aaa4752ac69b17/1705924260006-T7QKN31PD4JKOR499PHD/Snowshill+Lavender+Farm+-+6.jpg https://images.squarespace-cdn.com/content/v1/5013f4b2c4aaa4752ac69b17/1716303047159-TNNKS7D841HQP6MXG0HQ/Bee+on+Thistle.jpg https://images.squarespace-cdn.com/content/v1/5013f4b2c4aaa4752ac69b17/1721727914969-500089R4D3G2REA049KW/garden+photography.jpg https://images.squarespace-cdn.com/content/v1/5013f4b2c4aaa4752ac69b17/1705924260002-ZILXDZ0HJVL7TMOXVWEA/Cornflower.jpg https://images.squarespace-cdn.com/content/v1/5013f4b2c4aaa4752ac69b17/1705924140286-D1JNAUJYGVBJJ2JMU71N/crocuses.jpg https://images.squarespace-cdn.com/content/v1/5013f4b2c4aaa4752ac69b17/1705924140276-MHAN4KD8CSW6KOVLR7DZ/Frozen+Ferns.jpg https://images.squarespace-cdn.com/content/v1/5013f4b2c4aaa4752ac69b17/1705924205368-DMWVJQAKUBXQK8D2JSEL/_-2.jpg https://images.squarespace-cdn.com/content/v1/5013f4b2c4aaa4752ac69b17/1705924140273-173RD0JTE2U3N80DNKAO/Batsford+%2315+-+Oct+2021.jpg"
"","031b89c1-47eb-42c8-afd3-4d242503c24a","","","","","","SQ0939451","","","Dates","Sun May 23rd 2027 - 15:00 - 17:00","","","","","","","","","","","45.00","35.00","No","4","","","","","","","",""
"5cacaff0971a185e7818aa12","4f800707-b12e-4d96-8840-5aadbda9c8ed","SERVICE","photography-services-near-me","intermediates-intentions-photography-project-course","Intermediates Intentions Photography Project Course","<h3 style=""white-space:pre-wrap;"" data-rte-preserve-empty=""true"">Six-month photography project and showcase your images in a public exhibition in Warwickshire</h3><ul data-rte-list=""default""><li><p style=""white-space:pre-wrap;"" data-rte-preserve-empty=""true""><strong>Location:</strong> 45 Hathaway Road, Tile Hill Village, Coventry, CV4 9HW</p></li><li><p style=""white-space:pre-wrap;"" data-rte-preserve-empty=""true""><strong>Duration:</strong> 6-month project, 6 classes</p></li><li><p style=""white-space:pre-wrap;"" data-rte-preserve-empty=""true""><strong>Participants:</strong> Max 4</p></li><li><p style=""white-space:pre-wrap;"" data-rte-preserve-empty=""true""><strong>Level:</strong> Intermediate</p></li><li><p style=""white-space:pre-wrap;"" data-rte-preserve-empty=""true""><strong>Description:</strong> Embark on a six-month photography project and showcase your images in a public exhibition in Warwickshire — a course designed to develop your intentions, vision and a coherent body of work.</p></li><li><p style=""white-space:pre-wrap;"" data-rte-preserve-empty=""true""><strong>Equipment:</strong> A DSLR or mirrorless camera with manual exposure modes.</p><h4 style=""white-space:pre-wrap;"" data-rte-preserve-empty=""true""></h4></li></ul>","SQ9898707","","","","","","","","","","","","","","","495.00","400.00","Yes","6","photography-classes, photography-courses","intermediates, coventry","","","","","Yes","https://images.squarespace-cdn.com/content/v1/5013f4b2c4aaa4752ac69b17/1707220703945-94B0SK8PWUMOS78FTJMO/photography+project+-+intentions+photography+course.jpg https://images.squarespace-cdn.com/content/v1/5013f4b2c4aaa4752ac69b17/1707220818156-2P0ZHNT1FUQXLE6I6APC/photography+project+-+intentions+photography+course.png"
"5cb03751c8302593fee20162","ebb3eb96-42ff-4d4a-b002-bb14ed068098","SERVICE","photography-services-near-me","intermediates-lightroom-photography-course","Intermediates Lightroom Photo Editing Course | Coventry","<h4 style=""white-space:pre-wrap;"">Photo Editing Course for intermediates, and those who have done or have equivalent knowledge from the Beginners Lightroom Course | Coventry | 4-Weekly Classes</h4>","SQ3048816","","","Option","Coventry - 9th Sep - 30th Sep","","","","","","","","","","","275.00","200.00","No","4","photography-classes, photography-courses","kenilworth, solihull, coventry","","","","","No","https://images.squarespace-cdn.com/content/v1/5013f4b2c4aaa4752ac69b17/1707221471553-A8VBLICLESJWCMAJESNC/Advanced+Lightroom+photo+editing+Course.jpg https://images.squarespace-cdn.com/content/v1/5013f4b2c4aaa4752ac69b17/1707221574483-95OKK62K7TM691XXBI7D/Advanced+Lightroom+photo+editing+course+.png"
"","f188a04c-754e-4a78-817e-1ea4b5a794b9","","","","","","SQ5369790","","","Option","Coventry - 7th Oct - 28th Oct","","","","","","","","","","","275.00","0.00","No","4","","","","","","","",""
"","d588c9f9-3ea1-4c29-abf4-9e7d360c8037","","","","","","SQ6835146","","","Option","Fee for change of dates","","","","","","","","","","","75.00","0.00","No","Unlimited","","","","","","","",""
"5d814673c92e2260b6deb11b","c1551eae-e184-4cd5-bdf1-d5eff3f89180","SERVICE","photo-workshops-uk","ireland-photography-workshops-dingle","KERRY - Southern Ireland Photography Workshop - Mar 2026","<h4 style=""white-space:pre-wrap;"" data-rte-preserve-empty=""true"">Photograph amazing areas in South Kerry, Dingle, and Killarney National Park on this 5-day Ireland photography workshop</h4><h3 style=""white-space:pre-wrap;"" data-rte-preserve-empty=""true""><strong>Summary</strong></h3><ul data-rte-list=""default""><li><p style=""white-space:pre-wrap;"" data-rte-preserve-empty=""true""><strong>Location:</strong> Dingle and Killarney - Kerry Southern Ireland</p></li><li><p style=""white-space:pre-wrap;"" data-rte-preserve-empty=""true""><strong>Dates:</strong> Thu 5th - Mon 10th Mar 2026 - 5 Days/4 Nights</p></li><li><p style=""white-space:pre-wrap;"" data-rte-preserve-empty=""true""><strong>Participants:</strong> Max 4</p></li><li><p style=""white-space:pre-wrap;"" data-rte-preserve-empty=""true""><strong>Fitness:</strong> 2. Easy-Moderate</p></li><li><p style=""white-space:pre-wrap;"" data-rte-preserve-empty=""true""><strong>Experience Level:</strong> Beginner to Advanced</p></li><li><p style=""white-space:pre-wrap;"" data-rte-preserve-empty=""true""><strong>Equipment Needed: </strong>DSLR or Mirrorless Camera and Tripod</p></li><li><p style=""white-space:pre-wrap;"" data-rte-preserve-empty=""true""><strong>Photography Workshop Event Details</strong>: <a href=""/photography-workshops-near-me"" rel=""noopener"">Dingle</a></p></li><li><p style=""white-space:pre-wrap;"" data-rte-preserve-empty=""true""><strong>Description:</strong> This is a 5-day, 4-night residential photography workshop in the south-west of Ireland — the longest and most immersive trip I run, based around Dingle and exploring some of the most beautiful country in Europe. Open to all levels and any camera, it takes in three extraordinary areas of County Kerry: the wild, sea-battered Dingle Peninsula, the dramatic coastline of South Kerry along the Skellig Ring, and the mountains, lakes and ancient woodland of Killarney National Park.</p><p style=""white-space:pre-wrap;"" data-rte-preserve-empty=""true"">The variety here is the gift and the challenge — mountains, lakes, waterfalls, woodland, coastline and rock formations, often within a single day — and five days gives us the time to do it justice. We'll cover the technical control you need, but the real focus is on learning to see: composing order and intention out of these vast, busy scenes, working close-up and intimate detail as readily as the grand vista, and reading light, weather and tide as a harmony rather than chasing the obvious postcard shot. Some stops are quick laybys to catch a fleeting moment; others we'll work slowly, waiting for the light and water to come good.</p><p style=""white-space:pre-wrap;"" data-rte-preserve-empty=""true"">With a maximum of just four photographers and five full days on the ground, this is genuinely personal tuition with the time to slow down and work properly — Alan plans each day around the season, the forecast and the tides, and sends a detailed itinerary ahead. You'll come away not just with a portfolio from one of Europe's great landscapes, but with a stronger way of seeing — light, composition and restraint — that will change how you photograph wherever you go next. <strong>An extra night's accommodation is available the day before if required — please request in advance, subject to hotel availability.</strong></p></li></ul>","SQ7419716","","","","","","","","","","","","","","","1595.00","0.00","No","0","coastal, All Photography Workshops, - weekend residential photo workshops","dingle, ireland, kerry, killarney","","","","","Yes","https://images.squarespace-cdn.com/content/v1/5013f4b2c4aaa4752ac69b17/1710060195646-WLFJL2H358FJD4GKV1CP/Coumeenoole+Strand+2.jpg https://images.squarespace-cdn.com/content/v1/5013f4b2c4aaa4752ac69b17/1574599696621-JH9DJBPCZECYDROXA83B/Dingle-South-%2BKerry-Killarney-photography-Workshop.jpg https://images.squarespace-cdn.com/content/v1/5013f4b2c4aaa4752ac69b17/1658911246016-6RMAK533OJ3AQHF2TV1B/Bula+Upper+Lake+-+Ring+of+Kerry.jpg https://images.squarespace-cdn.com/content/v1/5013f4b2c4aaa4752ac69b17/1674567620791-3OTPEBLZWWRX2V9B079W/Barfinnihy+Lough.jpg https://images.squarespace-cdn.com/content/v1/5013f4b2c4aaa4752ac69b17/1658911246998-64HGV76C951XQCOZTBG8/Clogher+Head+2.jpg https://images.squarespace-cdn.com/content/v1/5013f4b2c4aaa4752ac69b17/1658911246874-ZJVN2DB6KD052V0HR6Q2/Coppagh+Beach+3.jpg https://images.squarespace-cdn.com/content/v1/5013f4b2c4aaa4752ac69b17/1658911247030-9IXS6T8B89ANSTE2RQD6/Coumeenoole+Strand+4.jpg https://images.squarespace-cdn.com/content/v1/5013f4b2c4aaa4752ac69b17/1658911246933-TKOV5J1BI0DY52MYE18E/Drumluska+2.jpg https://images.squarespace-cdn.com/content/v1/5013f4b2c4aaa4752ac69b17/1658911247068-X9GJO3EFXGJC174RO65A/Lough+Leane+-+Ross.jpg https://images.squarespace-cdn.com/content/v1/5013f4b2c4aaa4752ac69b17/1658911247070-IMZL0BZFJ0O5678OEYXS/Minard+Castle+2.jpg https://images.squarespace-cdn.com/content/v1/5013f4b2c4aaa4752ac69b17/1658911246861-6JYD8RPFBMIM3UT9U026/Slea+Head+Viewing+Point+3+-+Sep+2019.jpg https://images.squarespace-cdn.com/content/v1/5013f4b2c4aaa4752ac69b17/1674567648007-O5PUWVJV7ROEH3U34G4C/Coumeenoole+North+-+Slea+Head+Parking+2.jpg https://images.squarespace-cdn.com/content/v1/5013f4b2c4aaa4752ac69b17/1674567670805-YHKS1J9PTEC3XL8AEG9Y/Dunquin+Harbour.jpg https://images.squarespace-cdn.com/content/v1/5013f4b2c4aaa4752ac69b17/1674567683157-MXS3DD7ZFCHZKUJW7YF9/Lough+Doon.jpg https://images.squarespace-cdn.com/content/v1/5013f4b2c4aaa4752ac69b17/1674567713365-QHRCLBQX73YAW75BG0VU/The+Sleeping+Giant.jpg https://images.squarespace-cdn.com/content/v1/5013f4b2c4aaa4752ac69b17/1674567725920-QETERJGHO62MHV3U0DZ7/Valentia+Lighthouse+-+Cromwell+Point+4.jpg https://images.squarespace-cdn.com/content/v1/5013f4b2c4aaa4752ac69b17/1721728056367-AZ1I3M9G2E4HRFSVDENH/ireland+photography+workshop+.jpg"
"5cfcd2e5d316ce00011602b3","3dcdc2b3-0f41-43d7-98dc-f1572b8ae2dc","SERVICE","photo-workshops-uk","lake-district-photography-workshop","LAKE DISTRICT Photography Workshops - Jan - Mar - Sep - Nov","<h4 style=""white-space:pre-wrap;"" data-rte-preserve-empty=""true"">An exciting 3 day/2 night residential lake district photography workshop visiting some gorgeous spots around Cumbria. Runs every Jan, Mar, Sep, Nov</h4><h3 style=""white-space:pre-wrap;"" data-rte-preserve-empty=""true""><strong>Summary</strong></h3><ul data-rte-list=""default""><li><p style=""white-space:pre-wrap;"" data-rte-preserve-empty=""true""><strong>Location:</strong> Cumbria - Lake District</p></li><li><p style=""white-space:pre-wrap;"" data-rte-preserve-empty=""true""><strong>Dates:</strong></p><ul data-rte-list=""default""><li><p style=""white-space:pre-wrap;"" data-rte-preserve-empty=""true"">Fri 18 Sep - Sun 20 Sep - 3 Days/2 Nights 2026</p></li><li><p style=""white-space:pre-wrap;"" data-rte-preserve-empty=""true"">Fri 13 Nov - Sun 15 Nov - 3 Days/2 Nights 2026</p></li><li><p style=""white-space:pre-wrap;"" data-rte-preserve-empty=""true""><span>Fri 22 Jan - Sun 24 Jan - 3 Days/2 Nights 2027</span></p></li><li><p style=""white-space:pre-wrap;"" data-rte-preserve-empty=""true"">Fri 12 Mar - Sun 14 Mar - 3 Days/2 Nights 2027</p></li><li><p style=""white-space:pre-wrap;"" data-rte-preserve-empty=""true"">Extra night B&amp;B available for Thu - Contact me for details and booking separately</p></li></ul></li><li><p style=""white-space:pre-wrap;"" data-rte-preserve-empty=""true""><strong>Participants:</strong> Max 4</p></li><li><p style=""white-space:pre-wrap;"" data-rte-preserve-empty=""true""><strong>Fitness:</strong> 2. Moderate</p></li><li><p style=""white-space:pre-wrap;"" data-rte-preserve-empty=""true""><strong>Experience Level:</strong> Beginner to Advanced</p></li><li><p style=""white-space:pre-wrap;"" data-rte-preserve-empty=""true""><strong>Equipment Needed: </strong>DSLR or Mirrorless Camera and Tripod</p></li><li><p style=""white-space:pre-wrap;"" data-rte-preserve-empty=""true""><strong>Photography Workshop Event Details</strong> <a href=""/photography-workshops"" rel=""noopener"">Lake District</a></p></li><li><p style=""white-space:pre-wrap;"" data-rte-preserve-empty=""true""><strong>Description:</strong> This is a 3-day, 2-night residential Lake District photography workshop, based in the north lakes and open to all levels from beginner to advanced. The Lake District has been a favourite of landscape photographers for decades, and for good reason: nowhere else in England packs in such variety — mountains, tarns, ancient woodland, waterfalls and reflective lakes — and the changeable Cumbrian weather means it's never the same place twice. Misty mornings, atmospheric light, stormy skies and quiet reflections can all arrive within a single weekend.</p><p style=""white-space:pre-wrap;"" data-rte-preserve-empty=""true"">Over three days we shoot the iconic scenes at their best, basing ourselves in the north lakes and working two to three carefully chosen locations a day — from Derwent Water, Castlerigg and Ashness Bridge to the tarns and valleys of Langdale, Coniston and Buttermere. The rhythm follows the light: optional sunrise shoots, full days on location with tuition in the field, and optional sunset sessions, with evenings for relaxed picture reviews over a meal. Throughout, the emphasis isn't just on being at the famous viewpoint but on learning to see it — composing with intention, working intimate detail as readily as the grand vista, and reading light and weather as a harmony rather than chasing the obvious shot. You'll come away with a portfolio of dramatic Lakeland images and the field craft to read light and weather anywhere.</p><p style=""white-space:pre-wrap;"" data-rte-preserve-empty=""true"">With a maximum of just four photographers, this is genuinely personal tuition — Alan plans each day around the group, the season and the forecast, sends a detailed location itinerary a few days ahead, and adapts on the ground to chase the best conditions. Accommodation and breakfast are included, so you can switch off from the logistics and focus entirely on your photography for three days. <strong>Extra night B&amp;B available for Thursday — contact me for details and booking separately.</strong></p></li></ul><p style=""white-space:pre-wrap;"" data-rte-preserve-empty=""true""></p>","SQ9100538","","","Options","Fri 18 Sep - 20 Sep - 3 Days 2026","","","","","","","","","","","1125.00","1075.00","Yes","3","All Photography Workshops, - weekend residential photo workshops, Landscape","cumbria","","","","","Yes","https://images.squarespace-cdn.com/content/v1/5013f4b2c4aaa4752ac69b17/1714301696717-TME057MTL131H9UHU82H/Bassenthwaite+Rise.jpg https://images.squarespace-cdn.com/content/v1/5013f4b2c4aaa4752ac69b17/1574601208983-APV22V37PVYMTR7WV5TX/lake-district-photography-workshops.jpg https://images.squarespace-cdn.com/content/v1/5013f4b2c4aaa4752ac69b17/1714301696830-K5MR676W1ZEXQNLXMQK1/a+date+with+Abigail.jpg https://images.squarespace-cdn.com/content/v1/5013f4b2c4aaa4752ac69b17/1714301696760-EW86WV7ZLT4S84D9RVV3/Rydal+Water+-+Nov+2019.jpg https://images.squarespace-cdn.com/content/v1/5013f4b2c4aaa4752ac69b17/1714301696745-OXL9I5L1XT60IQZFX3LM/blea+still.jpg https://images.squarespace-cdn.com/content/v1/5013f4b2c4aaa4752ac69b17/1714301696717-78706XMGRB3MZPX2IYCR/Manesty+Woods+%2303+-+Mar+2023.jpg https://images.squarespace-cdn.com/content/v1/5013f4b2c4aaa4752ac69b17/1714301696722-A65RV9FIYOIK6R05YPW0/Blea+Tarn+%2305+-+Nov+2022.jpg https://images.squarespace-cdn.com/content/v1/5013f4b2c4aaa4752ac69b17/1714301696771-G69JM34U18LQZ5R6KSI1/Grasmere+%2306+-+Sep+2021.jpg https://images.squarespace-cdn.com/content/v1/5013f4b2c4aaa4752ac69b17/1714301696779-HKV6I7IHATNTLAJ6NQ0V/autumnal+grasmere.jpg https://images.squarespace-cdn.com/content/v1/5013f4b2c4aaa4752ac69b17/1714301696779-YYOZBHS67C91UMBXV2S1/Grasmere+%2302+-+Mar+2023.jpg https://images.squarespace-cdn.com/content/v1/5013f4b2c4aaa4752ac69b17/1714301696793-UVLV7MSF2GB0YM9KVDFN/Sunrise+at+Friars+Crag.jpg https://images.squarespace-cdn.com/content/v1/5013f4b2c4aaa4752ac69b17/1714301696803-E18FTGD5NG6IHSXT9YB1/Ble+Tarn+Calm.jpg https://images.squarespace-cdn.com/content/v1/5013f4b2c4aaa4752ac69b17/1714301696810-83AMLOWQPRL2Y2O306QS/Derwent+Water+%2311+-+Sep+2022.jpg https://images.squarespace-cdn.com/content/v1/5013f4b2c4aaa4752ac69b17/1714301696821-46VQVAWZVYLK6DQ2VVIY/Penny+Rock+Wood+-+Grasmere+-+4.jpg https://images.squarespace-cdn.com/content/v1/5013f4b2c4aaa4752ac69b17/1714301696829-46PW240Z2WU5GBR59Y2R/rydal+water.jpg https://images.squarespace-cdn.com/content/v1/5013f4b2c4aaa4752ac69b17/1714301696831-KDKO6LY3K9MBTV2ZMBWT/wast+water+dusk.jpg https://images.squarespace-cdn.com/content/v1/5013f4b2c4aaa4752ac69b17/1714301696832-LPBDVHVLMH4O4ZCFB4JH/Derwent+Water+%2303+-+Sep+2021-2.jpg https://images.squarespace-cdn.com/content/v1/5013f4b2c4aaa4752ac69b17/1714301696832-A3QMAK0ZR8BJNPJUH7SF/Friars+Crag-2.jpg"
"","5ff6e6d9-1aeb-41b2-893b-965b455cbf87","","","","","","SQ5158309","","","Options","Fri 13 Nov - 15 Nov - 3 Days 2026","","","","","","","","","","","1125.00","1075.00","Yes","3","","","","","","","",""
"","f6fc94e7-81c5-48af-b228-f98a67a9539a","","","","","","SQ9016326","","","Options","Fri 22 Jan - 24 Jan - 3 Days 2027","","","","","","","","","","","1025.00","975.00","Yes","4","","","","","","","",""
"","a663576f-d041-41bb-9e1b-5c9d9dc2cb5d","","","","","","SQ0142956","","","Options","Fri 12 Mar - Sun 14 Mar - 3 Days/2 Nights 2027","","","","","","","","","","","1175.00","1125.00","Yes","4","","","","","","","",""
"5d15dc975ecd1700017d2678","72181f38-da26-438a-bf64-1a7ce5053776","SERVICE","photo-workshops-uk","landscape-peak-district-photography-workshops-derbyshire","PEAK DISTRICT Photography Workshops - May, Oct and Nov","<h4 style=""white-space:pre-wrap;"" data-rte-preserve-empty=""true"">Join me in the Peak District in Hope Valley. Padley Gorge and Bolehill Quarry throughout the year on Peak District photography workshops | All levels welcome</h4><h3 style=""white-space:pre-wrap;"" data-rte-preserve-empty=""true""><strong>Summary</strong></h3><ul data-rte-list=""default""><li><p style=""white-space:pre-wrap;"" data-rte-preserve-empty=""true""><strong>Location:</strong> Peak District - Derbyshire</p></li><li><p style=""white-space:pre-wrap;"" data-rte-preserve-empty=""true""><strong>Dates: </strong></p><ul data-rte-list=""default""><li><p style=""white-space:pre-wrap;"" data-rte-preserve-empty=""true"">Sat 17th Oct 2026 - 09:30 - 16:00</p></li><li><p style=""white-space:pre-wrap;"" data-rte-preserve-empty=""true"">Sun 1st Nov 2026 - 09:30 - 16:00</p></li><li><p style=""white-space:pre-wrap;"" data-rte-preserve-empty=""true"">Sat 7th Nov 2026 - 09:30 - 16:00</p></li><li><p style=""white-space:pre-wrap;"" data-rte-preserve-empty=""true"">Sat 22nd May 2027 - 09:30 - 16:00</p></li></ul></li><li><p style=""white-space:pre-wrap;"" data-rte-preserve-empty=""true""><strong>Participants:</strong> Max 6</p></li><li><p style=""white-space:pre-wrap;"" data-rte-preserve-empty=""true""><strong>Fitness:</strong> 3. Moderate</p></li><li><p style=""white-space:pre-wrap;"" data-rte-preserve-empty=""true""><strong>Experience Level:</strong> Beginner to Advanced</p></li><li><p style=""white-space:pre-wrap;"" data-rte-preserve-empty=""true""><strong>Equipment Needed: </strong>DSLR or Mirrorless Camera and Tripod</p></li><li><p style=""white-space:pre-wrap;"" data-rte-preserve-empty=""true""><strong>Photography Workshop Event Details</strong>: <a href=""/landscape-photography-workshops"" rel=""noopener"">Padley Gorge And Bolehill Quarry</a></p></li><li><h4 style=""white-space:pre-wrap;"" data-rte-preserve-empty=""true""><strong>Description:</strong> This Peak District photography workshop is a full day in the heart of Derbyshire's Hope Valley, open to all levels from beginner to advanced. It's built around two of the area's most rewarding and contrasting locations — the wooded, water-filled drama of Padley Gorge in the morning and the rugged, sculptural landscape of Bolehill Quarry in the afternoon — so in a single day you photograph two completely different faces of the Peak District, and learn to read each one rather than just point a camera at it.</h4><p style=""white-space:pre-wrap;"" data-rte-preserve-empty=""true"">The morning at Padley Gorge — a deep, tree-lined valley with the Burbage Brook tumbling through it — is all about slowing down and seeing: simplifying a busy woodland scene into intimate close-ups of rock, moss and water, finding the quiet order in the chaos, and using long exposure to draw movement out of the brook. The afternoon at Bolehill Quarry opens out to the heights of Millstone Edge and silver birch woodland, where the work shifts to composing the bigger landscape. Across both, the technical craft is the floor we build on — exposure, depth of field, the settings that give you control — but the real lesson is learning to see: composing with intention, working close-up detail as readily as the wide vista, and reading light, texture and colour as a harmony rather than chasing the loud, obvious shot.</p><p style=""white-space:pre-wrap;"" data-rte-preserve-empty=""true"">We meet at the Grindleford Railway Caf&eacute;, where you can grab an optional pre-shoot breakfast before we head into the gorge. Lunch is back at the caf&eacute; halfway through — buy on the day or bring your own — before a short drive over to Bolehill for the afternoon session. Taught personally in a small group, this is hands-on, on-location tuition pitched at exactly your level, with Alan beside you in the field throughout; a detailed itinerary is sent a few days ahead, adjusted for the season and forecast, so you'll come away with a varied portfolio of Peak District images and a sharper, more intentional way of seeing landscape anywhere.</p></li></ul>","SQ3794821","","","Options","Padley and Bolehill Sat 17th Oct  2026 09:30am - 4:00pm","","","","","","","","","","","175.00","150.00","Yes","6","All Photography Workshops, - one day photo workshops, Landscape, Woodlands","derbyshire, peak-district","","","","","Yes","https://images.squarespace-cdn.com/content/v1/5013f4b2c4aaa4752ac69b17/1709626967694-M4DJSC9GYR1R1LZFYBUF/Padley+Gorge+%2304+-+Mar+2024.jpg https://images.squarespace-cdn.com/content/v1/5013f4b2c4aaa4752ac69b17/1563952327500-7PLBU7OKMT3ZON7TKGCG/peak-district-photography-workshops.png https://images.squarespace-cdn.com/content/v1/5013f4b2c4aaa4752ac69b17/1714588718950-VQD1VP193SYHSWJPLB8F/Bolehill+Quarry+-+Oct+2020+-+006.jpg https://images.squarespace-cdn.com/content/v1/5013f4b2c4aaa4752ac69b17/1714588718948-S51CG82F8Z0LL83MMZCQ/Padley+Gorge+%2302+-+Mar+2024.jpg https://images.squarespace-cdn.com/content/v1/5013f4b2c4aaa4752ac69b17/1714588718940-BY00LPCYXUI44H0HW4LU/Peak+District+Photography+workshops.jpg https://images.squarespace-cdn.com/content/v1/5013f4b2c4aaa4752ac69b17/1714588718949-65PCAG01TL4QYTN2J6B5/Bolehill+%2304+-+Oct+2021.jpg https://images.squarespace-cdn.com/content/v1/5013f4b2c4aaa4752ac69b17/1714588718976-ZCH1E9AK3QWXL13DTVKJ/padley+gorge+2.jpg https://images.squarespace-cdn.com/content/v1/5013f4b2c4aaa4752ac69b17/1714588718976-YQU9ZV17UVU2866SE0XE/Padley+Gorge+-+Oct+2020+-+005.jpg https://images.squarespace-cdn.com/content/v1/5013f4b2c4aaa4752ac69b17/1714588718976-WT3NVA6Z1MZD7NI8ZHVJ/padley+falls.jpg https://images.squarespace-cdn.com/content/v1/5013f4b2c4aaa4752ac69b17/1714588718979-9AF4CQC4C52OQZ1WS8GQ/Peak+District+-+Nov+2016.jpg"
"","779172a9-614b-44c6-82cb-5d1314557b8f","","","","","","SQ8457424","","","Options","Padley and Bolehill Sun 1st Nov  2026 09:30am - 4:00pm","","","","","","","","","","","175.00","150.00","Yes","4","","","","","","","",""
"","1b8a5451-54ca-4818-b797-a6b3ddfd824c","","","","","","SQ9037810","","","Options","Padley and Bolehill Sat 7th Nov  2026 09:30am - 4:00pm","","","","","","","","","","","175.00","150.00","Yes","6","","","","","","","",""
"","472802f9-b69b-41cd-af48-132f2e1a0e8e","","","","","","SQ2363666","","","Options","Padley and Bolehill Sat 22nd May 2027 - 09:30 - 16:00","","","","","","","","","","","175.00","150.00","Yes","6","","","","","","","",""
"5cadde664e17b65642ad1f9e","8f65b1b3-06f3-4188-a185-6e80a98bfada","SERVICE","photo-workshops-uk","landscape-photography-devon-hartland-quay","Landscape Photography DEVON Workshops - Various Dates","<h4 style=""white-space:pre-wrap;"" data-rte-preserve-empty=""true"">Hartland Quay - Landscape Photography Devon Workshop - Join me for this photo workshop to the best coastal and dramatic parts of Devon.</h4><h3 style=""white-space:pre-wrap;"" data-rte-preserve-empty=""true""><strong>Summary</strong></h3><ul data-rte-list=""default""><li><p style=""white-space:pre-wrap;"" data-rte-preserve-empty=""true""><strong>Location:</strong> North Devon - Hartland Quay</p></li><li><p style=""white-space:pre-wrap;"" data-rte-preserve-empty=""true""><strong>Dates:</strong></p><ul data-rte-list=""default""><li><p style=""white-space:pre-wrap;"" data-rte-preserve-empty=""true"">Fri 4th Sep - Sun 6th Sep 2026 - 3 Days/2 Nights</p></li><li><p style=""white-space:pre-wrap;"" data-rte-preserve-empty=""true"">Thu 18th 12:30 - Sun 21st 12:30 Feb 2027 - 4 Days/3 Nights</p></li></ul></li><li><p style=""white-space:pre-wrap;"" data-rte-preserve-empty=""true""><strong>Participants:</strong> Max 4</p></li><li><p style=""white-space:pre-wrap;"" data-rte-preserve-empty=""true""><strong>Fitness:</strong> 2. Moderate</p></li><li><p style=""white-space:pre-wrap;"" data-rte-preserve-empty=""true""><strong>Experience Level:</strong> Beginner to Advanced</p></li><li><p style=""white-space:pre-wrap;"" data-rte-preserve-empty=""true""><strong>Equipment Needed: </strong>DSLR or Mirrorless Camera, Tripod and ND Filters (tripod and filters can be provided)</p></li><li><p style=""white-space:pre-wrap;"" data-rte-preserve-empty=""true""><strong>Photography Workshop Event Details </strong><a href=""/photography-workshops"" rel=""noopener"">Devon</a></p></li><li><p style=""white-space:pre-wrap;"" data-rte-preserve-empty=""true""><strong>Description:</strong> This is a multi-day residential landscape photography workshop based at Hartland Quay on the dramatic North Devon coast, open to all levels from beginner to advanced. Hartland Quay is one of the UK's most spectacular seascape locations — long slithers of rock formations running out into a fierce Atlantic tide — and it's the perfect base for learning seascape photography on a coastline that rewards drama, patience and timing.</p><p style=""white-space:pre-wrap;"" data-rte-preserve-empty=""true"">Across the workshop you'll photograph the classic Hartland Quay views and range out along some of the finest coast in the South West — from Bude and Clovelly to Welcombe Bay, Saunton Sands and Woolacombe. The focus is on the craft of seascape photography: composing a strong coastal frame, mastering long exposure to turn moving water and sky into mood, and timing your shoot to the light and the tide. But the technical side is only the floor — the real work is learning to see, composing with intention and reading light and tide as a harmony rather than chasing the obvious shot, working the intimate detail as readily as the grand vista. Each day follows that rhythm — optional sunrise and sunset shoots when the light is best, full days in the field with tuition, and evening photo reviews and editing sessions to sharpen your eye.</p><p style=""white-space:pre-wrap;"" data-rte-preserve-empty=""true"">With a maximum of just four photographers, this is genuinely personal tuition, and because the whole coast is tide- and light-dependent, Alan plans each day around the forecast and sends a detailed location itinerary a few days ahead. Tripods and ND filters can be lent if you don't yet own them, accommodation and breakfast are included, and you'll come away with a portfolio of dramatic Devon seascapes and a real command of long-exposure coastal technique. <strong>An extra night's accommodation is available the day before if required — please request in advance, subject to hotel availability.</strong></p></li></ul>","SQ2516659","","","Dates","Fri 4th Sep - Sun 6th Sep 2026 - 3 Days/2 Nights","","","","","","","","","","","775.00","0.00","No","0","coastal, All Photography Workshops, - weekend residential photo workshops","devon, weekend","","","","","Yes","https://images.squarespace-cdn.com/content/v1/5013f4b2c4aaa4752ac69b17/1714299365471-K36RWNIKFNGJ4C70UEXB/Atlantic+Force.jpg https://images.squarespace-cdn.com/content/v1/5013f4b2c4aaa4752ac69b17/1574601098937-K4WD2VXQZ9TM9Z1044ES/devon-seascapes-photography-workshopjpg.jpg https://images.squarespace-cdn.com/content/v1/5013f4b2c4aaa4752ac69b17/1714299365453-9DN26ZJI0AT226Q3OYR5/hartland+reflection.jpg https://images.squarespace-cdn.com/content/v1/5013f4b2c4aaa4752ac69b17/1714299365492-K6XDDIF8JMEMOST899VD/screda+point.jpg https://images.squarespace-cdn.com/content/v1/5013f4b2c4aaa4752ac69b17/1714299365415-2DS3PG0DJ0J4UZC7P00J/Bude+Feb+2020-6.jpg https://images.squarespace-cdn.com/content/v1/5013f4b2c4aaa4752ac69b17/1714299365432-EUWYZ92HDWTKJEZU835Z/atlantic+ruins+-+hartland.jpg https://images.squarespace-cdn.com/content/v1/5013f4b2c4aaa4752ac69b17/1714299365433-HQL39PF4UE4Q48RL0OHG/Chain.jpg https://images.squarespace-cdn.com/content/v1/5013f4b2c4aaa4752ac69b17/1714299365481-1ZUACEE7O0IO8HP9XB2B/HQ+point.jpg https://images.squarespace-cdn.com/content/v1/5013f4b2c4aaa4752ac69b17/1721728172921-Y0X8A40Q2C2VGA1DDQXK/landscape+photography+devon+.jpg"
"","58c42530-d1a8-426c-8785-697cb55e4dc9","","","","","","SQ3856406","","","Dates","Thu 18th 12:30 - Sun 21st 12:30 Feb 2027 - 4 Days/3 Nights","","","","","","","","","","","950.00","0.00","No","4","","","","","","","",""
"5dde5e6678ecef62376b7767","e4e411bc-6c8b-4e99-8296-efc107f1b2d5","SERVICE","photo-workshops-uk","landscape-photography-snowdonia-workshops","Landscape Photography SNOWDONIA - Sat 26 - Sun 27 Sep 2026","<h4 style=""white-space:pre-wrap;"" data-rte-preserve-empty=""true"">Join me on this landscape photography Snowdonia workshop in the iconic mountains, quarries and landscape of Snowdonia national park.</h4><p style=""white-space:pre-wrap;"" data-rte-preserve-empty=""true""><strong>Summary - Snowdonia </strong><span>Landscape photography workshop</span></p><ul data-rte-list=""default""><li><p style=""white-space:pre-wrap;"" data-rte-preserve-empty=""true""><strong><span>Location:</span></strong>Wales - Snowdonia National Park</p></li><li><p style=""white-space:pre-wrap;"" data-rte-preserve-empty=""true""><strong><span>Dates:</span></strong><span> Sat 26th - Sun 27th Sep 2026 - 2 Days/1 Night</span></p></li><li><p style=""white-space:pre-wrap;"" data-rte-preserve-empty=""true""><strong>Participants:</strong> Max 4 (1 Car, transport between locations included)</p></li><li><p style=""white-space:pre-wrap;"" data-rte-preserve-empty=""true""><strong>Fitness:</strong> 2. Moderate (15-30 min walks)</p></li><li><p style=""white-space:pre-wrap;"" data-rte-preserve-empty=""true""><strong>Experience Level:</strong> Beginner to Advanced</p></li><li><p style=""white-space:pre-wrap;"" data-rte-preserve-empty=""true""><strong>Equipment Needed: </strong>DSLR or Mirrorless Camera and Tripod</p></li><li><p style=""white-space:pre-wrap;"" data-rte-preserve-empty=""true""><strong><span>Photography Workshop Event Details</span></strong><span> </span><a href=""/photography-workshops"" rel=""noopener""><span>Snowdonia</span></a></p></li><li><p style=""white-space:pre-wrap;"" data-rte-preserve-empty=""true""><strong>Description:</strong> This is a 2-day, 1-night residential landscape photography workshop in Snowdonia National Park, North Wales — open to all levels from beginner to advanced. Home to the highest mountain ranges in England and Wales, Snowdonia is a landscape that will both inspire and challenge any photographer: rugged peaks and flowing rivers, serene lakes and ancient slate quarries, all within a compact corner of Wales that you'll learn to read and photograph in its ever-changing light.</p><p style=""white-space:pre-wrap;"" data-rte-preserve-empty=""true"">What makes Snowdonia so rewarding is its variety, and over two days we work three very different faces of it: the waterfalls and rivers that are perfect for long exposure, turning moving water to silk; the starker, striking world of the historic slate quarries and mining relics, where industry and mountain meet; and the majestic lakes, where still water mirrors the peaks for compelling, reflective compositions. Across all of it the focus stays on the same craft — composing order from a vast scene, controlling exposure across big tonal ranges, and timing your shoot to the light and weather that shift the mood from rugged to serene and back. And throughout, the emphasis isn't just on the grand vista but on learning to see it — working intimate detail as readily as the wide view, and reading light and colour as a harmony rather than chasing the obvious shot.</p><p style=""white-space:pre-wrap;"" data-rte-preserve-empty=""true"">With a maximum of just four photographers and transport between locations included, this is genuinely personal tuition — Alan plans each day around the season and the forecast, and sends a detailed location itinerary a few days ahead. Likely locations include the reflective waters of Llynnau Mymbyr beneath the Snowdon massif, the Capel Curig pinnacles, Swallow Falls and the hidden lake of Llyn Craftnant. Accommodation and breakfast are included, so all you have to think about is your photography — and you'll leave with a varied portfolio that captures both the drama and the stillness of this remarkable landscape. <strong>An extra night's accommodation is available the day before if required — please request in advance, subject to hotel availability.</strong></p></li></ul>","SQ0548499","","","","","","","","","","","","","","","595.00","0.00","No","3","Landscape, - weekend residential photo workshops","snowdonia, weekend","","","","","Yes","https://images.squarespace-cdn.com/content/v1/5013f4b2c4aaa4752ac69b17/1711625824431-22D7V1RNKR8H2LBRW4Z9/Snowdonia+%2301+-+Oct+2023.jpg https://images.squarespace-cdn.com/content/v1/5013f4b2c4aaa4752ac69b17/1657871614329-1KY2TYBD3Y4HDAITFIYP/snowdonia-photography-workshop.jpg https://images.squarespace-cdn.com/content/v1/5013f4b2c4aaa4752ac69b17/1711625824462-J9UN394OL27D2SUYQ4RS/Fairy+Glen+1.jpg https://images.squarespace-cdn.com/content/v1/5013f4b2c4aaa4752ac69b17/1711625824453-9P3W8X39L0EURGAPXEVC/Cwmorthin+%2301+-+Oct+2023.jpg https://images.squarespace-cdn.com/content/v1/5013f4b2c4aaa4752ac69b17/1711625824421-H01QDV7YLCMOAC81HHZH/Fairy+Glen+-Wales+-+%2301+-+June+2021.jpg https://images.squarespace-cdn.com/content/v1/5013f4b2c4aaa4752ac69b17/1711625824304-ATTXNKEQRSTNK8N20BO2/Ferns.jpg https://images.squarespace-cdn.com/content/v1/5013f4b2c4aaa4752ac69b17/1711625824420-PFRSEQ2UUPZE45I420MU/Cwmorthin+%2302+-+Oct+2023.jpg https://images.squarespace-cdn.com/content/v1/5013f4b2c4aaa4752ac69b17/1711625824431-604QIIEWT347Z9F6CBT7/Rhiw+Fachno+Slate+Quarry+1.jpg https://images.squarespace-cdn.com/content/v1/5013f4b2c4aaa4752ac69b17/1711625824445-GISSXNWOTGZ6ANMEDGVL/Fairy+Falls+%2303+-+Oct+2023.jpg https://images.squarespace-cdn.com/content/v1/5013f4b2c4aaa4752ac69b17/1711625824450-D38BHD8MDSOEIFZ77SQU/cwmorthin+Slate+Quarry+2.jpg https://images.squarespace-cdn.com/content/v1/5013f4b2c4aaa4752ac69b17/1711625824450-1RAY7TN6WNUAE886MTK0/Fairy+Falls+%2301+-+Oct+2023.jpg https://images.squarespace-cdn.com/content/v1/5013f4b2c4aaa4752ac69b17/1711625824451-ZGTSWQ8WM6EA6XYVNI5N/A+Window.jpg https://images.squarespace-cdn.com/content/v1/5013f4b2c4aaa4752ac69b17/1711625824451-1M4TVENIFMBOSLBQ31K8/Rhiw+Fachno+Slate+Quarry+3.jpg https://images.squarespace-cdn.com/content/v1/5013f4b2c4aaa4752ac69b17/1711625824455-WR3MEOKJBIZ4RD6D01RX/cwmorthin+Slate+Quarry+3.jpg https://images.squarespace-cdn.com/content/v1/5013f4b2c4aaa4752ac69b17/1711625824475-AAO2EZ802SR7JJLZDY9W/Fairy+Glen+4.jpg https://images.squarespace-cdn.com/content/v1/5013f4b2c4aaa4752ac69b17/1711625824476-YE21FI4WI1DVDFP9NK6M/cwmorthin+Slate+Quarry+4.jpg https://images.squarespace-cdn.com/content/v1/5013f4b2c4aaa4752ac69b17/1711625824478-27FUCQDBVET5UH6CKZNV/cwmorthin+Slate+Quarry+5.jpg https://images.squarespace-cdn.com/content/v1/5013f4b2c4aaa4752ac69b17/1721728276997-BY1ELONFIZZQOVYND0W8/landscape+photography+snowdonia.jpg"
"61952249ff6ee011961c2a97","ec34de5f-186e-4f20-96b3-5885a27feeef","SERVICE","photo-workshops-uk","landscape-photography-wales-photo-workshop","GOWER Landscape Photography Wales - 28 Aug - 30 Aug 2026","<h4 style=""white-space:pre-wrap;"" data-rte-preserve-empty=""true"">Stunning shorelines and beauty of South Wales and the Gower Peninsular. Max 3 places for this residential photography workshop - landscape photography wales</h4><h3 style=""white-space:pre-wrap;"" data-rte-preserve-empty=""true""><strong>Summary</strong></h3><ul data-rte-list=""default""><li><p style=""white-space:pre-wrap;"" data-rte-preserve-empty=""true""><strong>Location:</strong> South Wales - Gower Peninsular</p></li><li><p style=""white-space:pre-wrap;"" data-rte-preserve-empty=""true""><strong>Dates:</strong></p><p style=""white-space:pre-wrap;"" data-rte-preserve-empty=""true"">Fri 28th Aug - Sun 30th Aug 2026 - 3 Days/2 Nights</p></li><li><p style=""white-space:pre-wrap;"" data-rte-preserve-empty=""true""><strong>Participants:</strong> Max 4</p></li><li><p style=""white-space:pre-wrap;"" data-rte-preserve-empty=""true""><strong>Fitness: </strong>3. Hard</p></li><li><p style=""white-space:pre-wrap;"" data-rte-preserve-empty=""true""><strong>Experience Level:</strong> Beginner to Advanced</p></li><li><p style=""white-space:pre-wrap;"" data-rte-preserve-empty=""true""><strong>Equipment Needed: </strong>DSLR or Mirrorless Camera and Tripod</p></li><li><p style=""white-space:pre-wrap;"" data-rte-preserve-empty=""true""><strong>Landscape photography Wales Photography Workshop Event Details </strong><a href=""/photography-workshops"" rel=""noopener"">Gower</a></p></li><li><p style=""white-space:pre-wrap;"" data-rte-preserve-empty=""true""><strong>Description:</strong> This is a 3-day, 2-night residential landscape photography workshop on the Gower Peninsula in South Wales — the UK's very first Area of Outstanding Natural Beauty, and one of the finest stretches of coast for landscape photography in Wales. Open to all levels from beginner to advanced, it takes you along 19 miles of dramatic shoreline west of Swansea, where lofty limestone cliffs, golden sandy beaches and jagged rocky shores meet wild moorland, dunes and tranquil salt marshes.</p><p style=""white-space:pre-wrap;"" data-rte-preserve-empty=""true"">Over three days we work the peninsula's most iconic locations as the light and tides allow — from the sweeping expanse of Rhossili Bay and the dramatic outline of Worms Head to the wreck of the Helvetia and the snug cove of Pwll Du. The focus is on three things that make a strong coastal image: composing cliffs, beaches and rock forms into a balanced frame, mastering long exposure to draw movement out of sea and sky, and timing each shoot from dawn to dusk to catch the best light and tide. Throughout, the emphasis isn't just on the famous viewpoint but on learning to see it — composing with intention, working intimate detail as readily as the wide vista, and reading light and colour as a harmony rather than chasing the obvious shot. You'll photograph at sunrise and sunset, the richest hours on this coast, and return to locations in changing conditions to capture them at their best.</p><p style=""white-space:pre-wrap;"" data-rte-preserve-empty=""true"">With a small group taught personally, this is genuinely one-to-one tuition — Alan plans each day around the season, the forecast and the tide times, and sends a detailed location itinerary a few days ahead. Be prepared for some longer walks over cliff paths and rougher coastal ground to reach the best viewpoints. Accommodation and breakfast are included, so all you have to think about is your photography, and you'll come away with a varied portfolio of the Gower's iconic Welsh coastline — and the field craft to read light, tide and weather on any shore. <strong>An extra night's accommodation is available the day before if required — please request in advance, subject to hotel availability.</strong></p></li></ul>","SQ5141863","","","","","","","","","","","","","","","825.00","0.00","No","4","coastal, All Photography Workshops, - weekend residential photo workshops","winter, long exposure, coastline, wales","","","","","Yes","https://images.squarespace-cdn.com/content/v1/5013f4b2c4aaa4752ac69b17/1715702409761-590M3MJ45KYXBDH1KSM0/Gower+%2305+-+May+2024.jpg https://images.squarespace-cdn.com/content/v1/5013f4b2c4aaa4752ac69b17/1637163894557-YZ29F88PW4CGL32MRM63/gower-peninsular-photography-workshop.jpg https://images.squarespace-cdn.com/content/v1/5013f4b2c4aaa4752ac69b17/1721723678113-W14RYP5GVQGUULCEYZ56/landscape+photography+Wales+.jpg https://images.squarespace-cdn.com/content/v1/5013f4b2c4aaa4752ac69b17/1714220556080-N2GUY4ZJP06HC6K4B451/Monk+Nash+%2301+-+Jul+2022.jpg https://images.squarespace-cdn.com/content/v1/5013f4b2c4aaa4752ac69b17/1714220556104-2JD8NV9LOST3JB8BYLIF/Mumbles+%2303+-+Aug+2022.jpg https://images.squarespace-cdn.com/content/v1/5013f4b2c4aaa4752ac69b17/1714220556009-3CW6PCO6GUAR83H6GAYS/Mumbles+%2305+-+Aug+2022.jpg https://images.squarespace-cdn.com/content/v1/5013f4b2c4aaa4752ac69b17/1714220556038-AHKU4WH6KNDH8KWWBEHP/Mumbles+%2301+-+Aug+2022.jpg https://images.squarespace-cdn.com/content/v1/5013f4b2c4aaa4752ac69b17/1714220556069-MS00G1XNQQEB9T0WOZPB/Rhossili+-+Helvetia+%2301+-+Aug+2022.jpg https://images.squarespace-cdn.com/content/v1/5013f4b2c4aaa4752ac69b17/1714220556083-HR5ZNTFZUQWNM38T4IUV/Mumbles+%2304+-+Aug+2022.jpg https://images.squarespace-cdn.com/content/v1/5013f4b2c4aaa4752ac69b17/1714220556087-6DSS3LAL2YAN9BE8O1BO/Monk+Nash+%2307+-+Jul+2022.jpg https://images.squarespace-cdn.com/content/v1/5013f4b2c4aaa4752ac69b17/1714220556089-T6R0C9H54VLP94MQV19H/Mumbles+%2306+-+Aug+2022.jpg https://images.squarespace-cdn.com/content/v1/5013f4b2c4aaa4752ac69b17/1714220556092-WXCW4KMFXDE4XHWU6I2P/Rhossili+Bay+%2301+-+Aug+2022.jpg https://images.squarespace-cdn.com/content/v1/5013f4b2c4aaa4752ac69b17/1714220556100-XPHNIJ0U7ZI3SNAKD271/Mumbles+%2309+-+Aug+2022.jpg https://images.squarespace-cdn.com/content/v1/5013f4b2c4aaa4752ac69b17/1714220556105-1A2RPNLTEH9UP89L9663/Rhossili+-+Helvetia+%2303+-+Aug+2022.jpg https://images.squarespace-cdn.com/content/v1/5013f4b2c4aaa4752ac69b17/1714220556105-6PO306SUP7OOBCOEOBA1/Mumbles+%2313+-+Aug+2022.jpg https://images.squarespace-cdn.com/content/v1/5013f4b2c4aaa4752ac69b17/1714220556107-NREIXL2RMMR490H7AS5Q/Nash+Point+%2302+-+Jul+2022.jpg https://images.squarespace-cdn.com/content/v1/5013f4b2c4aaa4752ac69b17/1715702489712-GYYZHQV5IYVYNEHG5LQP/Gower+%2312+-+May+2024.jpg https://images.squarespace-cdn.com/content/v1/5013f4b2c4aaa4752ac69b17/1715702489696-2GRO6FMPXARH8CW5KPBP/Gower+%2317+-+May+2024.jpg https://images.squarespace-cdn.com/content/v1/5013f4b2c4aaa4752ac69b17/1715702489709-04VU7YGFH6QHZP8SQCVL/Monknash+%2307+-May+2024.jpg https://images.squarespace-cdn.com/content/v1/5013f4b2c4aaa4752ac69b17/1715702489710-TWVGKK8XXR9JPJQKDQPO/Gower+%2310+-+May+2024.jpg https://images.squarespace-cdn.com/content/v1/5013f4b2c4aaa4752ac69b17/1715702489712-4HCQRLHOGQGEYG3SICRS/Gower+%2311+-+May+2024.jpg https://images.squarespace-cdn.com/content/v1/5013f4b2c4aaa4752ac69b17/1715702489775-482UNJDZ09YGU3J1GJIX/Gower+%2314+-+May+2024.jpg"
"5d67be2133f508000120c936","79e9f6de-8826-4b3c-9770-5542e4e48948","SERVICE","photo-workshops-uk","landscape-photography-workshop-norfolk","Landscape Photography Workshop NORFOLK - Coastal 20 - 22 Nov","<h4 style=""white-space:pre-wrap;"" data-rte-preserve-empty=""true""><strong><span>Landscape Photography Workshop Norfolk</span></strong> - Coastal Photography Based Nr Cromer</h4><h4 style=""white-space:pre-wrap;"" data-rte-preserve-empty=""true""><strong>Summary - <span>Norfolk Photography Workshop</span></strong></h4><ul data-rte-list=""default""><li><p style=""white-space:pre-wrap;"" data-rte-preserve-empty=""true""><strong>Location:</strong> North Norfolk Coast - Cromer Area</p></li><li><p style=""white-space:pre-wrap;"" data-rte-preserve-empty=""true""><strong>Dates:</strong> Fri 20th, 09:30am - Sun 22nd Nov 2026, 14:00 - 3 Days/2 Nights</p></li><li><p style=""white-space:pre-wrap;"" data-rte-preserve-empty=""true""><strong>Participants:</strong> Max 4</p></li><li><p style=""white-space:pre-wrap;"" data-rte-preserve-empty=""true""><strong>Fitness:</strong> 1. Easy</p></li><li><p style=""white-space:pre-wrap;"" data-rte-preserve-empty=""true""><strong>Experience Level:</strong> Beginner to Advanced</p></li><li><p style=""white-space:pre-wrap;"" data-rte-preserve-empty=""true""><strong>Equipment Needed: </strong>DSLR or Mirrorless Camera and Tripod</p></li><li><p style=""white-space:pre-wrap;"" data-rte-preserve-empty=""true""><strong>Photography Workshop Event Details</strong>: <a href=""/photography-workshops"" rel=""noopener"">Norfolk</a></p></li><li><p style=""white-space:pre-wrap;"" data-rte-preserve-empty=""true""><strong>Description:</strong> This is a 3-day, 2-night residential landscape photography workshop on the beautiful North Norfolk coast, based near Cromer — open to all levels from beginner to advanced. North Norfolk is one of the most varied and atmospheric stretches of coastline in England, and across a long weekend you'll photograph everything from classic seafronts and groynes to wild estuaries, windmills and big skies, learning to read and capture this ever-changing coastal landscape in its best light.</p><p style=""white-space:pre-wrap;"" data-rte-preserve-empty=""true"">There really is something for everyone here, and over three days we work a rich variety of locations as the light and tides allow — the seafronts and groynes at Overstrand and Cromer, the atmospheric estuaries of Morston Quay and Blakeney Harbour with their abandoned boats and twisting creeks, and the beach huts, windmills, sand dunes and flint-cottage charm of Blakeney village. The focus is on three things that make a strong coastal image: composing order from busy, expansive scenes, mastering long exposure to draw movement out of sea, sky and water, and timing each shoot to the tides and the soft coastal light. There's even an optional boat trip to see the seals along the way.</p><p style=""white-space:pre-wrap;"" data-rte-preserve-empty=""true"">With a maximum of just four photographers, this is genuinely personal tuition — Alan plans each day around the season, the forecast and the tide times, and sends a detailed location itinerary a few days ahead. Accommodation and breakfast are included, so all you have to think about is your photography, and you'll come away with a varied portfolio of the North Norfolk coast — seascapes, estuaries, windmills and beach huts — and the field craft to read light, tide and weather on any shore. <strong>An extra night's accommodation is available the day before if required — please request in advance, subject to hotel availability.</strong></p></li></ul>","SQ8747213","","","","","","","","","","","","","","","1075.00","1025.00","Yes","2","coastal, All Photography Workshops, - weekend residential photo workshops","norfolk, weekend","","","","","Yes","https://images.squarespace-cdn.com/content/v1/5013f4b2c4aaa4752ac69b17/e301c931-8fdc-4ff0-bc78-618aea6241a1/Norfolk+Nov+2024+-+%2303.jpg https://images.squarespace-cdn.com/content/v1/5013f4b2c4aaa4752ac69b17/1567080084236-XHIBKIZTR8OECHMRWIU2/norfolk-photography-workshops.png https://images.squarespace-cdn.com/content/v1/5013f4b2c4aaa4752ac69b17/1711625462292-PCMT7Q118L1X51MPSENJ/Wells+Next+To+Sea+%2302+-+Sep+2022.jpg https://images.squarespace-cdn.com/content/v1/5013f4b2c4aaa4752ac69b17/1711625462321-VK3ETSSNDYV2JJTDVZJ2/Cromer+Pier+%2301+-+Sep+2022.jpg https://images.squarespace-cdn.com/content/v1/5013f4b2c4aaa4752ac69b17/1711625462149-X8AXK3L8LW8AOTTLR3FG/Cromer+Sep+2020+-+1.jpg https://images.squarespace-cdn.com/content/v1/5013f4b2c4aaa4752ac69b17/1711625462244-L4TNRI5EI308FPQGRWKY/Wells+Hut.jpg https://images.squarespace-cdn.com/content/v1/5013f4b2c4aaa4752ac69b17/1711625462283-DK39SCO835TDTMTOP6DD/Thornham+Sep+2020.jpg https://images.squarespace-cdn.com/content/v1/5013f4b2c4aaa4752ac69b17/1711625462507-ZVZ4QWZD6SSJCO7LM5PJ/Cromer+Pier+%2302-+Sep+2022.jpg https://images.squarespace-cdn.com/content/v1/5013f4b2c4aaa4752ac69b17/1711625462297-YVA92O8GITR4U0URIGUM/Wells+On+Sea+-+Beach+Hut.jpg https://images.squarespace-cdn.com/content/v1/5013f4b2c4aaa4752ac69b17/1711625462250-XIRXXBXCC9U2IRKTCKVO/Overstrand+-+Sep+2020+-+2.jpg https://images.squarespace-cdn.com/content/v1/5013f4b2c4aaa4752ac69b17/1711625462264-Y3PSXISGWL8C0IEZGO4F/Wells+Next+To+Sea+-+Beach+Hut+%2301+-+Sep+2022.jpg https://images.squarespace-cdn.com/content/v1/5013f4b2c4aaa4752ac69b17/1711625462272-5JA7LLYCTKPOCDMACQR2/Morston+Quay+%2305+-+Sep+2022.jpg https://images.squarespace-cdn.com/content/v1/5013f4b2c4aaa4752ac69b17/1711625462274-08DDK92WY76EYW494B97/happisburgh+sea+defenses.jpg https://images.squarespace-cdn.com/content/v1/5013f4b2c4aaa4752ac69b17/1711625462279-RSLKGV8U7QH1KXAPMXL7/blakeney+NR+VI.jpg https://images.squarespace-cdn.com/content/v1/5013f4b2c4aaa4752ac69b17/1711625462291-YP8VBLTIO41DQH4K5ALL/Cromer+Sep+2020+-+3.jpg https://images.squarespace-cdn.com/content/v1/5013f4b2c4aaa4752ac69b17/115c82fc-7160-4404-9bca-134a2b236046/Norfolk+%2303+-+Sep+2024.jpg https://images.squarespace-cdn.com/content/v1/5013f4b2c4aaa4752ac69b17/1711625462296-NTIDAM9DCTK37IROU3EP/Blakeney+Sep+2020+-+1.jpg https://images.squarespace-cdn.com/content/v1/5013f4b2c4aaa4752ac69b17/1711625462304-KYF246DSGLIEPI2FBT8Y/White+Boat.jpg https://images.squarespace-cdn.com/content/v1/5013f4b2c4aaa4752ac69b17/1711625462312-GT768T1DELVHCPCO4WM2/Cromer+%2301+-+Sep+2022.jpg https://images.squarespace-cdn.com/content/v1/5013f4b2c4aaa4752ac69b17/1711625462319-G3D63COY0HTIGC7Z0W0P/Overstrand+-+Sep+2020+-+4.jpg https://images.squarespace-cdn.com/content/v1/5013f4b2c4aaa4752ac69b17/1711625462324-DUTM1OD78LURIZJJA7RG/Wells+3.jpg https://images.squarespace-cdn.com/content/v1/5013f4b2c4aaa4752ac69b17/1711625462325-56M0U6NDLPWXIXH6OMKV/Snettisham+2.jpg https://images.squarespace-cdn.com/content/v1/5013f4b2c4aaa4752ac69b17/1711625462431-MF3UKK0C0QRVQ5AQVLT5/Overstrand+%2302+-+Sep+2022.jpg https://images.squarespace-cdn.com/content/v1/5013f4b2c4aaa4752ac69b17/af3da429-5179-4b02-9b05-0d984ff565ad/Norfolk+Nov+2024+-+%2307.jpg https://images.squarespace-cdn.com/content/v1/5013f4b2c4aaa4752ac69b17/38049db3-00c7-4d80-a819-510744df2398/Norfolk+Nov+2024+-+%2308.jpg"
"5d35e3d43891800001d08ea9","f6d0bf72-2ee1-4cda-9cf4-14a1085f3142","SERVICE","photo-workshops-uk","landscape-photography-workshops-anglesey","ANGLESEY Landscape Photography Workshop -  May 2027","<h4 style=""white-space:pre-wrap;"" data-rte-preserve-empty=""true""><span>Join me for this exciting Anglesey landscape photography workshop, where we will shoot along the stunning coastline features to capture breathtaking vistas that showcase the natural beauty surrounding the shorelines and iconic lighthouses.</span></h4><h3 style=""white-space:pre-wrap;"" data-rte-preserve-empty=""true""><strong>Summary - <span>Anglesey Photography Workshop</span></strong></h3><ul data-rte-list=""default""><li><p style=""white-space:pre-wrap;"" data-rte-preserve-empty=""true""><strong>Location:</strong> Wales - Anglesey Island</p></li><li><p style=""white-space:pre-wrap;"" data-rte-preserve-empty=""true""><strong>Dates:</strong> Fri 14th May 15:00 - Sun 16th May 14:00, 2027</p></li><li><p style=""white-space:pre-wrap;"" data-rte-preserve-empty=""true""><strong>Duration:</strong> 3 Days/2 Nights</p></li><li><p style=""white-space:pre-wrap;"" data-rte-preserve-empty=""true""><strong>Participants:</strong> Max 4 (1 Car, transport between locations included)</p></li><li><p style=""white-space:pre-wrap;"" data-rte-preserve-empty=""true""><strong>Fitness:</strong> 2. Moderate (15-30 min walks)</p></li><li><p style=""white-space:pre-wrap;"" data-rte-preserve-empty=""true""><strong>Experience Level:</strong> Beginner to Advanced</p></li><li><p style=""white-space:pre-wrap;"" data-rte-preserve-empty=""true""><strong>Equipment Needed: </strong>DSLR or Mirrorless Camera and Tripod</p></li><li><p style=""white-space:pre-wrap;"" data-rte-preserve-empty=""true""><strong>Photography Workshop Event Details</strong> A<a href=""/photography-workshops"" rel=""noopener"">nglesey Photography</a></p></li><li><p style=""white-space:pre-wrap;"" data-rte-preserve-empty=""true""><strong><span>Description:</span></strong><span> This is a 3-day, 2-night residential landscape photography workshop on the iconic island of Anglesey, off the north-west coast of Wales, open to all levels from beginner to advanced. Anglesey's coastline is a photographer's dream — over 200 square miles ringed by sandy coves, working harbours, rocky headlands and three iconic lighthouses — and across a weekend you'll shoot it in the golden hours when its colour, light and sea views are at their most spectacular.</span></p><p style=""white-space:pre-wrap;"" data-rte-preserve-empty=""true""><span>We work the island's finest coastal locations — from Penmon Point's Trwyn Du Lighthouse and the Church in the Sea to South Stack, Llanddwyn Island and the strange, Martian-coloured landscape of Parys Mountain, once the world's largest copper mine. The focus is on three things that make a strong coastal landscape: composing sea, shore and sky into a balanced frame, working the golden-hour light at sunrise and sunset, and using long exposure to capture the movement of the Welsh sea. Throughout, the emphasis isn't just on the iconic view but on learning to see it — composing with intention, working intimate detail as readily as the wide vista, and reading colour and light as a harmony rather than chasing the obvious shot. The days follow the light — optional sunrise and sunset shoots, full days on location with tuition, and evenings for relaxed picture reviews.</span></p><p style=""white-space:pre-wrap;"" data-rte-preserve-empty=""true""><span>With a maximum of just four photographers and transport between locations included, this is genuinely personal, hassle-free tuition — Alan plans each day around the tides, the season and the forecast, and sends a detailed location itinerary a few days ahead. Accommodation and breakfast are included, so all you have to think about for three days is your photography, and you'll come away with a portfolio of dramatic Anglesey coastal images and the field craft to read light and sea anywhere. </span><strong><span>An extra night's accommodation is available the day before if required — please request in advance, subject to hotel availability.</span></strong></p></li></ul>","SQ8503376","","","","","","","","","","","","","","","975.00","795.00","No","4","coastal, Landscape, - weekend residential photo workshops","","","","","","Yes","https://images.squarespace-cdn.com/content/v1/5013f4b2c4aaa4752ac69b17/1707225841274-TEMCPAEP5DHDVCBJP2RD/anglesey+photography+workshop.jpg https://images.squarespace-cdn.com/content/v1/5013f4b2c4aaa4752ac69b17/1707225892375-UFTN8BC1DHF7M2ER59SN/anglesey-photography-workshop.jpg https://images.squarespace-cdn.com/content/v1/5013f4b2c4aaa4752ac69b17/1658846847809-V1FAZCJDZKWAN2WWOD9C/Penmon+-+Anglesey+%2302+-+May+2022.jpg https://images.squarespace-cdn.com/content/v1/5013f4b2c4aaa4752ac69b17/1658846849979-ZAMYP2AFTAUN8YYRVX1S/Penmon+-+Anglesey+%2307+-+May+2022.jpg https://images.squarespace-cdn.com/content/v1/5013f4b2c4aaa4752ac69b17/1658846849553-V47KQWAKCIV4VK0LJKNZ/South+Stack-Angelsey-2020-1.jpg https://images.squarespace-cdn.com/content/v1/5013f4b2c4aaa4752ac69b17/1721728395873-FEH5DP14G9M1RZCWANH4/Landscape+Photography+Workshop+Anglesey.jpg https://images.squarespace-cdn.com/content/v1/5013f4b2c4aaa4752ac69b17/1658846849751-H0KRXDI2QI2BENT57YKK/Llanddwyn+Island+%2303+-+June+2021.jpg https://images.squarespace-cdn.com/content/v1/5013f4b2c4aaa4752ac69b17/1658846849228-8J7F8EF1UQ8WI3ZXDUFS/Llanddwyn+Island%2C+Anglesey+%2303+-+May+2022.jpg https://images.squarespace-cdn.com/content/v1/5013f4b2c4aaa4752ac69b17/1658847179088-Q660QEU382TZTJLL87YY/Rock+Formation+%2366.jpg https://images.squarespace-cdn.com/content/v1/5013f4b2c4aaa4752ac69b17/1658847179308-VNGGKGBPM87N4TMX0GAM/St+Cwyfan%27s+Church%2C+Angelsey+%2304+-+May+2022.jpg https://images.squarespace-cdn.com/content/v1/5013f4b2c4aaa4752ac69b17/1658846849332-UQM99XGET6PIED8WNIRN/iPhone+-+Llanlleiana+%2302.jpg https://images.squarespace-cdn.com/content/v1/5013f4b2c4aaa4752ac69b17/1658847180031-V93UQ2OBBV5LJU3MYIIE/Parys+Mountain%2C+Anglesey+%2301+-+May+2022.jpg https://images.squarespace-cdn.com/content/v1/5013f4b2c4aaa4752ac69b17/1658847179934-M3E6WWXNCE9LJ16ATU5L/Twr+Bach+Lighthouse.jpg https://images.squarespace-cdn.com/content/v1/5013f4b2c4aaa4752ac69b17/03219f4f-f4c1-4935-a7b9-bd650a319213/Penmon+Point+-+Anglesey+%2302+-+June+2021.jpg https://images.squarespace-cdn.com/content/v1/5013f4b2c4aaa4752ac69b17/7a90913c-bddd-4384-a7cf-c0c349966b65/Amlwch+Quayside+%2303+-+Jun+2023.jpg https://images.squarespace-cdn.com/content/v1/5013f4b2c4aaa4752ac69b17/efa6120f-52b2-4541-a063-bae8bfc02650/Amlwch+Quayside+%2304+-+Jun+2023.jpg https://images.squarespace-cdn.com/content/v1/5013f4b2c4aaa4752ac69b17/4a076004-4613-4516-a602-aec998f07d2b/Amlwch+Quayside+%2305+-+Jun+2023.jpg https://images.squarespace-cdn.com/content/v1/5013f4b2c4aaa4752ac69b17/03c3d152-d54e-4cb3-ad40-172024976ae3/iPhone+-+Soth+Stack+%2301.jpg https://images.squarespace-cdn.com/content/v1/5013f4b2c4aaa4752ac69b17/6af910ab-4748-418f-b479-66fa2c8f3c7f/iPhone+-+St+Cwyfan%27s+Church+%2302.jpg https://images.squarespace-cdn.com/content/v1/5013f4b2c4aaa4752ac69b17/58c48e98-f297-419a-b33a-4f86d5e7bbe9/Llanbadrig+Church.jpg https://images.squarespace-cdn.com/content/v1/5013f4b2c4aaa4752ac69b17/fbb45a78-a6d6-487d-aaa9-d39238f43acf/Penman+Point+Trwyn+Du+Lighthouse.jpg https://images.squarespace-cdn.com/content/v1/5013f4b2c4aaa4752ac69b17/412c6fed-8054-47c4-b51e-1a0d4621ffda/St+Cwyfan%27s+Church%2C+Angelsey+%2303+-+May+2022.jpg https://images.squarespace-cdn.com/content/v1/5013f4b2c4aaa4752ac69b17/248b45b0-fe6d-4071-997b-2573360d5bda/Anglesey+May+2026+-+%2320.jpg https://images.squarespace-cdn.com/content/v1/5013f4b2c4aaa4752ac69b17/43f66c59-865f-4e47-891e-58d01dfb7e1d/Anglesey+May+2026+-+%2316.jpg https://images.squarespace-cdn.com/content/v1/5013f4b2c4aaa4752ac69b17/4f260f7d-7922-46df-bdd9-c0b9e68096df/Anglesey+May+2026+-+%2315.jpg https://images.squarespace-cdn.com/content/v1/5013f4b2c4aaa4752ac69b17/aca5a127-c803-4696-b48a-61b1e81396f1/Anglesey+May+2026+-+%2314.jpg https://images.squarespace-cdn.com/content/v1/5013f4b2c4aaa4752ac69b17/04fe0f18-741d-4dc5-870f-50ce45b9c788/Anglesey+May+2026+-+%2313.jpg https://images.squarespace-cdn.com/content/v1/5013f4b2c4aaa4752ac69b17/f9e84ba5-0abb-41d1-9bd5-52b5edc76c29/Anglesey+May+2026+-+%2312.jpg https://images.squarespace-cdn.com/content/v1/5013f4b2c4aaa4752ac69b17/c3424ac8-f2d9-4dff-abff-b0fa9cd1dc6d/Anglesey+May+2026+-+%2311.jpg https://images.squarespace-cdn.com/content/v1/5013f4b2c4aaa4752ac69b17/23c324be-0925-4468-ac6d-0d60413b2b86/Anglesey+May+2026+-+%2310.jpg https://images.squarespace-cdn.com/content/v1/5013f4b2c4aaa4752ac69b17/993552db-c4c1-4ebd-9142-f9ea292d8298/Anglesey+May+2026+-+%2309.jpg https://images.squarespace-cdn.com/content/v1/5013f4b2c4aaa4752ac69b17/6fbc5496-6809-4974-980e-5758df8645a3/Anglesey+May+2026+-+%2308.jpg https://images.squarespace-cdn.com/content/v1/5013f4b2c4aaa4752ac69b17/8aebb45b-b41b-4165-9be0-8b5e019cfc3a/Anglesey+May+2026+-+%2307.jpg https://images.squarespace-cdn.com/content/v1/5013f4b2c4aaa4752ac69b17/65c1a1c5-d18e-4262-83ba-9e5783b72946/Anglesey+May+2026+-+%2306.jpg https://images.squarespace-cdn.com/content/v1/5013f4b2c4aaa4752ac69b17/82d85fde-d304-453e-9533-936fa09e7525/Anglesey+May+2026+-+%2305.jpg https://images.squarespace-cdn.com/content/v1/5013f4b2c4aaa4752ac69b17/d18267b4-99d6-47df-bd34-af9f01c95dd8/Anglesey+May+2026+-+%2304.jpg https://images.squarespace-cdn.com/content/v1/5013f4b2c4aaa4752ac69b17/2d3421f8-9b7d-49a4-aa92-095ac00fc3f3/Anglesey+May+2026+-+%2303.jpg https://images.squarespace-cdn.com/content/v1/5013f4b2c4aaa4752ac69b17/4b803493-0aeb-4980-83f1-0a6a3251144b/Anglesey+May+2026+-+%2302.jpg https://images.squarespace-cdn.com/content/v1/5013f4b2c4aaa4752ac69b17/d54a4e32-dce1-4cca-b7f8-ae3ae48203e6/Anglesey+May+2026+-+%2301.jpg"
"5d67b5f0d3c92c0001a3ac53","ff5e7e28-7560-4bdb-99d6-e091ef463f9f","SERVICE","photo-workshops-uk","landscape-photography-workshops-glencoe","Landscape Photography Workshop Glencoe | 15 - 17 Mar 2021","<h4 style=""white-space:pre-wrap;"" data-rte-preserve-empty=""true"">Join me on this landscape photography workshop Glencoe in the iconic mountain, lochs, waterfall areas of Scotland's Glencoe.</h4><h4 style=""white-space:pre-wrap;"" data-rte-preserve-empty=""true""><strong>Summary</strong></h4><ul data-rte-list=""true""><li><p style=""white-space:pre-wrap;"" data-rte-preserve-empty=""true""><strong>Location:</strong> Landscape Photography Workshop Glencoe</p></li><li><p style=""white-space:pre-wrap;"" data-rte-preserve-empty=""true""><strong>Dates:</strong> Fri 15th - Sun 17th Mar 2021 3 Days/2 Nights</p></li><li><p style=""white-space:pre-wrap;"" data-rte-preserve-empty=""true""><strong>Participants:</strong> Max 4</p></li><li><p style=""white-space:pre-wrap;"" data-rte-preserve-empty=""true""><strong>Fitness:</strong> 4. Moderate-Hard</p></li><li><p style=""white-space:pre-wrap;"" data-rte-preserve-empty=""true""><strong>Experience Level:</strong> Beginner to Advanced</p></li><li><p style=""white-space:pre-wrap;"" data-rte-preserve-empty=""true""><strong>Equipment Needed: </strong>DSLR or Mirrorless Camera and Tripod</p></li><li><p style=""white-space:pre-wrap;"" data-rte-preserve-empty=""true""><strong>Photo Workshop Event Details</strong>: <a href=""/photography-workshops-near-me"">Glencoe</a></p></li><li><p style=""white-space:pre-wrap;"" data-rte-preserve-empty=""true""><strong>Description: </strong>The weather creates unique windows to capture, reflections, mist, stormy skies and subtle and strong colours - often all in the space of 1-2 days and sometimes just hours. We will visit approximately 2-3 locations a day in a weekend subject to the wishes of the group, time, weather and other factors on this Landscape Glencoe Photography Workshop</p></li></ul>","SQ8178877","","","Options","Fri 3-5 Dec 2021 - 3 Days","","","","","","","","","","","875.00","825.00","Yes","0","'- weekend residential photo workshops","glencoe","","","","","No","https://images.squarespace-cdn.com/content/v1/5013f4b2c4aaa4752ac69b17/1b59cb9c-8434-469e-837f-90867a3f4fbd/Glencoe+Photography+Workshop.jpg https://images.squarespace-cdn.com/content/v1/5013f4b2c4aaa4752ac69b17/1572346582731-6CHPEPH6XT07IASNGMGK/Glencoe-photography-workshops.png https://images.squarespace-cdn.com/content/v1/5013f4b2c4aaa4752ac69b17/1705843056741-N82WJUU9IAWFDGDWXWSO/Lochan+Urr.jpg https://images.squarespace-cdn.com/content/v1/5013f4b2c4aaa4752ac69b17/1705843056354-1WEBMS8W9D4XB259VSP5/Altnafeadh.jpg https://images.squarespace-cdn.com/content/v1/5013f4b2c4aaa4752ac69b17/1705843056354-H3C2TYPJZWKXSD67WX7H/aumn+hues.jpg https://images.squarespace-cdn.com/content/v1/5013f4b2c4aaa4752ac69b17/1705843056696-X83375BUYX4ZPRHNNAL6/Buachaille+Etive+Mor+3.jpg https://images.squarespace-cdn.com/content/v1/5013f4b2c4aaa4752ac69b17/1705843056713-EBFTA2N0CCUVJU8TO4KC/Buachaille+Etive+Mor.jpg https://images.squarespace-cdn.com/content/v1/5013f4b2c4aaa4752ac69b17/1705843056741-YS5J6J16KW7FEB0EGQRZ/River+Etive+Falls.jpg https://images.squarespace-cdn.com/content/v1/5013f4b2c4aaa4752ac69b17/1705843056748-3N3ZF0H2020G4DRZ1PX4/spotlight.jpg https://images.squarespace-cdn.com/content/v1/5013f4b2c4aaa4752ac69b17/1705843056751-1L55C33AL8Z0YR07V1RM/roots.jpg https://images.squarespace-cdn.com/content/v1/5013f4b2c4aaa4752ac69b17/1705843056774-74B7UJV7GH4IKZ9PFKRJ/tree+shapes+4.jpg https://images.squarespace-cdn.com/content/v1/5013f4b2c4aaa4752ac69b17/1705843056774-H8IKE4GKHA1CUXYT53TF/Tree.jpg https://images.squarespace-cdn.com/content/v1/5013f4b2c4aaa4752ac69b17/1705843056778-EEX5X2I3PAVNMJB5YIKB/Buachaille+Etive+Mor+2.jpg https://images.squarespace-cdn.com/content/v1/5013f4b2c4aaa4752ac69b17/1705843056789-0N6LSN1C6FY0P5KJHK4B/Black+and+Gold.jpg https://images.squarespace-cdn.com/content/v1/5013f4b2c4aaa4752ac69b17/1705843056794-34WR5I22R9HSNXCS7FRA/Loch+Etive.jpg https://images.squarespace-cdn.com/content/v1/5013f4b2c4aaa4752ac69b17/1705843056795-BZF43IE2D5GNV7H5EGJ8/tree+shapes+2.jpg https://images.squarespace-cdn.com/content/v1/5013f4b2c4aaa4752ac69b17/1705843056797-HN4IEDPUTZ6BEOC1ZFLR/Kilchurn+Castle_.jpg https://images.squarespace-cdn.com/content/v1/5013f4b2c4aaa4752ac69b17/1705843056798-M4X8CLAIM53OWJWI7ALZ/Loch+Urr+Pass.jpg https://images.squarespace-cdn.com/content/v1/5013f4b2c4aaa4752ac69b17/1705843056802-IM52R3DU9W3KSBPN3M4L/gold.jpg https://images.squarespace-cdn.com/content/v1/5013f4b2c4aaa4752ac69b17/1705843056803-72IFBK64IFIQGE50VXRU/tree+shapes+5.jpg https://images.squarespace-cdn.com/content/v1/5013f4b2c4aaa4752ac69b17/1721728901241-20AA27HMG9PCWEE195DQ/Landscape+Photography+Workshop+Glencoe.jpg"
"5d6781f08fc07e0001679882","02c06821-92ae-4da4-8753-c9629ea195f4","SERVICE","photo-workshops-uk","landscape-photography-workshops-nant-mill","NANT MILL Woodlands and Waterfalls Photo Workshop 7 Jun","<h4 style=""white-space:pre-wrap;"" data-rte-preserve-empty=""true"">Long exposures photography on the river and waterfalls that run through this enchanting woodland, secluded Welsh valley at Nant Mill</h4><p style=""white-space:pre-wrap;"" data-rte-preserve-empty=""true""><strong>Summary</strong></p><ul data-rte-list=""default""><li><p style=""white-space:pre-wrap;"" data-rte-preserve-empty=""true""><strong>Location:</strong> Wales - Wrexham - Nant Mill</p></li><li><p style=""white-space:pre-wrap;"" data-rte-preserve-empty=""true""><strong>Dates:</strong> Sat 7th June 2025</p></li><li><p style=""white-space:pre-wrap;"" data-rte-preserve-empty=""true"">10:30 am to 2 pm</p></li><li><p style=""white-space:pre-wrap;"" data-rte-preserve-empty=""true""><strong>Participants:</strong> Max 6</p></li><li><p style=""white-space:pre-wrap;"" data-rte-preserve-empty=""true""><strong>Fitness:</strong> 2. Easy-Moderate</p></li><li><p style=""white-space:pre-wrap;"" data-rte-preserve-empty=""true""><strong>Experience Level:</strong> Beginner to Advanced</p></li><li><p style=""white-space:pre-wrap;"" data-rte-preserve-empty=""true""><strong>Equipment Needed: </strong>DSLR or Mirrorless Camera and Tripod</p></li><li><p style=""white-space:pre-wrap;"" data-rte-preserve-empty=""true""><strong>Photography Workshop Event Details</strong>: <a href=""/photography-workshops"" rel=""noopener"">Nant Mill</a></p></li><li><p style=""white-space:pre-wrap;"" data-rte-preserve-empty=""true""><strong>Description:</strong> This Nant Mill long exposure photography workshop takes you into a secluded Welsh valley near Wrexham, where a river and its waterfalls tumble through enchanting ancient woodland — open to all levels and any camera. Flowing water in a quiet, leafy gorge is the perfect subject for long exposure, and this half-day workshop is about more than the silky-water effect: it's about learning to <em>see</em> this beautiful, tucked-away place and make images of it that are calm, considered and your own, rather than the same shot everyone takes.</p><p style=""white-space:pre-wrap;"" data-rte-preserve-empty=""true"">The long-exposure craft is the floor we build on — setting up your tripod and filters, and calculating the right exposure time for the effect you want — but the real work is composition and seeing. Working the river, falls and woodland together, you'll learn to find order among the rocks, water and trees, to compose the intimate, close-up detail as readily as the wider valley view, and to read the soft, dappled light and the natural greens and browns of this ancient wood as a quiet harmony rather than chasing a loud, over-processed look. The aim is a photograph with mood and restraint — moving water that feels the way the place actually feels.</p><p style=""white-space:pre-wrap;"" data-rte-preserve-empty=""true"">It's a small group of no more than six, taught personally and pitched at exactly your level, so whether long exposure is new to you or you're refining your technique you get real one-to-one guidance in the field. You'll come away with a set of atmospheric long-exposure images of one of North Wales' hidden gems — and a stronger, more intentional way of seeing moving water and woodland that you can take anywhere.</p></li></ul>","SQ4568959","","","","","","","","","","","","","","","125.00","85.00","No","6","All Photography Workshops, - half-day photo workshops, Landscape, Woodlands","wales","","","","","Yes","https://images.squarespace-cdn.com/content/v1/5013f4b2c4aaa4752ac69b17/83fecb77-55e2-4a1b-b532-efa4213e832a/limbs.jpg https://images.squarespace-cdn.com/content/v1/5013f4b2c4aaa4752ac69b17/1572346864153-588VV74WPUCO9F7D5PRK/nant-mill-woodlands-photography-workshop.png https://images.squarespace-cdn.com/content/v1/5013f4b2c4aaa4752ac69b17/1658912642693-9H24JEDLXDUPCASRJJJV/gnarly.jpg https://images.squarespace-cdn.com/content/v1/5013f4b2c4aaa4752ac69b17/1658912643243-N2SREOMTSVM9S1AH0W7I/limbs.jpg https://images.squarespace-cdn.com/content/v1/5013f4b2c4aaa4752ac69b17/1658912643235-WPNVLXTYFV4X36W131F0/stump.jpg"
"53d3bd62e4b02158d29bb1a9","297ff107-09d5-4e44-a253-51edc16a18b5","SERVICE","photography-services-near-me","lightroom-courses-for-beginners-coventry","Lightroom Courses for Beginners Photo Editing - Coventry","<h4 style=""white-space:pre-wrap;"" data-rte-preserve-empty=""true"">For those who want to implement the best workflow for image management and all the dos and don'ts of post-production with these <strong>Photo Editing Classes</strong> with Lightroom</h4><h3 style=""text-align: start; ; white-space:pre-wrap;"" data-rte-preserve-empty=""true"">Adobe Lightroom Classic Courses for Beginners - Coventry</h3><ul data-rte-list=""default""><li><p style=""white-space:pre-wrap;"" data-rte-preserve-empty=""true""><strong>Location:</strong> 45 Hathaway Road, Coventry, CV4 9HW</p></li><li><p style=""white-space:pre-wrap;"" data-rte-preserve-empty=""true""><strong>Duration:</strong> 3 &times; 2hr evening classes (19:00–21:00)</p></li><li><p style=""white-space:pre-wrap;"" data-rte-preserve-empty=""true""><strong>Participants:</strong> Max 3</p></li><li><p style=""white-space:pre-wrap;"" data-rte-preserve-empty=""true""><strong>Start Dates:</strong> <a href=""/photo-editing-course-coventry"" rel=""noopener"">Lightroom Editing Course</a> </p></li><li><p style=""white-space:pre-wrap;"" data-rte-preserve-empty=""true"">Coventry 3 wks - Mon 7 Sep - 21 Sep 2026</p></li><li><p style=""white-space:pre-wrap;"" data-rte-preserve-empty=""true"">Coventry 3 wks - Thu 12 Nov - 26 Nov 2026</p></li><li><p style=""white-space:pre-wrap;"" data-rte-preserve-empty=""true""><strong>Level:</strong> Beginners</p></li><li><p style=""white-space:pre-wrap;"" data-rte-preserve-empty=""true""><strong>Description:</strong> A practical three-week evening course that takes you from a messy photo library and untouched RAW files to a finished, repeatable Lightroom Classic workflow — working on your own laptop throughout.</p><p style=""white-space:pre-wrap;"" data-rte-preserve-empty=""true""><strong>Week 1 </strong>is about getting organised: catalogues, importing, collections, keywords and star ratings, so you can find and manage your photos for good rather than losing them across folders.</p><p style=""white-space:pre-wrap;"" data-rte-preserve-empty=""true""><strong>Week 2</strong> moves on to global adjustments — reading the histogram, then exposure, white balance, contrast, tone curves and sharpening — the core develop tools that do most of the work on any image.</p><p style=""white-space:pre-wrap;"" data-rte-preserve-empty=""true""><strong>Week 3</strong> covers local adjustments — graduated and radial filters, adjustment brushes and spot removal — and pulling it together into a consistent, repeatable style across your photos.</p><p style=""white-space:pre-wrap;"" data-rte-preserve-empty=""true"">With a maximum of three people, you get real hands-on help on your own screen whenever you hit a problem, plus course notes for each module and practical assignments to work on between sessions. Beginners welcome — no editing experience needed; just bring a laptop with Adobe Lightroom Classic installed and an active subscription.</p></li><li><p style=""white-space:pre-wrap;"" data-rte-preserve-empty=""true""><strong>Equipment:</strong> You will need a laptop with Adobe Lightroom Classic subscription and the App installed. Alan will provide you with a training Lightroom Library with images and use that to explain and then demonstrate the various tools.</p></li></ul>","SQ7526725","","","Option","Coventry 3 wks - Mon 7 Sep - 21 Sep 2026","","","","","","","","","","","150.00","0.00","No","2","photography-classes, photography-courses, photo editing, lightroom","coventry, lightroom course, photo editing, post-production, editing classes","","","","","Yes","https://images.squarespace-cdn.com/content/v1/5013f4b2c4aaa4752ac69b17/fe40a5e1-7fa2-4057-982e-555479b97022/Lightroom+courses+-+photo+editing+course.png https://images.squarespace-cdn.com/content/v1/5013f4b2c4aaa4752ac69b17/6d947ade-2e4c-43e2-8f5d-5b43e2e4c4e8/lightroom+course+-+photo+editing.png https://images.squarespace-cdn.com/content/v1/5013f4b2c4aaa4752ac69b17/1ebd1127-d7ce-46a3-97ca-156d177ff7ed/photo+editing+course.png"
"","9da535cf-0e80-4e89-824f-ff9e0d23e7de","","","","","","SQ6831161","","","Option","Coventry 3 wks - Thu 12 Nov - 26 Nov 2026","","","","","","","","","","","150.00","0.00","No","3","","","","","","","",""
"5e26cd276764070705ec2a0d","f62335ec-41e4-4457-86d4-909afcbac127","SERVICE","photo-workshops-uk","long-exposure-photography-kenilworth","Long Exposure Photography Workshop KENILWORTH Sunset","<h4 style=""white-space:pre-wrap;"" data-rte-preserve-empty=""true"">Sunset landscape long exposure photography workshop shoots around Kenilworth Castle - Warwickshire - Various Dates | Long Exposures | Open to all levels| Book Today</h4><h3 style=""white-space:pre-wrap;"" data-rte-preserve-empty=""true""><strong>Summary</strong></h3><ul data-rte-list=""default""><li><p style=""white-space:pre-wrap;"" data-rte-preserve-empty=""true""><strong>Location:</strong> Warwickshire - Kenilworth</p></li><li><p style=""white-space:pre-wrap;"" data-rte-preserve-empty=""true""><strong>Dates:</strong></p><ul data-rte-list=""default""><li><p style=""white-space:pre-wrap;"" data-rte-preserve-empty=""true"">Mon 11 May 2026 - 18:30 - 20:30</p></li><li><p style=""white-space:pre-wrap;"" data-rte-preserve-empty=""true"">Tue 1 Sep 2026 - 18:00 - 20:00</p></li><li><p style=""white-space:pre-wrap;"" data-rte-preserve-empty=""true"">Wed 23 Sep 2026 - 17:45 - 19:45</p></li><li><p style=""white-space:pre-wrap;"" data-rte-preserve-empty=""true"">Mon 22 Mar 2027 - 18:00 - 20:00</p></li><li><p style=""white-space:pre-wrap;"" data-rte-preserve-empty=""true"">Wed 14 Apr 2027 - 18:30 - 20:30</p></li></ul></li><li><p style=""white-space:pre-wrap;"" data-rte-preserve-empty=""true""><strong>Participants:</strong> Max 6</p></li><li><p style=""white-space:pre-wrap;"" data-rte-preserve-empty=""true""><strong>Fitness:</strong> 1. Easy</p></li><li><p style=""white-space:pre-wrap;"" data-rte-preserve-empty=""true""><strong>Experience Level:</strong> Beginner to Advanced</p></li><li><p style=""white-space:pre-wrap;"" data-rte-preserve-empty=""true""><strong>Equipment Needed: </strong>DSLR or Mirrorless Camera and Tripod</p></li><li><p style=""white-space:pre-wrap;"" data-rte-preserve-empty=""true""><strong>Photography Workshop Event Details</strong> <a href=""/photography-workshops"" rel=""noopener"">Kenilworth</a></p></li><li><p style=""white-space:pre-wrap;"" data-rte-preserve-empty=""true""><strong>Description:</strong> This Long Exposure Photography Workshop is an evening shoot around the floodlit ruins of Kenilworth Castle in Warwickshire, open to all levels and any camera. Once one of England's mightiest fortresses and Robert Dudley's Elizabethan palace, the castle makes a dramatic subject against a darkening sky — and this workshop is built around the magic of long exposure at dusk, when the fading light, the castle's silhouette and a slow shutter combine to create atmospheric images that capture a sense of place, not just a record of a building.</p><p style=""white-space:pre-wrap;"" data-rte-preserve-empty=""true"">The long-exposure craft is the floor we build on, and we'll cover it properly: calculating exposure times for the movement and mood you want, focusing and exposing confidently in low light, and balancing ISO, shutter and aperture as the light drops. But the real work is learning to see. As the sky changes you'll compose the castle with intention — finding the frame beyond the obvious silhouette, working detail and texture as readily as the grand wide view, and reading the interplay of fading light, floodlight and deep shadow as a harmony rather than a problem to fight. The aim is an image with mood and restraint, where every element earns its place.</p><p style=""white-space:pre-wrap;"" data-rte-preserve-empty=""true"">It's a small group of no more than six, taught personally and pitched at exactly your level, so whether long exposure is new to you or you're refining your technique, you get real one-to-one guidance in the field. You'll come away with a set of atmospheric long-exposure images of one of England's most romantic castles — and a sharper, more intentional way of seeing light, movement and mood after dark anywhere.</p></li></ul>","SQ5325711","","","Options","Mon 11 May 2026 - 18:30 - 20:30","","","","","","","","","","","65.00","50.00","Yes","0","All Photography Workshops, - half-day photo workshops, Landscape","coventry, kenilworth","","","","","Yes","https://images.squarespace-cdn.com/content/v1/5013f4b2c4aaa4752ac69b17/1712472502735-OHOKCDKMCP1BAMQ0JQUA/kenilworth+defenses.jpg https://images.squarespace-cdn.com/content/v1/5013f4b2c4aaa4752ac69b17/1597837062275-ZRE8I06DUZZE7EL61M5C/kenilworth-castle-sunrise-sunset-photography-workshop.jpg https://images.squarespace-cdn.com/content/v1/5013f4b2c4aaa4752ac69b17/1712472502812-TQKLPYE8E26Y31KJNQ9S/kenilworth+fireworks+2015+-+%2307.jpg https://images.squarespace-cdn.com/content/v1/5013f4b2c4aaa4752ac69b17/1712472502860-6SKKY30XYYB4QQUBR435/Moon.jpg https://images.squarespace-cdn.com/content/v1/5013f4b2c4aaa4752ac69b17/1712472502696-97LIKS3K9LDV5YL4O1SS/behind+bars.jpg https://images.squarespace-cdn.com/content/v1/5013f4b2c4aaa4752ac69b17/1712472502738-MBFPGJ52KH4FZ12WV5YX/kenilworth.jpg https://images.squarespace-cdn.com/content/v1/5013f4b2c4aaa4752ac69b17/1712472502762-NCITHVZ7W3TUO0G79X4C/windows+to+heaven.jpg https://images.squarespace-cdn.com/content/v1/5013f4b2c4aaa4752ac69b17/1712472502789-NAD3Z6L2EI3X2LPNRDD6/castle+walk.jpg https://images.squarespace-cdn.com/content/v1/5013f4b2c4aaa4752ac69b17/1712472502810-SB6WSIYK0K851CXUKZ21/man+and+his+dog.jpg https://images.squarespace-cdn.com/content/v1/5013f4b2c4aaa4752ac69b17/1712472502810-1VSDT17WTKTWJREBCG5D/graveyard+shift.jpg https://images.squarespace-cdn.com/content/v1/5013f4b2c4aaa4752ac69b17/1712472502811-4GU8EWPPK70RQK9GWQMU/ice+flakes.jpg https://images.squarespace-cdn.com/content/v1/5013f4b2c4aaa4752ac69b17/1712472502813-4479E26GCLUG15RLOHLH/Kenilworth+%2301+-+Apr+2023.jpg https://images.squarespace-cdn.com/content/v1/5013f4b2c4aaa4752ac69b17/1712472502815-59IWJAZVBV1G3YNNUBAN/ruins.jpg https://images.squarespace-cdn.com/content/v1/5013f4b2c4aaa4752ac69b17/1712472502818-0Q8PIDYJICHBIGGMFV1M/castle+windows.jpg https://images.squarespace-cdn.com/content/v1/5013f4b2c4aaa4752ac69b17/1712472502818-LBPP1ZZ1SAYW6UX7SAVD/cottage.jpg https://images.squarespace-cdn.com/content/v1/5013f4b2c4aaa4752ac69b17/1712472502819-S36UV7I8FYZHHOJ6MGGJ/kenilworth+ruins.jpg https://images.squarespace-cdn.com/content/v1/5013f4b2c4aaa4752ac69b17/1712472502819-YJQRH73QXJRRFHDEYS89/dark+secrets.jpg https://images.squarespace-cdn.com/content/v1/5013f4b2c4aaa4752ac69b17/1721730290805-DVZVJH19KFI9SV2YKT1W/Long+Exposure+Photography+Workshop.jpg"
"","4000ae10-20c4-467c-a2d7-56addef4514d","","","","","","SQ9140400","","","Options","Tue 1 Sep 2026 - 18:00 - 20:00","","","","","","","","","","","65.00","50.00","Yes","4","","","","","","","",""
"","bd6a66f4-9b07-48b9-adc7-3c87cb73d4a7","","","","","","SQ8220723","","","Options","Wed 23 Sep 2026 - 17:45 - 19:45","","","","","","","","","","","65.00","50.00","Yes","6","","","","","","","",""
"","b416b722-f439-49ee-a77e-2fdd7a5b31d3","","","","","","SQ0932604","","","Options","Mon 22 Mar 2027 - 18:00 - 20:00","","","","","","","","","","","65.00","50.00","Yes","5","","","","","","","",""
"","1a8edc66-edea-4b80-ab6b-703beb113b57","","","","","","SQ1178418","","","Options","Wed 14 Apr 2027 - 18:30 - 20:30","","","","","","","","","","","65.00","50.00","Yes","6","","","","","","","",""
"5cc817ebf9619ad23bf0ea6c","586ca29a-b45a-4119-af3b-e6878486683f","SERVICE","photo-workshops-uk","long-exposure-photography-workshop-fairy-glen","FAIRY GLEN and Fairy Falls Long Exposure Photography","<h4 style=""white-space:pre-wrap;"" data-rte-preserve-empty=""true"">A magical gorge on the River Conwy at Betws-y-Coed. Fairy Glen and Fairy Falls provide an opportunity to practise long exposure photography on the magic of this river. <strong><span>Fairy Glen Betws-y-Coed Long Exposure Photography Workshop</span></strong></h4><h3 style=""white-space:pre-wrap;"" data-rte-preserve-empty=""true""><strong>Summary</strong></h3><ul data-rte-list=""default""><li><p style=""white-space:pre-wrap;"" data-rte-preserve-empty=""true""><strong>Location:</strong> Wales - Betws-y-Coed</p></li><li><p style=""white-space:pre-wrap;"" data-rte-preserve-empty=""true""><strong>Dates:</strong></p></li><li style=""margin-left: 40px""><p style=""white-space:pre-wrap;"" data-rte-preserve-empty=""true"">Sat 26th Sep 2026 - 10:00 - 13:30</p></li><li style=""margin-left: 40px""><p style=""white-space:pre-wrap;"" data-rte-preserve-empty=""true"">Sat 6th Mar 2027 - 10:00 - 13:30</p></li><li style=""margin-left: 40px""><p style=""white-space:pre-wrap;"" data-rte-preserve-empty=""true"">Fri 14th May 2027 - 10:00 - 13:30 + Option for Anglesey Weekend Workshop</p></li><li><p style=""white-space:pre-wrap;"" data-rte-preserve-empty=""true""><strong>Participants:</strong> Max 4</p></li><li><p style=""white-space:pre-wrap;"" data-rte-preserve-empty=""true""><strong>Fitness:</strong> 2. Moderate</p></li><li><p style=""white-space:pre-wrap;"" data-rte-preserve-empty=""true""><strong>Experience Level:</strong> Beginner to Advanced</p></li><li><p style=""white-space:pre-wrap;"" data-rte-preserve-empty=""true""><strong>Equipment Needed: </strong>DSLR or Mirrorless Camera and Tripod</p></li><li><p style=""white-space:pre-wrap;"" data-rte-preserve-empty=""true""><strong>Photography Workshop Event Details</strong> <a href=""/photography-workshops"" rel=""noopener"">Fairy Glen</a></p></li><li><p style=""white-space:pre-wrap;"" data-rte-preserve-empty=""true""><strong>Description:</strong> This Fairy Glen long exposure photography workshop takes you into one of Wales' most magical locations — a serene, secluded gorge where the River Conwy tumbles through the woods at Betws-y-Coed — and is open to all levels and any camera. Flowing water through a wooded gorge is the perfect subject for long exposure, and this half-day workshop is about more than the silky-water effect: it's about learning to <em>see</em> this enchanting place and make images of it that are calm, considered and your own, rather than the same shot everyone takes.</p><p style=""white-space:pre-wrap;"" data-rte-preserve-empty=""true"">The long-exposure craft is the floor we build on — setting up your tripod and filters, and calculating the right exposure time for the effect you want — but the real work is composition and seeing. Working two great locations within a couple of miles of each other, you'll learn to find order among the rocks, water and woodland, to compose the intimate detail as readily as the wider gorge, and to read the soft, dappled light and the natural greens and browns of the glen as a quiet harmony rather than chasing a loud, over-processed look. The aim is a photograph with mood and restraint — moving water that feels like the place actually feels.</p><p style=""white-space:pre-wrap;"" data-rte-preserve-empty=""true"">With a maximum of just four photographers, this is genuinely personal tuition, with Alan guiding each person through observation, shot design, shooting and image reviews at both locations. You'll come away with a set of atmospheric long-exposure images of one of Snowdonia's hidden gems — and a stronger, more intentional way of seeing moving water and woodland that you can take anywhere.</p></li></ul>","SQ8778402","","","Dates","Sat 26th Sep 2026 - 10:00 - 13:30","","","","","","","","","","","125.00","0.00","No","0","All Photography Workshops, - half-day photo workshops, Landscape","wales","","","","","Yes","https://images.squarespace-cdn.com/content/v1/5013f4b2c4aaa4752ac69b17/1707214813724-6QPD5O2XJNRQNOEIRBXO/Fairy+Glen+Betws-y-Coed+Photography+Workshop.jpg https://images.squarespace-cdn.com/content/v1/5013f4b2c4aaa4752ac69b17/1563952307316-KEJM7LKU6FTRMQI7RF7N/Betws-y-+Coed+-+Waterfalls-Workshop.png https://images.squarespace-cdn.com/content/v1/5013f4b2c4aaa4752ac69b17/1658912688778-H3MMJS6R2JNRKNPZ076A/Fairy+Glen+1.jpg https://images.squarespace-cdn.com/content/v1/5013f4b2c4aaa4752ac69b17/1658912689872-HYD9SQQGHFGCIFREI8FZ/Fairy+Glen+2.jpg https://images.squarespace-cdn.com/content/v1/5013f4b2c4aaa4752ac69b17/1658912690019-EGMKYK854CK7F9OWQQ3O/Fairy+Glen+3.jpg https://images.squarespace-cdn.com/content/v1/5013f4b2c4aaa4752ac69b17/1658912690067-K365GG65HWSDEALPJT8S/Fairy+Glen+4.jpg https://images.squarespace-cdn.com/content/v1/5013f4b2c4aaa4752ac69b17/1658912690088-PHSN6J3QZCJVY05HTUDG/Fairy+Glen+7.jpg https://images.squarespace-cdn.com/content/v1/5013f4b2c4aaa4752ac69b17/1658912690098-7RJZ1I3QC27924O6X3R8/Fairy+Glen+8.jpg https://images.squarespace-cdn.com/content/v1/5013f4b2c4aaa4752ac69b17/1721731291682-99ABP1FCPYAB4ZSHOG4E/Fairy+Falls+Long+Exposure+Photography.jpg https://images.squarespace-cdn.com/content/v1/5013f4b2c4aaa4752ac69b17/b7c7f09e-a165-4537-a4e8-2c919c26fe9a/Fairy+Falls+%2302+-+Oct+2023.jpg https://images.squarespace-cdn.com/content/v1/5013f4b2c4aaa4752ac69b17/dba14347-572a-4610-bd96-3319f53fd6ff/Fairy+Falls+%2303+-+Oct+2023.jpg https://images.squarespace-cdn.com/content/v1/5013f4b2c4aaa4752ac69b17/2cd1362b-f439-424f-aba3-c43c2fa9f291/Fairy+Falls+%2304+-+Oct+2023-2.jpg https://images.squarespace-cdn.com/content/v1/5013f4b2c4aaa4752ac69b17/793ecc2d-22c2-4d02-ae4d-6e8e173e2089/Fairy+Falls+%2305+-+Oct+2023.jpg"
"","43fd28bb-032f-4b17-be01-17519db28ee0","","","","","","SQ9080164","","","Dates","Sat 6th Mar 2027 - 10:00 - 13:30","","","","","","","","","","","125.00","0.00","No","4","","","","","","","",""
"","fb91f0f0-f263-44a0-b2c8-6b8158a3eb3a","","","","","","SQ6636860","","","Dates","Fri 14th May 2027 - 10:00 - 13:30","","","","","","","","","","","125.00","0.00","No","4","","","","","","","",""
"5cf3fbeac83f430001d51443","094a6795-997e-4ac3-a6f1-d5ef7c7ce282","SERVICE","photo-workshops-uk","long-exposure-photography-workshops-burnham","BURNHAM ON SEA Long Exposure Photography Workshop 1 Aug","<h4 style=""white-space:pre-wrap;"" data-rte-preserve-empty=""true"">Seascape and Long Exposure Photography workshop at this iconic location in Somerset with the lighthouse at Burnham on Sea</h4><p style=""white-space:pre-wrap;"" data-rte-preserve-empty=""true""><strong>Summary</strong></p><ul data-rte-list=""default""><li><p style=""white-space:pre-wrap;"" data-rte-preserve-empty=""true""><strong>Location:</strong> Somerset - Burnham On Sea</p></li><li><p style=""white-space:pre-wrap;"" data-rte-preserve-empty=""true""><strong>Dates:</strong> Sat 1st Aug 2026 - 18:45 - 21:15</p></li><li><p style=""white-space:pre-wrap;"" data-rte-preserve-empty=""true""><strong>Participants:</strong> Max 6</p></li><li><p style=""white-space:pre-wrap;"" data-rte-preserve-empty=""true""><strong>Fitness:</strong> 1. Easy</p></li><li><p style=""white-space:pre-wrap;"" data-rte-preserve-empty=""true""><strong>Experience Level:</strong> Beginner to Advanced</p></li><li><p style=""white-space:pre-wrap;"" data-rte-preserve-empty=""true""><strong>Equipment Needed: </strong>DSLR or Mirrorless Camera and Tripod</p></li><li><p style=""white-space:pre-wrap;"" data-rte-preserve-empty=""true""><strong>Photography Workshop Event Details</strong> <a href=""/photography-workshops"" rel=""noopener"">Burnham</a></p></li><li><p style=""white-space:pre-wrap;"" data-rte-preserve-empty=""true""><strong>Description:</strong> This Burnham on Sea long exposure photography workshop is an evening on the Somerset coast built around one of the most photogenic subjects in the country — the town's iconic nine-legged lighthouse, standing on stilts on the open beach. Open to all levels and any camera, it's about the art of long exposure: not just the silky-water effect, but learning to <em>see</em> this minimalist coast and make images of it that are calm, considered and your own, rather than the same shot everyone takes.</p><p style=""white-space:pre-wrap;"" data-rte-preserve-empty=""true"">The long-exposure craft is the floor we build on, and we'll cover it properly — setting up, calculating shutter times and using filters — before heading onto the beach to shoot on an incoming tide as the sun sets. But the real work is composition and seeing. As the light builds you'll learn to place the lighthouse with real intention in a clean, minimalist frame, to work the intimate detail of stilts, reflections and wet sand as readily as the wide seascape, and to read the soft, shifting colour of a coastal sunset as a harmony rather than chasing a loud, over-saturated sky. The aim is mood and restraint — an image that feels like the quiet of that beach at dusk.</p><p style=""white-space:pre-wrap;"" data-rte-preserve-empty=""true"">It's a small group of no more than six, taught personally and pitched at exactly your level, with Alan on hand throughout for settings, composition and one-to-one guidance in the field. Whether long exposure is new to you or you're refining your technique, you'll come away with a set of atmospheric sunset images of this famous Somerset landmark — and a sharper, more intentional way of seeing light, movement and mood that you can take to any coast.</p></li></ul>","SQ9466277","","","","","","","","","","","","","","","95.00","75.00","No","3","coastal, All Photography Workshops, - half-day photo workshops","sunrise, sunset, somerset, weekend","","","","","Yes","https://images.squarespace-cdn.com/content/v1/5013f4b2c4aaa4752ac69b17/1714573609279-RSKP2ELI51B1VY87SOCS/Burnham+Still.jpg https://images.squarespace-cdn.com/content/v1/5013f4b2c4aaa4752ac69b17/1714573609239-LYIQ19YAZZBSFBHUGA4F/Burnham+On+Sea+%2301+-+Aug+2021.jpg https://images.squarespace-cdn.com/content/v1/5013f4b2c4aaa4752ac69b17/1714573609278-6Y87MECVVNMB9PK5CVOE/Burnham-on-sea+Low+Lighthouse+%2301+-+March+2022.jpg https://images.squarespace-cdn.com/content/v1/5013f4b2c4aaa4752ac69b17/1714573609262-U0H9NOK7YPN3ZE222ZHZ/Burnham+On+Sea+%2302+-+Aug+2021.jpg https://images.squarespace-cdn.com/content/v1/5013f4b2c4aaa4752ac69b17/1714573609264-D6V6FMEURF93L27PIJGS/Burnham+On+Sea+%2303+-+Aug+2021.jpg https://images.squarespace-cdn.com/content/v1/5013f4b2c4aaa4752ac69b17/1714573609277-3ZV98CBXVGY97892575P/burnham+set.jpg https://images.squarespace-cdn.com/content/v1/5013f4b2c4aaa4752ac69b17/1714573609400-6T3INO45KB7VYFRNO4F3/Burnham+On+Sea.jpg https://images.squarespace-cdn.com/content/v1/5013f4b2c4aaa4752ac69b17/1721731453255-YNE3ZBOINGG459HZUZXI/Burnham+On+Sea+Long+Exposure+Photography+Workshop.jpg"
"5bf2bc0f352f533b08d31d0a","eec5dfce-2c51-40de-990a-5c80b2f41916","SERVICE","photography-services-near-me","monthly-online-photography-mentoring","Monthly Photography Mentoring Sessions - Online - Zoom","<h4 style=""white-space:pre-wrap;"">Photography mentoring online.  Receive a monthly assignment to increase your skills across multiple genres and get expert feedback on your images each month</h4><p data-rte-preserve-empty=""true"" style=""white-space:pre-wrap;""></p>","SQ1067929","","","","","","","","","","","","","","","15.00","0.00","No","Unlimited","online, photography-tuition, photography-courses","online-mentoring, Zoom","","","","","No","https://images.squarespace-cdn.com/content/v1/5013f4b2c4aaa4752ac69b17/1559474612221-TBJKYSCMOO6IM7FTXJJI/online-photography-mentoring.png https://images.squarespace-cdn.com/content/v1/5013f4b2c4aaa4752ac69b17/1585508460470-A791QND6VAT3X4CVQ64P/online-photography-class+-monthly+mentoring+photography+assignments.jpg"
"5d3e9ed0441216000192a9d0","36509c58-3ed1-4ed4-b47d-cea801d890a6","SERVICE","photography-services-near-me","monthly-online-photography-mentoring-one-year","Monthly Online Photography Mentoring for 1 Year - Zoom","<h4 style=""white-space:pre-wrap;"">Annual online photography mentoring programme. Receive 12 monthly assignments increase your skills across multiple genres and get expert feedback on your images</h4><p class="""" data-rte-preserve-empty=""true"" style=""white-space:pre-wrap;""></p>","SQ8854071","","","","","","","","","","","","","","","180.00","0.00","No","Unlimited","online, photography-tuition, photography-courses","mentoring","","","","","No","https://images.squarespace-cdn.com/content/v1/5013f4b2c4aaa4752ac69b17/1559474612221-TBJKYSCMOO6IM7FTXJJI/online-photography-mentoring.png"
"5bf2b2b2aa4a996c65c36a71","145fc263-0cfd-4b84-aa7b-acd3def8bd31","SERVICE","photography-services-near-me","monthly-pick-n-mix-subscription","Monthly Pick N Mix Subscription | Interest Free Payment Plan","<h4>Monthly Pick N Mix Subscription Package. 10% Discount on events/services for one year | Interest Free Payment Plan | Take events or lessons immediately |</h4>","SQ3248242","","","Plan Amount over 12 Months","12 x £42 = £500","","","","","","","","","","","42.00","0.00","No","Unlimited","photography-classes, photography-courses, photography-workshops","picknmix","","","","","Yes","https://images.squarespace-cdn.com/content/v1/5013f4b2c4aaa4752ac69b17/7c76925a-43b0-425c-995e-4f4e0190221c/Photography+Payment+Plan.png"
"","97841b2c-d364-4166-a0b1-d20a1aaf9815","","","","","","SQ3113323","","","Plan Amount over 12 Months","12 x £50 = £600","","","","","","","","","","","50.00","0.00","No","Unlimited","","","","","","","",""
"","d59947b2-484a-4083-b9b0-56dea64a514b","","","","","","SQ4824271","","","Plan Amount over 12 Months","12 x £60 = £720","","","","","","","","","","","60.00","0.00","No","Unlimited","","","","","","","",""
"","fbbdbe9e-7c82-4ccc-a9d9-11f749e7d4b6","","","","","","SQ5162846","","","Plan Amount over 12 Months","12 x £65 = £780","","","","","","","","","","","65.00","0.00","No","Unlimited","","","","","","","",""
"","ba1a33ed-920b-4aec-9fbe-e89f7a6975f6","","","","","","SQ0960457","","","Plan Amount over 12 Months","12 x £75 = £900","","","","","","","","","","","75.00","0.00","No","Unlimited","","","","","","","",""
"","76113b38-5f6c-4e01-97b0-131b4893cc54","","","","","","SQ6021981","","","Plan Amount over 12 Months","12 x £85 = £1020","","","","","","","","","","","85.00","0.00","No","Unlimited","","","","","","","",""
"","fc81b120-c0ee-4df2-ba07-549120bcbdc8","","","","","","SQ3596605","","","Plan Amount over 12 Months","12 x £100 = £1200","","","","","","","","","","","100.00","0.00","No","Unlimited","","","","","","","",""
"","b2fb2e40-da12-4714-8741-029a2735ca25","","","","","","SQ2188035","","","Plan Amount over 12 Months","12 x £120 = £1440","","","","","","","","","","","120.00","0.00","No","Unlimited","","","","","","","",""
"","ae011930-571d-4c5f-8566-5ec7c4c67e41","","","","","","SQ5970824","","","Plan Amount over 12 Months","12 x £150 = £1800","","","","","","","","","","","150.00","0.00","No","Unlimited","","","","","","","",""
"","6d9114ba-1cca-41d3-9c90-e996671dc0be","","","","","","SQ0439157","","","Plan Amount over 12 Months","12 x £175 = £2100","","","","","","","","","","","175.00","0.00","No","Unlimited","","","","","","","",""
"","3edbd909-22d8-4e28-b002-8429fbd5e724","","","","","","SQ9583245","","","Plan Amount over 12 Months","12 x £200 = £2400","","","","","","","","","","","200.00","0.00","No","Unlimited","","","","","","","",""
"","8a0b30f3-e490-405d-959c-3efb98e2080b","","","","","","SQ9424558","","","Plan Amount over 12 Months","12 x £250 = £3000","","","","","","","","","","","250.00","0.00","No","Unlimited","","","","","","","",""
"5dd7d7aaf1ff1e5b1babea6b","6eb6456a-28a1-4e00-98a1-1cba48664e05","SERVICE","photo-workshops-uk","north-yorkshire-landscape-photography","NORTH YORKSHIRE Landscape Photography Workshop - Sep 2026","<h4 style=""white-space:pre-wrap;"" data-rte-preserve-empty=""true"">An exciting 4-day residential Yorkshire Landscape Photography Workshop - visiting some of the iconic spots around the North Yorkshire Coast and Moors</h4><h4 style=""white-space:pre-wrap;"" data-rte-preserve-empty=""true""><strong>Summary - Photography Workshops Yorkshire</strong></h4><ul data-rte-list=""default""><li><p style=""white-space:pre-wrap;"" data-rte-preserve-empty=""true""><strong>Location:</strong> North Yorkshire</p></li><li><p style=""white-space:pre-wrap;"" data-rte-preserve-empty=""true""><strong>Dates:</strong></p><ul data-rte-list=""default""><li><p style=""white-space:pre-wrap;"" data-rte-preserve-empty=""true"">Thu 10 Sep - Sun 13 Sep 2026 - 4 Days/3 Nights</p></li></ul></li><li><p style=""white-space:pre-wrap;"" data-rte-preserve-empty=""true""><strong>Participants:</strong> Max 3</p></li><li><p style=""white-space:pre-wrap;"" data-rte-preserve-empty=""true""><strong>Fitness:</strong> 2. Moderate</p></li><li><p style=""white-space:pre-wrap;"" data-rte-preserve-empty=""true""><strong>Experience Level:</strong> Beginner to Advanced</p></li><li><p style=""white-space:pre-wrap;"" data-rte-preserve-empty=""true""><strong>Equipment Needed: </strong>DSLR or Mirrorless Camera and Tripod</p></li><li><p style=""white-space:pre-wrap;"" data-rte-preserve-empty=""true""><strong>Photography Workshop Event Details</strong> <a href=""/photography-workshops"" rel=""noopener"">North Yorkshire</a></p></li><li><p style=""white-space:pre-wrap;"" data-rte-preserve-empty=""true""><strong>Description:</strong> This is a 4-day, 3-night residential landscape photography workshop on the dramatic northeast coast of England, exploring the iconic coastline and moors of North Yorkshire — open to all levels from beginner to advanced. Based on the coast, you'll photograph some of the most atmospheric scenery in the country, from the tumbling fishing village of Staithes and the sweeping bay at Runswick to the harbour and abbey town of Whitby, with the wild North York Moors as a backdrop.</p><p style=""white-space:pre-wrap;"" data-rte-preserve-empty=""true"">Over four full days we work from sunrise to sunset to make the most of the best light, tides and empty beaches — far more time on location than a short workshop allows. The focus is on three things that make a strong coastal image: composing the rocks, headlands and shoreline into a balanced frame, mastering long exposure to draw out movement in the sea and sky, and timing each shoot to the tides and the golden light of dawn and dusk. Throughout, the emphasis isn't just on the postcard view but on learning to see it — composing with intention, working intimate detail as readily as the wide vista, and reading light and tide as a harmony rather than chasing the obvious shot. Across the four days you'll build a real working rhythm for coastal photography, returning to locations in different conditions to capture them at their very best.</p><p style=""white-space:pre-wrap;"" data-rte-preserve-empty=""true"">With a maximum of just three photographers, this is exceptionally personal tuition — Alan plans each day around the season, the forecast and the tide times, and sends a detailed location itinerary a few days ahead. Accommodation and breakfast are included, so all you have to think about is your photography, and you'll come away with a varied portfolio of iconic Yorkshire coast and moorland images — and the field craft to read light, tide and weather on any coastline. <strong>An extra night's accommodation is available the day before if required — please request in advance, subject to hotel availability.</strong></p></li></ul>","SQ9283225","","","","","","","","","","","","","","","1495.00","1450.00","Yes","3","coastal, All Photography Workshops, - weekend residential photo workshops","yorkshire","","","","","Yes","https://images.squarespace-cdn.com/content/v1/5013f4b2c4aaa4752ac69b17/1714649253207-Y2XV1QZ3QPAVYS7CEE33/Flamborough+-+Temptation.jpg https://images.squarespace-cdn.com/content/v1/5013f4b2c4aaa4752ac69b17/1574427721197-JEHVIOSJPLBZ24A33ETZ/north-yorkshire-coast-and-moors-photography-workshops.jpg https://images.squarespace-cdn.com/content/v1/5013f4b2c4aaa4752ac69b17/1707212716744-VYD7AYV9U6N6VEZ3C4D1/North+Yorkshire+Photography+Workshop.jpg https://images.squarespace-cdn.com/content/v1/5013f4b2c4aaa4752ac69b17/1714649253111-1ZVUC6VWFV0P068BYJ2K/Saltburn+Bay-4.jpg https://images.squarespace-cdn.com/content/v1/5013f4b2c4aaa4752ac69b17/1714649253090-LT0PHSSJZ4M1CZVK6IB0/Flamborough+-+The+Head.jpg https://images.squarespace-cdn.com/content/v1/5013f4b2c4aaa4752ac69b17/1714649253162-YIJCS7X8IG03E6XW4IIR/Saltburn+Bay-6.jpg https://images.squarespace-cdn.com/content/v1/5013f4b2c4aaa4752ac69b17/1714649253162-DD0SSK6B2HMP4D0UVJ0Q/Saltburn+Bay-1.jpg https://images.squarespace-cdn.com/content/v1/5013f4b2c4aaa4752ac69b17/1714649253862-KEKERVAUHX25TWDFVTY0/Saltburn+Bay-5.jpg https://images.squarespace-cdn.com/content/v1/5013f4b2c4aaa4752ac69b17/1714649253879-9IH9C2DQR5W69WW1JK5P/Saltwick+Bay.jpg https://images.squarespace-cdn.com/content/v1/5013f4b2c4aaa4752ac69b17/1721729006820-LNROFRWCLN8Q7RXLTUOH/North+Yorkshire+Landscape+Photography+Workshop.jpg"
"64453699bf740f5d5d817498","369da8ac-95a7-4757-b83a-aaf91d171447","SERVICE","photo-workshops-uk","peak-district-heather-photography-workshop","PEAK DISTRICT HEATHER Photography Workshops - 15-16 Aug","<h4 style=""white-space:pre-wrap;"" data-rte-preserve-empty=""true"">Join me for the Peak District heather displays over this iconic landscape in August - 4hr Heather Peak District Photography Workshops | All levels welcome</h4><p style=""white-space:pre-wrap;"" data-rte-preserve-empty=""true""><strong>Summary</strong></p><ul data-rte-list=""default""><li><p style=""white-space:pre-wrap;"" data-rte-preserve-empty=""true""><strong>Location:</strong> Peak District - Derbyshire/Staffordshire</p></li><li><p style=""white-space:pre-wrap;"" data-rte-preserve-empty=""true"">2026 - <strong>Sat 15th Aug</strong> 18:15 21:15 - Derbyshire Surprise View</p></li><li><p style=""white-space:pre-wrap;"" data-rte-preserve-empty=""true"">2026 - <strong>Sun 17th Aug</strong> 05:45 08:45 - Staffordshire - The Roaches</p></li><li><p style=""white-space:pre-wrap;"" data-rte-preserve-empty=""true""><strong>Participants:</strong> Max 6</p></li><li><p style=""white-space:pre-wrap;"" data-rte-preserve-empty=""true""><strong>Fitness:</strong> 3. Moderate</p></li><li><p style=""white-space:pre-wrap;"" data-rte-preserve-empty=""true""><strong>Experience Level:</strong> Beginner to Advanced</p></li><li><p style=""white-space:pre-wrap;"" data-rte-preserve-empty=""true""><strong>Equipment Needed: </strong>DSLR or Mirrorless Camera and Tripod</p></li><li><p style=""white-space:pre-wrap;"" data-rte-preserve-empty=""true""><strong>Photography Workshop Event Details </strong><a href=""/photography-workshops"" rel=""noopener"">Heathers</a></p></li><li><p style=""white-space:pre-wrap;"" data-rte-preserve-empty=""true""><strong>Description:</strong> Every August the moors of the Peak District turn a spectacular purple as the heather comes into bloom, and this Peak District Heather Photography Workshop is your chance to capture that fleeting display at its very best — open to all levels and any camera. Run as short, focused sessions at the magic hours of sunrise and sunset, it pairs one of Britain's most iconic landscapes with its richest seasonal colour, and the low golden light that makes heather and gritstone glow.</p><p style=""white-space:pre-wrap;"" data-rte-preserve-empty=""true"">You can join either of two sessions, or both: a sunset shoot at Surprise View above Hathersage in Derbyshire — one of the finest viewpoints in the Peak, with sweeping heather foregrounds, the Mother Cap stone and famously dark skies — or a sunrise shoot among the dramatic gritstone of The Roaches, Hen Cloud and Ramshaw Rocks in Staffordshire, weathered into extraordinary shapes above a sea of purple moorland.</p><p style=""white-space:pre-wrap;"" data-rte-preserve-empty=""true"">A blaze of purple is more seductive than it is easy, and the real work is learning to see past the obvious. The technical craft is the floor we build on — controlling exposure to hold rich colour and a dramatic sky, and working quickly in the brief light of dawn and dusk — but the focus is on composing with intention: balancing the heather and the gritstone rock forms into a frame with order, working the intimate detail of bloom and weathered stone as readily as the wide moorland vista, and treating the purple, the gold and the low light as a harmony rather than a colour to crank. We shoot two to three locations each session as conditions allow, and the aim throughout is an image with mood and restraint — one that feels like that moor at first or last light.</p><p style=""white-space:pre-wrap;"" data-rte-preserve-empty=""true"">It's a small group of no more than six, taught personally and pitched at exactly your level, with one-to-one guidance in the field throughout. Whether you take the sunset, the sunrise or make a weekend of both, you'll come away with a portfolio of the Peak District's heather at its peak — and a sharper, more intentional way of seeing colour, light and landscape that you can take anywhere. <strong>If you're booking both sessions, please arrange your own overnight accommodation near The Roaches for the early sunrise shoot. Please also note this is a seasonal workshop tied to the heather bloom, so exact dates may shift slightly with the season.</strong></p></li></ul>","SQ1994489","","","Options","Sat 15 Aug 2026 - Hathersage 18:15 - 21:15","","","","","","","","","","","145.00","125.00","Yes","6","All Photography Workshops, - half-day photo workshops, Landscape, Flowering","derbyshire, peak-district","","","","","Yes","https://images.squarespace-cdn.com/content/v1/5013f4b2c4aaa4752ac69b17/1685361335026-KNDKR6D00CTPUASRDWDV/Surprise%2BView%2B2.jpg https://images.squarespace-cdn.com/content/v1/5013f4b2c4aaa4752ac69b17/1563952327500-7PLBU7OKMT3ZON7TKGCG/peak-district-photography-workshops.png https://images.squarespace-cdn.com/content/v1/5013f4b2c4aaa4752ac69b17/1707246605883-FVZKLJN54Z455J1Q13CV/peak+district+heather.jpg https://images.squarespace-cdn.com/content/v1/5013f4b2c4aaa4752ac69b17/1682257711080-SSG34NLEJ9KPR06VTT8X/roaches+1.jpg https://images.squarespace-cdn.com/content/v1/5013f4b2c4aaa4752ac69b17/1682257712007-LUMEKCNWV0E0CYZBJ4CU/The+Roaches.jpg https://images.squarespace-cdn.com/content/v1/5013f4b2c4aaa4752ac69b17/1682257711486-DOOD9QFC5OKTV67XMTCZ/roaches+4.jpg https://images.squarespace-cdn.com/content/v1/5013f4b2c4aaa4752ac69b17/1682257711492-8U5EHFW4TL21YHF3XQ8P/roaches+7.jpg https://images.squarespace-cdn.com/content/v1/5013f4b2c4aaa4752ac69b17/1682257711353-9XCT3QX5BHC8HRA2MVQK/rock+splitter.jpg https://images.squarespace-cdn.com/content/v1/5013f4b2c4aaa4752ac69b17/1682257711490-5W4AFDZ5FUCKWXJN7U36/Surprise+View+4.jpg https://images.squarespace-cdn.com/content/v1/5013f4b2c4aaa4752ac69b17/1682257711546-21ICN1NEZ5ALGE9AWKM8/Surprise+View+5.jpg https://images.squarespace-cdn.com/content/v1/5013f4b2c4aaa4752ac69b17/1682257711147-RRT9GYY4W5QC6RSNDCE2/the+roaches+II.jpg https://images.squarespace-cdn.com/content/v1/5013f4b2c4aaa4752ac69b17/60ed3d1e-553f-46b0-87fc-b64703df4c37/Hathersage+%2301+-+Aug+2025.jpg https://images.squarespace-cdn.com/content/v1/5013f4b2c4aaa4752ac69b17/997729d4-4683-4cde-a7d9-a364fad3a459/Hathersage+%2302+-+Aug+2025.jpg https://images.squarespace-cdn.com/content/v1/5013f4b2c4aaa4752ac69b17/a3d556d4-a6b9-4f67-9432-98c8f83c2cfe/Hathersage+%2303+-+Aug+2025.jpg https://images.squarespace-cdn.com/content/v1/5013f4b2c4aaa4752ac69b17/4306a07f-7bf5-4843-9090-d6c278f56b33/Hathersage+%2304+-+Aug+2025.jpg https://images.squarespace-cdn.com/content/v1/5013f4b2c4aaa4752ac69b17/54844da1-3232-49e0-8890-b10a190c7732/Roaches+%2302+-+August+2025.jpg https://images.squarespace-cdn.com/content/v1/5013f4b2c4aaa4752ac69b17/c6c3c09a-53cd-44be-a1fd-8b86319a3c9f/Roaches+%2303+-+August+2025.jpg https://images.squarespace-cdn.com/content/v1/5013f4b2c4aaa4752ac69b17/5fe7ec03-adeb-419e-aa82-56a522ebc6c2/Roaches+%2304+-+August+2025.jpg"
"","729a6e7f-8e31-435f-bc59-5bca9e70fb21","","","","","","SQ1389945","","","Options","Sun 16 Aug 2026 - The Roaches & Ramshaw 05:45 - 08:45","","","","","","","","","","","145.00","125.00","Yes","6","","","","","","","",""
"","d5a27776-083d-4355-bec3-493ae3a56ae8","","","","","","SQ5395624","","","Options","Both sessions - 15 and 16 Aug - sunset and sunrise","","","","","","","","","","","200.00","125.00","No","6","","","","","","","",""
"68a4c383a807f03e768c409d","44ba9f31-f991-4ec7-b494-41b18532b4fe","SERVICE","photography-services-near-me","photo-print-preparation-service-30min","Photo Print Preparation Service 30-min – File Check & Advice","<h4 style=""white-space:pre-wrap;"" data-rte-preserve-empty=""true"">Book a 30 min Photo Print Preparation Service. I check crop, aspect ratio and DPI, enlarge, retouch, sharpen and supply print-ready image for you to print</h4>","SQ5582230","","","","","","","","","","","","","","","29.00","25.00","No","Unlimited","photography-services","photo print sizes","","","","","No","https://images.squarespace-cdn.com/content/v1/5013f4b2c4aaa4752ac69b17/1522495201980-KD6BKH54J01HJR93XXR6/photography-support-Services-1.png https://images.squarespace-cdn.com/content/v1/5013f4b2c4aaa4752ac69b17/dc63deac-ece4-462f-9b6d-89207e219ebf/Print+sizes.png"
"5cb044e44e17b607ecbabc7e","f609bdf3-79ae-4ac6-9a41-4e767667f0f3","SERVICE","photography-services-near-me","photography-masterclasses-coventry","Photography Masterclasses-Learn and improve your photography","<h4 style=""white-space:pre-wrap;"">Bite-sized (2.5hrs) Photography Masterclasses on specific topics. These are the perfect refresher lesson or learn more in-depth theory on particular issues.</h4>","SQ2387141","","","Option","Wed May 8 - Macro Photography","","","","","","","","","","","35.00","0.00","No","3","photography-classes, photography-courses, photography-tuition","coventry","","","","","No","https://images.squarespace-cdn.com/content/v1/5013f4b2c4aaa4752ac69b17/1675588273356-8MVS4YXJTH3Y5PRQ36N7/photography-tuition-Package-2.jpg https://images.squarespace-cdn.com/content/v1/5013f4b2c4aaa4752ac69b17/1572346489821-X4O6FGYNZAK00H7OVIDB/photography-masterclasses.png"
"","2282102f-fc75-49b5-9e50-3d684473f54d","","","","","","SQ7537942","","","Option","Thu Aug 1 - Macro Photography","","","","","","","","","","","35.00","0.00","No","3","","","","","","","",""
"5cadd08815fcc0f9e6591598","3faca997-7708-4e4f-b05d-c189f81e601f","SERVICE","photo-workshops-uk","photography-workshops-chesterton-windmill","Photography Workshops CHESTERTON WINDMILL - Warwickshire","<h4 style=""white-space:pre-wrap;"" data-rte-preserve-empty=""true"">Chesterton windmill is one of Warwickshire's most famous landmarks. Join me in a sunset landscape photography workshop and learn about composition and light</h4><h3 style=""white-space:pre-wrap;"" data-rte-preserve-empty=""true""><strong>Summary</strong></h3><ul data-rte-list=""default""><li><p style=""white-space:pre-wrap;"" data-rte-preserve-empty=""true""><strong>Location:</strong> Warwickshire - Chesterton</p></li><li><p style=""white-space:pre-wrap;"" data-rte-preserve-empty=""true""><strong>Dates:</strong></p><ul data-rte-list=""default""><li><p style=""white-space:pre-wrap;"" data-rte-preserve-empty=""true"">Wed 16th Sep 2026 - 18:00 - 20:30</p></li><li><p style=""white-space:pre-wrap;"" data-rte-preserve-empty=""true"">Mon 5th Oct 2026 - 17:30 - 20:00</p></li><li><p style=""white-space:pre-wrap;"" data-rte-preserve-empty=""true"">Tue 13th May 2027 - 18:15 - 20:15</p></li><li><p style=""white-space:pre-wrap;"" data-rte-preserve-empty=""true"">Mon 10th May 2027 - 18:30 - 20:30</p></li></ul></li><li><p style=""white-space:pre-wrap;"" data-rte-preserve-empty=""true""><strong>Participants:</strong> Max 6</p></li><li><p style=""white-space:pre-wrap;"" data-rte-preserve-empty=""true""><strong>Fitness:</strong> 1. Easy</p></li><li><p style=""white-space:pre-wrap;"" data-rte-preserve-empty=""true""><strong>Experience Level:</strong> Beginner to Advanced</p></li><li><p style=""white-space:pre-wrap;"" data-rte-preserve-empty=""true""><strong>Equipment Needed: </strong>DSLR or Mirrorless Camera and Tripod</p></li><li><p style=""white-space:pre-wrap;"" data-rte-preserve-empty=""true""><strong>Photography Workshop Event Details</strong> <a href=""/photography-workshops"" rel=""noopener"">Chesterton</a></p></li><li><p style=""white-space:pre-wrap;"" data-rte-preserve-empty=""true""><strong>Description:</strong> This sunset landscape photography workshop is an evening shoot at Chesterton Windmill, one of Warwickshire's most iconic landmarks, open to all levels and any camera. A striking 17th-century tower windmill on its arched stone legs, standing alone on a hilltop for nearly 350 years, it's one of the most photogenic structures in the county — and this workshop is built around capturing it in the golden light of sunset and the long-exposure drama of the hour that follows, in a way that's genuinely your own rather than the postcard everyone already has.</p><p style=""white-space:pre-wrap;"" data-rte-preserve-empty=""true"">The technical craft is the floor we build on — exposure, depth of field, and setting up long exposures to draw movement out of cloud and sky as dusk falls. But the real work is learning to see this familiar landmark freshly: composing the windmill with intention against the sky and the rolling countryside, finding the unexpected angle and the intimate detail as readily as the wide hilltop vista, and reading the warm, directional light of sunset as a harmony to compose with rather than just a pretty backdrop to point at. As the colour builds and fades, you'll learn to design a frame where the light, the land and the windmill all work together.</p><p style=""white-space:pre-wrap;"" data-rte-preserve-empty=""true"">It's a small group of no more than six, taught personally and pitched at exactly your level, so whether you're new to landscape photography or refining your technique, you get real one-to-one guidance in the field. You'll come away with a set of atmospheric images of this famous Warwickshire landmark — golden-hour silhouettes and long-exposure skies — and a sharper, more intentional way of seeing light and composition that lets you photograph any landmark at its best.</p></li></ul>","SQ3572999","","","Options","Wed 16th Sep 2026 - 18:00 - 20:30","","","","","","","","","","","65.00","50.00","Yes","6","All Photography Workshops, - half-day photo workshops, Landscape","warwickshire","","","","","Yes","https://images.squarespace-cdn.com/content/v1/5013f4b2c4aaa4752ac69b17/1714682519866-NVMB6B7Q4F93DGOGPQIK/Moonlit+Chesterton.jpg https://images.squarespace-cdn.com/content/v1/5013f4b2c4aaa4752ac69b17/1563952360377-3O1KLREV7G5EKON9XWJZ/chesterton-windmill-photography-workshops.png https://images.squarespace-cdn.com/content/v1/5013f4b2c4aaa4752ac69b17/1714682519863-BT4W8UA10Q8AXJ3DU3N2/Chesterton+Windmill+%2301+-+May+2021.jpg https://images.squarespace-cdn.com/content/v1/5013f4b2c4aaa4752ac69b17/1714682519825-Z6X54S0639RAMXA78ICO/Chesterton+Arches.jpg https://images.squarespace-cdn.com/content/v1/5013f4b2c4aaa4752ac69b17/1714682519856-ZSJQ7AFN707CFCFT26YP/Chesterton+Contrasts.jpg https://images.squarespace-cdn.com/content/v1/5013f4b2c4aaa4752ac69b17/1714682519761-1DHJ8VLLF8JGHY14XMQG/Chesterton+Night+Shot+2.jpg https://images.squarespace-cdn.com/content/v1/5013f4b2c4aaa4752ac69b17/1714682519816-2ICK8BFNTTBGX1YEHIMN/Chesterton+Christmas+Morning+3.jpg https://images.squarespace-cdn.com/content/v1/5013f4b2c4aaa4752ac69b17/1714682519845-GSFVU1JVARCJKA210C1C/Chesterton+-+River+of+Snow.jpg https://images.squarespace-cdn.com/content/v1/5013f4b2c4aaa4752ac69b17/1714682519854-AAGWRQ1W9LW413DU04T7/1632+-+Savechesterton.jpg https://images.squarespace-cdn.com/content/v1/5013f4b2c4aaa4752ac69b17/1714682519856-QOPU355141JM4NFR64I7/Chesterton+Windmill+Autumn.jpg https://images.squarespace-cdn.com/content/v1/5013f4b2c4aaa4752ac69b17/1714682519864-SIGP24OT6HBDWZT427V8/Chesterton+Sunburst.jpg https://images.squarespace-cdn.com/content/v1/5013f4b2c4aaa4752ac69b17/1714682519866-C0EDHWJCYWTT1HGXXB94/Chesterton+2009.jpg https://images.squarespace-cdn.com/content/v1/5013f4b2c4aaa4752ac69b17/1714682519869-BU5ARD6GAFMC368R722K/Golden+Chesterton.jpg https://images.squarespace-cdn.com/content/v1/5013f4b2c4aaa4752ac69b17/1714682519871-ZIZZ9R0HXSZOLL3XU96N/Chesterton+Windmill.jpg https://images.squarespace-cdn.com/content/v1/5013f4b2c4aaa4752ac69b17/1714682519883-N9DXZ0OSG0ETZVL1PJN3/Chesterton+-+April+2019.jpg https://images.squarespace-cdn.com/content/v1/5013f4b2c4aaa4752ac69b17/1714682519908-JG5OX2W6L3MB607Z6ZS7/Chesterton+II.jpg https://images.squarespace-cdn.com/content/v1/5013f4b2c4aaa4752ac69b17/1714682520011-83YJ7XGEZSAVII2C6BBG/Chesterton+-+Grey+Day.jpg"
"","546a6da7-7644-4c67-9c35-9e2eb9d803be","","","","","","SQ0796814","","","Options","Mon 5th Oct 2026 - 17:30 - 20:00","","","","","","","","","","","65.00","50.00","Yes","5","","","","","","","",""
"","e59b0d99-074e-4062-bb39-1e1e792482b1","","","","","","SQ9554270","","","Options","Tue 13th Apr 2027 - 18:15 - 20:15","","","","","","","","","","","65.00","50.00","Yes","6","","","","","","","",""
"","2837710e-47f8-4ffe-a1c3-b07a28e17682","","","","","","SQ5307067","","","Options","Mon 10th May 2027 - 18:30 - 20:30","","","","","","","","","","","65.00","50.00","Yes","6","","","","","","","",""
"5cf4045aa71de400015cf81f","f1371ac3-d411-4ca5-8132-fc139752281d","SERVICE","photo-workshops-uk","photography-workshops-lavender-fields","LAVENDER FIELD Photography Workshop - Gloucestershire July","<h4 style=""white-space:pre-wrap;"" data-rte-preserve-empty=""true"">Join me in the Cotswolds for a spectacular lavender field landscape workshop. &nbsp;Photograph in the evening hours by arrangement of owners (date is subject to change or weather on the day)  Price includes entry fee of &pound;30</h4><h3 style=""white-space:pre-wrap;"" data-rte-preserve-empty=""true""><strong>Summary</strong></h3><ul data-rte-list=""default""><li><p style=""white-space:pre-wrap;"" data-rte-preserve-empty=""true""><strong>Location:</strong> Snowshill - Gloucestershire</p></li><li><p style=""white-space:pre-wrap;"" data-rte-preserve-empty=""true""><strong>Dates:</strong></p></li><li style=""margin-left: 40px""><p style=""white-space:pre-wrap;"" data-rte-preserve-empty=""true"">Sat 4th Jul 2026 - 17:00 20:00</p></li><li style=""margin-left: 40px""><p style=""white-space:pre-wrap;"" data-rte-preserve-empty=""true"">Sat 11th Jul 2025 - 17:00 20:00</p></li><li><p style=""white-space:pre-wrap;"" data-rte-preserve-empty=""true""><strong>Participants:</strong> Max 6</p></li><li><p style=""white-space:pre-wrap;"" data-rte-preserve-empty=""true""><strong>Fitness:</strong> 1. Easy</p></li><li><p style=""white-space:pre-wrap;"" data-rte-preserve-empty=""true""><strong>Experience Level:</strong> Beginner to Advanced</p></li><li><p style=""white-space:pre-wrap;"" data-rte-preserve-empty=""true""><strong>Equipment Needed: </strong>DSLR or Mirrorless Camera and Tripod</p></li><li><p style=""white-space:pre-wrap;"" data-rte-preserve-empty=""true""><strong>Photography Workshop Event Details </strong><a href=""/photography-workshops"" rel=""noopener"">Lavender</a></p></li><li><p style=""white-space:pre-wrap;"" data-rte-preserve-empty=""true""><strong>Description:</strong> This Lavender Photography Workshop is a magical evening among the lavender rows of the Cotswolds at Snowshill in Gloucestershire — open to all levels and any camera. Best of all, you'll photograph the fields after the farm has closed to the general public, so instead of working around coachloads of day-trippers you have the spectacular sea of purple and the wildflower areas largely to yourselves — making it far easier to slow down, see properly and compose clean shots as the light softens towards sunset and the colour comes alive.</p><p style=""white-space:pre-wrap;"" data-rte-preserve-empty=""true"">A field of lavender is seductive but deceptively hard — it's all too easy to come home with the loud, over-saturated purple shot everyone takes. The real work here is learning to see past that. The technical craft is the floor we build on — focusing and exposing accurately in fading light, and holding both shadow and highlight as the sun drops — but the focus is on composing with intention: finding order and a lead-in through the endless rows, working the intimate, abstract close-up of colour and texture as readily as the sweeping vista, and treating the purple, the green and the warm evening light as a harmony to balance rather than a colour to crank. The aim is a photograph with mood and restraint — one that feels like that quiet evening in the field.</p><p style=""white-space:pre-wrap;"" data-rte-preserve-empty=""true"">It's a small group of no more than six, taught personally and pitched at exactly your level, with one-to-one guidance throughout. With the crowds gone and the fields quiet, you'll have the space and time to really work your compositions — and you'll come away with a portfolio of vivid lavender images at their most atmospheric, plus a sharper, more intentional way of seeing colour, light and detail that you can take anywhere. <strong>This is a special after-hours session: the farm opens to us beyond its normal public hours so we can shoot from 5pm into the early sunset light, and your workshop fee includes that commercial after-hours access. Please note the dates and finish times are set by the lavender farm rather than by Alan, and may be subject to change with the season and flowering.</strong></p></li></ul>","SQ6748367","","","Dates","Sat 4th Jul 2026 - 17:00 20:00","","","","","","","","","","","150.00","75.00","No","5","All Photography Workshops, - half-day photo workshops, Flowering, Landscape","sunrise, sunset, somerset","","","","","Yes","https://images.squarespace-cdn.com/content/v1/5013f4b2c4aaa4752ac69b17/1714572933715-EIVNF6O80HEJCSEU5D4U/lavender+sprint.jpg https://images.squarespace-cdn.com/content/v1/5013f4b2c4aaa4752ac69b17/1714571149035-8ZN5I6UWJRIY2TG52JNT/Lavender+Photography+Workshop.jpg https://images.squarespace-cdn.com/content/v1/5013f4b2c4aaa4752ac69b17/1714572933709-EJ26LL18A9SHXDZABV5M/lavender+drift.jpg https://images.squarespace-cdn.com/content/v1/5013f4b2c4aaa4752ac69b17/1714572933707-5CODX43W3RJT75SYWIZW/Snowshill+Lavender+Farm+-+3.jpg https://images.squarespace-cdn.com/content/v1/5013f4b2c4aaa4752ac69b17/1714572933686-936LB8QUY8T5WI5PYC0W/purple+waves.jpg https://images.squarespace-cdn.com/content/v1/5013f4b2c4aaa4752ac69b17/1714572933686-CCU7LDW7Y3T3AQ3LJDQA/sandwiched.jpg https://images.squarespace-cdn.com/content/v1/5013f4b2c4aaa4752ac69b17/1714572933707-G35KECLB6HCS4M28RCO2/lavender+rows.jpg https://images.squarespace-cdn.com/content/v1/5013f4b2c4aaa4752ac69b17/1714572933707-G54UFK5KDABSOCUX8XXE/lavender+slides.jpg https://images.squarespace-cdn.com/content/v1/5013f4b2c4aaa4752ac69b17/1714572933707-3QFNJMQGY5ZUWL2JAA4Z/lavender+contrasts.jpg https://images.squarespace-cdn.com/content/v1/5013f4b2c4aaa4752ac69b17/1714572933710-FIWG5OJFQBJ68UALVQZM/lavnder+stripes.jpg https://images.squarespace-cdn.com/content/v1/5013f4b2c4aaa4752ac69b17/1714572933889-GYZ3FNOWZGP385L2OQF6/lavender+spikes.jpg https://images.squarespace-cdn.com/content/v1/5013f4b2c4aaa4752ac69b17/1721729102658-7R0UONWJCCHZF7ADGPPD/Lavender+Field+Photography+Workshop.jpg"
"","f4359140-77bd-4b44-bd76-e1a72acf76f5","","","","","","SQ7542811","","","Dates","Sat 11th Jul 2026 - 17:00 20:00","","","","","","","","","","","150.00","75.00","No","4","","","","","","","",""
"5cc6acfeb2512d0001944b6a","55f682f7-e6a1-47f5-ab2c-2717cf16c383","SERVICE","photo-workshops-uk","poppy-fields-photography-workshops","Poppy Fields Photography Workshops | Worcestershire","<h4 style=""white-space:pre-wrap;"" data-rte-preserve-empty=""true"">Poppy fields photography workshop - Choose a sunrise or sunset 2.5hrs photo workshop at amazing poppy fields in Worcestershire | Seasonal Dependant</h4><p style=""white-space:pre-wrap;"" data-rte-preserve-empty=""true""><strong><span>Summary</span></strong></p><ul data-rte-list=""default""><li><p style=""white-space:pre-wrap;"" data-rte-preserve-empty=""true""><strong><span>Location:</span></strong><span> Worcestershire</span></p></li><li><p style=""white-space:pre-wrap;"" data-rte-preserve-empty=""true""><strong><span>Dates:</span></strong><span> (dates are subject to change based on when the poppy fields flower in June)</span></p><ul data-rte-list=""default""><li><p style=""white-space:pre-wrap;"" data-rte-preserve-empty=""true"">8th Jun 19:15 - 21:45</p></li><li><p style=""white-space:pre-wrap;"" data-rte-preserve-empty=""true"">9th Jun 05:00 - 07:30</p></li></ul></li><li><p style=""white-space:pre-wrap;"" data-rte-preserve-empty=""true""><strong><span>Participants:</span></strong><span> Max 6</span></p></li><li><p style=""white-space:pre-wrap;"" data-rte-preserve-empty=""true""><strong><span>Fitness:</span></strong><span> 1. Easy</span></p></li><li><p style=""white-space:pre-wrap;"" data-rte-preserve-empty=""true""><strong>Experience Level:</strong> Beginner to Advanced</p></li><li><p style=""white-space:pre-wrap;"" data-rte-preserve-empty=""true""><strong>Equipment Needed: </strong>DSLR or Mirrorless Camera and Tripod</p></li><li><p style=""white-space:pre-wrap;"" data-rte-preserve-empty=""true""><strong><span>Photography Workshop Event Details</span></strong><span>: </span><a href=""/photography-workshops"" rel=""noopener""><span>Poppies</span></a></p></li><li><p style=""white-space:pre-wrap;"" data-rte-preserve-empty=""true""><strong>Description: </strong>There are few sights in the English summer to beat rolling Worcestershire hills washed red with wild poppies, and this Poppy Fields Photography Workshop is built to catch them at their fleeting best. Open to all levels and any camera, it runs as short, focused sessions at the golden hours of sunset and sunrise — the two times of day when low, warm light makes a field of poppies truly glow.</p><p style=""white-space:pre-wrap;"" data-rte-preserve-empty=""true"">A field of red is more seductive than it is easy, and the work is learning to turn it into a photograph rather than a snapshot. The focus is on three things: composing with intention to find order and a lead-in through a busy, repeating scene, controlling exposure and depth of field to decide what's sharp and what dissolves into colour, and reading light, texture and colour as a harmony — letting the reds sing without tipping into the over-saturated clich&eacute;. You'll work both the intimate, single-stem detail and the sweeping vista, and learn to see past the obvious shot everyone else takes.</p><p style=""white-space:pre-wrap;"" data-rte-preserve-empty=""true"">It's a small group of no more than six, taught personally and pitched at exactly your level, with one-to-one guidance in the field throughout. Whether you join the sunset session, the dawn one, or both, you'll come away with a portfolio of poppy-field images at their most atmospheric — and a stronger way of seeing colour, light and composition that carries into everything you photograph next. <strong>Please note that poppies bloom briefly and unpredictably each June, so both the exact dates and the field we use are confirmed at short notice once the flowering is at its best. A flexible approach is essential — but it's exactly what lets us photograph the poppies at their absolute peak.</strong></p></li></ul>","SQ8740143","","","Options","Sat 8 Jun 19:15-21:45","","","","","","","","","","","95.00","65.00","No","0","All Photography Workshops, - half-day photo workshops","worcestershire","","","","","Yes","https://images.squarespace-cdn.com/content/v1/5013f4b2c4aaa4752ac69b17/1714575407530-MBS3PUSXD9GGHA68754C/poppy+dawn.jpg https://images.squarespace-cdn.com/content/v1/5013f4b2c4aaa4752ac69b17/1563952138247-U7HIK9MYSQEXIMIKNRE9/Poppy-Field-Photography-Workshops.png https://images.squarespace-cdn.com/content/v1/5013f4b2c4aaa4752ac69b17/1714575407510-HDGJTTGMTYLSG1USQ6OV/6-6-2019+Poppies+3.jpg https://images.squarespace-cdn.com/content/v1/5013f4b2c4aaa4752ac69b17/1714575407294-3TAZAM93QX8LRV55SNNC/Poppy+Seed+Head.jpg https://images.squarespace-cdn.com/content/v1/5013f4b2c4aaa4752ac69b17/1714575407545-0V4E3SR4R402NY460S7A/poppy+bud.jpg https://images.squarespace-cdn.com/content/v1/5013f4b2c4aaa4752ac69b17/1714575407556-1NLXF08IGWGQT3OWTTHR/poopy+stretch.jpg https://images.squarespace-cdn.com/content/v1/5013f4b2c4aaa4752ac69b17/1714575407564-34A1QEXC1ZZKKQB0DQ1B/6-6-2019+Poppies+1.jpg https://images.squarespace-cdn.com/content/v1/5013f4b2c4aaa4752ac69b17/1714575407565-VK28LUA9JVT2KZWZ3WKH/6-6-2019+Poppies+6.jpg https://images.squarespace-cdn.com/content/v1/5013f4b2c4aaa4752ac69b17/1714575407567-FF00N8RSSQ3ZXEEO2LYX/poppy+flush.jpg https://images.squarespace-cdn.com/content/v1/5013f4b2c4aaa4752ac69b17/1714575407566-J7ZX33YL30VMPTVZAP7N/To+peace+and+reconciliation.jpg https://images.squarespace-cdn.com/content/v1/5013f4b2c4aaa4752ac69b17/1714575407567-HP1RXHT8LQVH4XL8TS74/mixed+blessings.jpg https://images.squarespace-cdn.com/content/v1/5013f4b2c4aaa4752ac69b17/1714575407567-153Q40G5QBEP1VAOLHRC/6-6-2019+Poppies+2.jpg https://images.squarespace-cdn.com/content/v1/5013f4b2c4aaa4752ac69b17/1714575407573-M3O3DG2SK8XWIE7U8NQS/poppy+flurry.jpg https://images.squarespace-cdn.com/content/v1/5013f4b2c4aaa4752ac69b17/1714575407685-P50DNTFEMY1V5NORD3HP/sunrise+poppies.jpg"
"","db4f9b4f-2c16-4c71-bb44-84975e88416f","","","","","","SQ7189877","","","Options","Sun 9 Jun 05:00-07:30","","","","","","","","","","","95.00","65.00","No","0","","","","","","","",""
"62aeee2ab501951c7084d926","3d4f6857-6d42-44af-ab20-b6f166def07d","SERVICE","photography-services-near-me","print","A3 Mounted Fine Art Print - Unframed | Professional","<h4><span style=""color: rgb(51, 51, 51)"">High Quality 8x12"" Professional Photograph on 12x16 Mount | Printed on fine art </span>photographic<span style=""color: rgb(51, 51, 51)""> paper </span>| 7-day Turnaround | Pro-Lab Printing | Order Today</h4>","SQ9307616","","","Delivery","Take Away","","","","","","","","","","","75.00","0.00","No","Unlimited","","","","","","","No","https://images.squarespace-cdn.com/content/v1/5013f4b2c4aaa4752ac69b17/1707221726040-8EZZ3VZ67TLH18974P5X/fine+art+print.jpg"
"","115a38ac-5083-45ce-9c23-4c3f1cca5e0c","","","","","","SQ7318581","","","Delivery","Posted - P&P","","","","","","","","","","","85.00","0.00","No","Unlimited","","","","","","","",""
"653b74e7c4d5ef5558553e1f","5f2338c7-ee91-47b5-8554-6be2d601788a","SERVICE","photography-services-near-me","private-online-photography-classes-zoom","Online Photography Classes 121 - Zoom - Package Options","<h3 style=""white-space:pre-wrap;"" data-rte-preserve-empty=""true"">Private Online Photography Classes (Zoom)</h3><h3 style=""white-space:pre-wrap;"" data-rte-preserve-empty=""true"">Summary - Private Online Photography Classes - Key Information</h3><ul data-rte-list=""default""><li><p style=""white-space:pre-wrap;"" data-rte-preserve-empty=""true""><strong>Format:</strong> Online 1-2-1 via Zoom (free to use)</p></li><li><p style=""white-space:pre-wrap;"" data-rte-preserve-empty=""true""><strong>Sessions:</strong> Single 1hr lesson, or discounted packages of 4, 6, 8 or 12 hours</p></li><li><p style=""white-space:pre-wrap;"" data-rte-preserve-empty=""true""><strong>Availability:</strong> Mon–Fri, 9am–5pm</p></li><li><p style=""white-space:pre-wrap;"" data-rte-preserve-empty=""true""><strong>Validity:</strong> Pay now, book dates later — use within 12 months of purchase</p></li><li><p style=""white-space:pre-wrap;"" data-rte-preserve-empty=""true""><strong>Level:</strong> All levels, beginner to advanced</p></li><li><p style=""white-space:pre-wrap;"" data-rte-preserve-empty=""true""><strong>Description:</strong> Private online photography classes tailored to your needs — tuition and support on any aspect of photography, with no other students, so the time you pay for is dedicated entirely to your own style and pace.</p></li><li><p style=""white-space:pre-wrap;"" data-rte-preserve-empty=""true""><strong>Equipment:</strong> Anything you want to learn or improve on. Sessions run over Zoom, with notes provided; submit images for detailed feedback between lessons.</p></li></ul>","SQ1461156","","","Package","Zoom 1 x 1hr - 9am 5pm - Mon-Fri","","","","","","","","","","","50.00","50.00","No","Unlimited","1-2-1-private-lessons, photography-classes, photography-tuition","","","","","","Yes","https://images.squarespace-cdn.com/content/v1/5013f4b2c4aaa4752ac69b17/1698395506000-MRZ4RFY6D3D1ZT6B2MND/photography-classes-online.png https://images.squarespace-cdn.com/content/v1/5013f4b2c4aaa4752ac69b17/1698396415925-UDY3PH0VF332DKIS698E/online-photography-tuition+%283%29.jpg https://images.squarespace-cdn.com/content/v1/5013f4b2c4aaa4752ac69b17/4ac49e77-bfdc-435d-bf46-d82bda3bec91/online+photography+lessons.png"
"","f23fcab4-5c3d-4003-a0bf-95a7f2f39eea","","","","","","SQ5568703","","","Package","Zoom Package 4 x 1hr (15% Off) 9am 5pm - Mon -Fri","","","","","","","","","","","170.00","135.00","No","Unlimited","","","","","","","",""
"","10ff71d3-2f3d-44b1-8d50-fda6133a72bf","","","","","","SQ6341100","","","Package","Zoom Package 6 x 1hr (20% Off) 9am 5pm - Mon -Fri","","","","","","","","","","","240.00","135.00","No","Unlimited","","","","","","","",""
"","a7cf4c99-64bc-4c84-9cb0-c2254125d87e","","","","","","SQ2281758","","","Package","Zoom Package 8 x 1hr (25% Off) 9am 5pm - Mon -Fri","","","","","","","","","","","300.00","135.00","No","Unlimited","","","","","","","",""
"","afa904f8-4f94-4a85-bd1f-0899c2d717bf","","","","","","SQ2043258","","","Package","Zoom Package 12 x 1hr (25% Off) 9am 5pm - Mon -Fri","","","","","","","","","","","450.00","135.00","No","Unlimited","","","","","","","",""
"5bf2b5901ae6cf7a69626ba4","85c257fb-85e8-4125-93b7-7fef1adc6634","SERVICE","photography-services-near-me","quarterly-pick-n-mix-subscription","Quarterly Pick N Mix Subscription | Interest Free Payments","<h4>Quarterly Pick N Mix Subscription Package. 15% Discount on events/services for one year | Interest Free Payment Plan | Take events or lessons immediately |</h4>","SQ4217445","","","Plan Amount over 12 Months","4 x £250 = £1000","","","","","","","","","","","250.00","0.00","No","Unlimited","photography-classes, photography-courses, photography-workshops","picknmix","","","","","Yes","https://images.squarespace-cdn.com/content/v1/5013f4b2c4aaa4752ac69b17/fbab50ee-2fe8-4fe9-8804-e691b883cf4b/Photography+Payment+Plan.png"
"","82c81e68-50eb-4c1b-b7fe-27f376902997","","","","","","SQ6277577","","","Plan Amount over 12 Months","4 x £300 = £1200","","","","","","","","","","","300.00","0.00","No","Unlimited","","","","","","","",""
"","23ac73d0-10ef-4e2c-a328-b33664894488","","","","","","SQ7788516","","","Plan Amount over 12 Months","4 x £350 = £1400","","","","","","","","","","","350.00","0.00","No","Unlimited","","","","","","","",""
"","5d4386d4-1ea2-4b1c-bcb0-bca9c94cebec","","","","","","SQ5124608","","","Plan Amount over 12 Months","4 x 400 = £1600","","","","","","","","","","","400.00","0.00","No","Unlimited","","","","","","","",""
"","4449e853-70c4-4207-87c5-0fe56505aad4","","","","","","SQ2657628","","","Plan Amount over 12 Months","4 x £500 = £2000","","","","","","","","","","","500.00","0.00","No","Unlimited","","","","","","","",""
"","3cba0121-e1da-4a28-aa3f-bfd5065cf1f3","","","","","","SQ2267503","","","Plan Amount over 12 Months","4 x £750 = £3000","","","","","","","","","","","750.00","0.00","No","Unlimited","","","","","","","",""
"53d3be3be4b0498d331bd7a9","29aada21-fc43-4ee3-935a-a70ba3cb017a","SERVICE","photography-services-near-me","rps-mentoring-photography-course","RPS Courses - Independent RPS Mentoring for RPS Distinctions","<h4 style=""white-space:pre-wrap;"" data-rte-preserve-empty=""true"">RPS Courses - Independant RPS Mentoring for RPS Distinctions - Start anytime, you select a package of Zoom sessions within twelve months at intervals to suit you</h4><ul data-rte-list=""default""><li><p style=""white-space:pre-wrap;"" data-rte-preserve-empty=""true""><strong>Description:</strong> Independent one-to-one RPS mentoring for your Licentiate (LRPS) or Associate (ARPS) distinction — online via Zoom, with a mentor who holds both distinctions himself and has a 100% pass rate to date. Most photographers who fall short don't fail on technique — they submit a collection of strong individual images rather than a planned, cohesive panel, and a panel is judged as a whole. That judgement — image selection, sequencing, the hanging plan and your Statement of Intent — is exactly what mentoring brings. We work in three stages: plan the panel, build and refine it, then test readiness before you submit. Sessions are flexible 1-hour Zoom slots — buy only what you need and book your dates later, across up to twelve months. Start fresh, or revise a panel that didn't pass first time.</p></li><li><p style=""white-space:pre-wrap;"" data-rte-preserve-empty=""true""><strong>Format:</strong> One-to-one, online via Zoom — private and personal to you and your panel.</p></li><li><p style=""white-space:pre-wrap;"" data-rte-preserve-empty=""true""><strong>Equipment Needed:</strong> Zoom App; free Dropbox account for sharing portfolios and updated images.</p></li><li><p style=""white-space:pre-wrap;"" data-rte-preserve-empty=""true""><strong>Terms:</strong> A package of Zoom sessions must be used within 12 months of purchase or it is forfeited. You can extend the timeline or purchase additional sessions if needed.</p></li><li><p style=""white-space:pre-wrap;"" data-rte-preserve-empty=""true""><strong>Method:</strong> Honest technical and creative critique with suggestions for improvement; advice on image selection, sequencing, the hanging plan and your Statement of Intent.</p></li><li><p style=""white-space:pre-wrap;"" data-rte-preserve-empty=""true""><strong>Package Options:</strong> Choose Mon–Fri 9am–5pm daytime rates, or Mon–Sun 9am–9pm for evening and weekend flexibility.</p><ul data-rte-list=""default""><li><p style=""white-space:pre-wrap;"" data-rte-preserve-empty=""true"">1 &times; 1hr — single session (fact-find &amp; review)</p></li><li><p style=""white-space:pre-wrap;"" data-rte-preserve-empty=""true"">4 &times; 1hr — 15% off (reset a failed panel)</p></li><li><p style=""white-space:pre-wrap;"" data-rte-preserve-empty=""true"">6 &times; 1hr — 20% off (from scratch, recommended)</p></li><li><p style=""white-space:pre-wrap;"" data-rte-preserve-empty=""true"">8 &times; 1hr — 25% off (extended panel build)</p></li><li><p style=""white-space:pre-wrap;"" data-rte-preserve-empty=""true"">12 &times; 1hr — 25% off (best value, full programme)</p></li></ul></li><li><p style=""white-space:pre-wrap;"" data-rte-preserve-empty=""true""><strong>More Details:</strong> about the<a href=""/rps-courses-mentoring-distinctions"" rel=""noopener""> RPS Mentoring Course</a></p></li></ul>","SQ7839038","","","Course","Mon- Fri 9am-5pm 1 x 1hr","","","","","","","","","","","50.00","0.00","No","Unlimited","1-2-1-private-lessons, photography-classes, photography-courses, photography-tuition, rps","coventry, or-online, rps mentoring, rps qualifications, mentoring","","","","","Yes","https://images.squarespace-cdn.com/content/v1/5013f4b2c4aaa4752ac69b17/1707307452323-G3C2AIXAHRLLVB36VASA/RPS+Courses.jpg https://images.squarespace-cdn.com/content/v1/5013f4b2c4aaa4752ac69b17/1707307329135-PI84D5RUPHKU84WGVV9D/RPS+Courses.png https://images.squarespace-cdn.com/content/v1/5013f4b2c4aaa4752ac69b17/3a1e07e1-f2c7-44ce-96e1-3a98a217ac7e/online+photography+lessons.png"
"","7dba1af5-231e-4d13-b1e3-9adb8a8dfe1f","","","","","","SQ3867813","","","Course","Mon- Fri 9am-5pm 4 x 1hr","","","","","","","","","","","170.00","0.00","No","Unlimited","","","","","","","",""
"","b85711cc-3e01-4ff4-a796-68483f8e2f84","","","","","","SQ8903198","","","Course","Mon- Fri 9am-5pm 6 x 1hr","","","","","","","","","","","240.00","0.00","No","Unlimited","","","","","","","",""
"","5af45af7-86f4-433b-85cf-9e1efeb0cec6","","","","","","SQ4831915","","","Course","Mon- Fri 9am-5pm  8x 1hr","","","","","","","","","","","300.00","0.00","No","Unlimited","","","","","","","",""
"","713938f5-e76e-4dce-b936-9fa3e5bd2fc6","","","","","","SQ1077689","","","Course","Mon- Fri 9am-5pm 12 x 1hr","","","","","","","","","","","450.00","0.00","No","Unlimited","","","","","","","",""
"","09faad8a-41d0-4081-9862-3998c0d0d239","","","","","","SQ8233730","","","Course","Mon- Sun 9am-9pm 1 x 1hr","","","","","","","","","","","75.00","0.00","No","Unlimited","","","","","","","",""
"","7a677b91-5282-4351-b0ae-20f81ebc8035","","","","","","SQ9139531","","","Course","Mon- Sun 9am-9pm 4 x 1hr","","","","","","","","","","","255.00","0.00","No","Unlimited","","","","","","","",""
"","a822e77a-e702-4a7c-9c4c-53248a6dee7e","","","","","","SQ0776423","","","Course","Mon- Sun 9am-9pm 6 x 1hr","","","","","","","","","","","360.00","0.00","No","Unlimited","","","","","","","",""
"","36dcb8c8-d21c-475a-ba5c-a711f9a709b4","","","","","","SQ2385997","","","Course","Mon- Sun 9am-9pm 8 x 1hr","","","","","","","","","","","450.00","0.00","No","Unlimited","","","","","","","",""
"","6065f3fc-fcc2-4fd9-868a-070bd77ec3cb","","","","","","SQ9440259","","","Course","Mon- Sun 9am-9pm 12 x 1hr","","","","","","","","","","","675.00","0.00","No","Unlimited","","","","","","","",""
"64944ec344451161154f25d7","613e10b0-5d8e-452e-8cc1-6de0b2b1903f","SERVICE","photo-workshops-uk","secrets-of-woodland-photography-workshop","The Secret of WOODLAND PHOTOGRAPHY- 1-Day Jan, Apr, Aug, Oct","<h4 style=""white-space:pre-wrap;"" data-rte-preserve-empty=""true"">Simplifying Woodland Photography | Unlocking the Secrets to Capturing the Beauty of woods | Three sessions - Theory - Practical - Editing in one day</h4><p style=""white-space:pre-wrap;"" data-rte-preserve-empty=""true""><strong>Summary</strong></p><ul data-rte-list=""default""><li><p style=""white-space:pre-wrap;"" data-rte-preserve-empty=""true""><strong>Location:</strong> Coventry - CV4 9HW</p></li><li><p style=""white-space:pre-wrap;"" data-rte-preserve-empty=""true""><strong>Dates:</strong> - 10:00 - 16:00</p><ul data-rte-list=""default""><li><p style=""white-space:pre-wrap;"" data-rte-preserve-empty=""true""><strong>Sun 2nd Aug - Summer</strong></p></li><li><p style=""white-space:pre-wrap;"" data-rte-preserve-empty=""true""><strong>Sun 18th Oct - Autumn</strong></p></li><li><p style=""white-space:pre-wrap;"" data-rte-preserve-empty=""true""><strong>Sun 10th Jan  - Winter</strong></p></li><li><p style=""white-space:pre-wrap;"" data-rte-preserve-empty=""true""><strong>Sun 11th Apr - Spring</strong></p></li></ul></li><li><p style=""white-space:pre-wrap;"" data-rte-preserve-empty=""true""><strong>Participants:</strong> Max 3</p></li><li><p style=""white-space:pre-wrap;"" data-rte-preserve-empty=""true""><strong>Fitness:</strong> 1. Easy</p></li><li><p style=""white-space:pre-wrap;"" data-rte-preserve-empty=""true""><strong>Experience Level:</strong> Beginner to Advanced</p></li><li><p style=""white-space:pre-wrap;"" data-rte-preserve-empty=""true""><strong>Equipment Needed: </strong>Digital Camera and Tripod</p></li><li><p style=""white-space:pre-wrap;"" data-rte-preserve-empty=""true""><strong>Photography Workshop Event Details</strong>: <a href=""/photography-workshops"" rel=""noopener"">Woodland Photography Masterclass</a></p></li><li><p style=""white-space:pre-wrap;"" data-rte-preserve-empty=""true""><strong>Description: </strong>The Secrets of Woodland Photography is a 1-Day Masterclass in Coventry, open to all levels and any camera. Woodland is the hardest subject there is — chaotic, cluttered, endlessly busy — which is exactly why it's the best place to learn to <em>see</em>. Most people come away with the tangled, clich&eacute; shot; this day is about learning to find the order, the light and the quiet beauty hidden within the chaos, and to make woodland images that are calm, intentional and your own.</p><p style=""white-space:pre-wrap;"" data-rte-preserve-empty=""true"">The technical setup matters, but it's only the floor we build on. Rather than a typical walk-and-shoot, the day runs as three connected sessions — theory, practical and editing — so we can go deeper than settings. We start with the thinking behind a strong woodland image and the craft that delivers it: simplifying a busy scene, using light and shadow, choosing what to include and what to leave out. Then you put it into practice on a woodland walk, working the close-up, the macro detail and the abstract as readily as the wider view — reading texture and colour as a harmony, not chasing the loud, over-saturated shot. Finally we review your images together and finish on the editing that brings the quiet colours of the forest to life without shouting.</p><p style=""white-space:pre-wrap;"" data-rte-preserve-empty=""true"">The day runs from Alan's home, which offers three things most workshops can't: instant access to woodland straight from the garden, a comfortable covered and heated space for the presentations and image reviews, and a large screen to study your shots on — so the day works whatever the weather. You'll leave not just with a set of woodland images, but with a way of seeing — light, simplicity and restraint — that changes how you photograph trees, nature and detail wherever you go next.</p></li></ul>","SQ4914997","","","Dates","Sun 2nd Aug 2026 - 10am - 4pm","","","","","","","","","","","150.00","95.00","No","0","All Photography Workshops, - one day photo workshops, Macro & Abstract, Woodlands","warwickshire","","","","","Yes","https://images.squarespace-cdn.com/content/v1/5013f4b2c4aaa4752ac69b17/52f3e506-547d-4b13-bcff-d770db619091/Batsford+%2314+-+Oct+2021.jpg https://images.squarespace-cdn.com/content/v1/5013f4b2c4aaa4752ac69b17/1687441667639-8Z8OEI9PCCFWXB34T5OZ/secrets-of-woodland-photography-workshop.png https://images.squarespace-cdn.com/content/v1/5013f4b2c4aaa4752ac69b17/1714646680111-Q5Q0TGNXQGIBY5TY26R6/Plant+Hill+Woods+%2312+-+Jan+2022.jpg https://images.squarespace-cdn.com/content/v1/5013f4b2c4aaa4752ac69b17/1714646680117-UJG9X2W2WX4SJ8Y6CI12/Plant+Hill+Woods+%2301+-+Jan+2022.jpg https://images.squarespace-cdn.com/content/v1/5013f4b2c4aaa4752ac69b17/1714646680145-5UOFCYPTSRODP5O79Y8S/Plant+Hill+Woods+%2308+-+Jan+2022.jpg https://images.squarespace-cdn.com/content/v1/5013f4b2c4aaa4752ac69b17/1714646680044-67F1QKHA4N2G54G8WGQ6/Plant+Hill+Woods+%2301+-+Apr+2024.jpg https://images.squarespace-cdn.com/content/v1/5013f4b2c4aaa4752ac69b17/1714646680092-M4MCYD1NP4BKUJ6Z7NYG/Plant+Hill+Woods+%2309+-+Jan+2022.jpg https://images.squarespace-cdn.com/content/v1/5013f4b2c4aaa4752ac69b17/1714646680139-L6JZGIKHCWBZ2GHK6HRJ/Plant+Hill+Woods+%2307+-+Jan+2022.jpg https://images.squarespace-cdn.com/content/v1/5013f4b2c4aaa4752ac69b17/1714646680102-GY72JLDNKK1CRLZ3V37B/Plant+Hill+Woods+%2304+-+Apr+2024.jpg https://images.squarespace-cdn.com/content/v1/5013f4b2c4aaa4752ac69b17/1714646680122-608CGUSCBZUY8S6BXY97/Plant+Hill+Woods+%2302+-+Jan+2022.jpg https://images.squarespace-cdn.com/content/v1/5013f4b2c4aaa4752ac69b17/1714646680125-1X758V88HDB3CVWOPVPM/Plant+Hill+Woods+%2306+-+Apr+2024.jpg https://images.squarespace-cdn.com/content/v1/5013f4b2c4aaa4752ac69b17/1714646680135-9EB3PR57B78W9NMZ09JI/Plant+Hill+Woods+%2310+-+Jan+2022.jpg https://images.squarespace-cdn.com/content/v1/5013f4b2c4aaa4752ac69b17/1714646680143-XUHHDUXIFCIL8524K0ZW/Plant+Hill+Woods+%2311+-+Jan+2022.jpg"
"","819fc1c1-2cc1-4ba5-b260-a09aabbb822f","","","","","","SQ4894934","","","Dates","Sun 18th Oct 2026 - 10am - 4pm","","","","","","","","","","","150.00","95.00","No","0","","","","","","","",""
"","afc722dc-b79d-44f9-8cfd-9bf071c6370c","","","","","","SQ2827052","","","Dates","Sun 10 Jan 2027 - 10am - 4pm","","","","","","","","","","","150.00","95.00","No","3","","","","","","","",""
"","ea5c6a41-6b06-4756-9b31-2708b8913eca","","","","","","SQ0512761","","","Dates","Sun 11th Apr 2027 - 10am - 4pm","","","","","","","","","","","150.00","95.00","No","3","","","","","","","",""
"64465cd72c9e8f3806783982","877b4a4e-245a-425c-a1d9-005b88f3ce82","SERVICE","photo-workshops-uk","sezincote-garden-photography-workshop","SEZINCOTE Garden Photography Workshop - Gloucs 29 May","<h4 style=""white-space:pre-wrap;"" data-rte-preserve-empty=""true"">Macro and abstract Garden photography workshop. Camera settings, controlling DoF and composition at this Mughal Indian palace in the Cotswolds.</h4><p style=""white-space:pre-wrap;"" data-rte-preserve-empty=""true""><strong>Summary</strong></p><ul data-rte-list=""default""><li><p style=""white-space:pre-wrap;"" data-rte-preserve-empty=""true""><strong>Location:</strong> Moreton on Marsh (Sezincote) - Gloucestershire</p></li><li><p style=""white-space:pre-wrap;"" data-rte-preserve-empty=""true""><strong>Dates:</strong> Thu 29th May 2026 - 11:00 - 13:30</p></li><li><p style=""white-space:pre-wrap;"" data-rte-preserve-empty=""true""><strong>Participants:</strong> Max 6</p></li><li><p style=""white-space:pre-wrap;"" data-rte-preserve-empty=""true""><strong>Fitness:</strong> 1. Easy</p></li><li><p style=""white-space:pre-wrap;"" data-rte-preserve-empty=""true""><strong>Experience Level:</strong> Beginner to Advanced</p></li><li><p style=""white-space:pre-wrap;"" data-rte-preserve-empty=""true""><strong>Equipment Needed: </strong>DSLR or Mirrorless Camera and Tripod</p></li><li><p style=""white-space:pre-wrap;"" data-rte-preserve-empty=""true""><strong>Photography Workshop Event Details</strong> <a href=""/photography-workshops"" rel=""noopener"">Garden Photography</a></p></li><li><p style=""white-space:pre-wrap;"" data-rte-preserve-empty=""true""><strong>Description:</strong> This Sezincote Garden Photography Workshop takes you into one of the most extraordinary gardens in the Cotswolds — the grounds of a Mughal Indian palace, complete with copper dome and minarets, set in the gentle hills of Gloucestershire and open to all levels and any camera. Few gardens offer a photographer this much: a water garden of seven pools, waterfalls and a grotto, a temple to the Hindu sun god Surya, and a curving Orangery framing a Persian Garden of Paradise — all waiting to be explored through your lens.</p><p style=""white-space:pre-wrap;"" data-rte-preserve-empty=""true"">A setting this rich is a wonderful place to slow down and learn to <em>see</em>. The technical craft is the floor we build on — sharp focus, controlling depth of field to isolate a subject, the settings that give you control — but the real work is composition and intention. Working through the estate's grounds together, you'll learn to find a strong frame within a busy, ornate scene, to work the intimate macro and close-up detail as readily as the wide views of pools, temple and dome, and to read the light and the colour as a harmony rather than chasing the loud, obvious shot. The aim is always an image that's considered and your own, not just a record of a remarkable place.</p><p style=""white-space:pre-wrap;"" data-rte-preserve-empty=""true"">It's a small group of no more than six, taught personally and pitched at exactly your level, with Alan on hand throughout for camera settings, composition and one-to-one guidance, plus image reviews to spark ideas and inspiration on the day. You'll come away with a portfolio of images from one of England's most unusual gardens — and a sharper, more intentional way of seeing detail, composition and light in any garden you photograph. <strong>Please note the workshop fee does not include the entrance fee to Sezincote garden and house, which is payable separately on the day.</strong></p></li></ul>","SQ9859986","","","","","","","","","","","","","","","60.00","50.00","Yes","4","All Photography Workshops, - half-day photo workshops, Flowering, Macro & Abstract","warwickshire","","","","","Yes","https://images.squarespace-cdn.com/content/v1/5013f4b2c4aaa4752ac69b17/1715077805264-XJYPE427XFHYBMW7L4TL/_.jpg https://images.squarespace-cdn.com/content/v1/5013f4b2c4aaa4752ac69b17/1658831471882-14ZQZY2W2Z4CRAWT75UO/macro+and+abstract+photography+workshops.jpg https://images.squarespace-cdn.com/content/v1/5013f4b2c4aaa4752ac69b17/1573822197229-48HK2I6AFOCX6KM0TQT6/macro-and-abstract-photography-workshop.jpg https://images.squarespace-cdn.com/content/v1/5013f4b2c4aaa4752ac69b17/1721729221517-SIRCI7STQ6PON3VD7PTK/Sezincote+Garden+Photography+Workshop.jpg"
"63bc369f3076140ca4bf78d2","99430069-0482-4d1e-81ef-75ed65a5b914","SERVICE","photo-workshops-uk","shropshire-landscape-photography-workshops","Shropshire Landscape Photography Workshop | Shrewsbury","<h4 style=""white-space:pre-wrap;"" data-rte-preserve-empty=""true"">One day Shropshire landscape photography workshop in the countryside | Max 4 Places | Transport Included | All Levels Welcome</h4><p style=""white-space:pre-wrap;"" data-rte-preserve-empty=""true""><strong>Summary</strong></p><ul data-rte-list=""true""><li><p style=""white-space:pre-wrap;"" data-rte-preserve-empty=""true""><strong>Location:</strong> Shropshire</p></li><li><p style=""white-space:pre-wrap;"" data-rte-preserve-empty=""true""><strong>Dates:</strong> Sun 11th June 2023 - 06:30 - 1400</p></li><li><p style=""white-space:pre-wrap;"" data-rte-preserve-empty=""true""><strong>Participants:</strong> Max 4</p></li><li><p style=""white-space:pre-wrap;"" data-rte-preserve-empty=""true""><strong>Fitness:</strong> 3. Moderate</p></li><li><p style=""white-space:pre-wrap;"" data-rte-preserve-empty=""true""><strong>Experience Level:</strong> Beginner to Advanced</p></li><li><p style=""white-space:pre-wrap;"" data-rte-preserve-empty=""true""><strong>Equipment Needed: </strong>DSLR or Mirrorless Camera and Tripod</p></li><li><p style=""white-space:pre-wrap;"" data-rte-preserve-empty=""true""><strong>Photography Workshop Event Details</strong>: <a href=""/photographic-workshops/shropshire-landscape-photography-workshop"">Shropshire</a></p></li><li><p style=""white-space:pre-wrap;"" data-rte-preserve-empty=""true""><strong>Description: </strong>Embarking on a Shropshire landscape photography workshop promises to be an enriching experience, allowing participants to hone their craft amidst the breathtaking scenery of this captivating region. Through the guidance of expert mentors and the camaraderie of fellow photographers, attendees can elevate their skills while immortalizing the timeless allure of Shropshire's landscape.</p></li></ul>","SQ2662217","","","","","","","","","","","","","","","125.00","0.00","No","0","All Photography Workshops, - one day photo workshops, Landscape","warwickshire","","","","","No","https://images.squarespace-cdn.com/content/v1/5013f4b2c4aaa4752ac69b17/1708246697809-TOQRFQ21APSQU4016DDJ/landscape+photography+workshops+%282%29.jpg https://images.squarespace-cdn.com/content/v1/5013f4b2c4aaa4752ac69b17/1673280915397-9VE2RUBU78HMDYLLUF0K/Shropshire-photography-workshop.jpg https://images.squarespace-cdn.com/content/v1/5013f4b2c4aaa4752ac69b17/1721723956472-Z5VRHUGY4XX3R0EFVAS8/Shropshire+Landscape+.jpg"
"5f3e396d209571762b1bd0d1","3f561333-a9c9-4deb-9413-7c336992c1eb","SERVICE","photo-workshops-uk","somerset-landscape-photography-workshops","SOMERSET Landscape Photography Workshops 9 - 11 May 2025","<h4 style=""white-space:pre-wrap;"" data-rte-preserve-empty=""true"">2 Nights/3 Days -day residential Somerset landscape photography workshop visiting some of the iconic spots around the Somerset and Wiltshire county</h4><h3 style=""white-space:pre-wrap;"" data-rte-preserve-empty=""true""><strong>Summary</strong></h3><ul data-rte-list=""true""><li><p style=""white-space:pre-wrap;"" data-rte-preserve-empty=""true""><strong>Location:</strong> Somerset</p></li><li><p style=""white-space:pre-wrap;"" data-rte-preserve-empty=""true""><strong>Dates:</strong> Fri 9th - Sun 11th May 2025 - 3 Days/2 Nights</p></li><li><p style=""white-space:pre-wrap;"" data-rte-preserve-empty=""true""><strong>Participants:</strong> Max 4</p></li><li><p style=""white-space:pre-wrap;"" data-rte-preserve-empty=""true""><strong>Fitness:</strong> 2. Moderate</p></li><li><p style=""white-space:pre-wrap;"" data-rte-preserve-empty=""true""><strong>Experience Level:</strong> Beginner to Advanced</p></li><li><p style=""white-space:pre-wrap;"" data-rte-preserve-empty=""true""><strong>Equipment Needed: </strong>DSLR or Mirrorless Camera and Tripod</p></li><li><p style=""white-space:pre-wrap;"" data-rte-preserve-empty=""true""><strong>Photography Workshop Event Details</strong>: <a href=""/photography-workshops-near-me"">Somerset</a></p></li><li><p style=""white-space:pre-wrap;"" data-rte-preserve-empty=""true""><strong>Description: </strong>We will be based in the heart of Somerset with easy access to many beautiful locations ranging from marshes and nature reserves, iconic hills and gorges to woodlands and maybe some coastline too,</p></li></ul>","SQ9940608","","","","","","","","","","","","","","","895.00","845.00","No","4","All Photography Workshops, - weekend residential photo workshops, Landscape","somerset","","","","","No","https://images.squarespace-cdn.com/content/v1/5013f4b2c4aaa4752ac69b17/1707309019991-SB0FXQX0176H2D3ZNVBZ/landscape+photography+workshop.jpg https://images.squarespace-cdn.com/content/v1/5013f4b2c4aaa4752ac69b17/1647524395850-OVK8C9IF8F12WL5FBV5R/somerset-photography-workshop.jpg https://images.squarespace-cdn.com/content/v1/5013f4b2c4aaa4752ac69b17/1704097614415-QRYXHM854RBH5DW18QPQ/Burnham+On+Sea+%2301+-+Aug+2021.jpg https://images.squarespace-cdn.com/content/v1/5013f4b2c4aaa4752ac69b17/1704097614374-LJDOPBYMPTLXI9GXDFAH/Avalon+Marsh+%2303+-+Jun+2021.jpg https://images.squarespace-cdn.com/content/v1/5013f4b2c4aaa4752ac69b17/1704097614360-QXPRUK7FY34U46D0T7S9/Cheddar+Gorge+%2311+-+Nov+2021.jpg https://images.squarespace-cdn.com/content/v1/5013f4b2c4aaa4752ac69b17/1704097614439-SMVZWVUH13A1YJRVRQTG/Stourhead+%2310+-+Apr+2022.jpg https://images.squarespace-cdn.com/content/v1/5013f4b2c4aaa4752ac69b17/1597913499206-PF14JAWXPREPVC1XT163/somerset-photography-workshop.jpg https://images.squarespace-cdn.com/content/v1/5013f4b2c4aaa4752ac69b17/1704097614383-U9OWDR69PCVTVJOU26DV/Shearwater%2C+Somerset+%2301+-+Aug+2021_.jpg https://images.squarespace-cdn.com/content/v1/5013f4b2c4aaa4752ac69b17/1704097614370-I41D3GZGJJJON4P65NMP/Glastonbury%2C+Somerset+-+Jun+2022.jpg https://images.squarespace-cdn.com/content/v1/5013f4b2c4aaa4752ac69b17/1704097614444-T4D7EIFISSDQRN4W92BE/Avalon+Marsh+%2305+-+Jun+2021.jpg"
"5dcc10bf22360a310f7b155c","3f1ab966-918f-4785-9a4d-20362ccd0fa9","SERVICE","photo-workshops-uk","suffolk-landscape-photography-workshops","SUFFOLK Landscape Photography Workshops - 5th-7th Feb","<h4 style=""white-space:pre-wrap;"" data-rte-preserve-empty=""true""><span>Join us for an inspiring Suffolk landscape photography workshop, where you'll have the opportunity to create stunning long exposures during breathtaking sunrises and vibrant sunsets. We will explore picturesque quays, serene estuaries, intriguing piers, and tranquil marshes, all while capturing the beauty of charming beach huts and ancient woodlands. Emphasising artistic expression, we'll also delve into the world of black and white photography, allowing you to bring a classic touch to your coastal images.</span></h4><h3 style=""white-space:pre-wrap;"" data-rte-preserve-empty=""true""><strong>Summary</strong></h3><ul data-rte-list=""default""><li><p style=""white-space:pre-wrap;"" data-rte-preserve-empty=""true""><strong>Location:</strong> Suffolk - East Anglia / Southwold/Aldeburgh Area</p></li><li><p style=""white-space:pre-wrap;"" data-rte-preserve-empty=""true""><strong>Dates: </strong>Fri 5th 09:30 - Sun 7th 14:30 Feb 2027 - 3 Days/2 Nights</p></li><li><p style=""white-space:pre-wrap;"" data-rte-preserve-empty=""true""><strong>Participants: </strong><span>Max 4 (1 Car, transport between locations included)</span></p></li><li><p style=""white-space:pre-wrap;"" data-rte-preserve-empty=""true""><strong>Fitness: </strong><span>2. Moderate (15-30 min walks)</span></p></li><li><p style=""white-space:pre-wrap;"" data-rte-preserve-empty=""true""><strong>Experience Level:</strong> Beginner to Advanced</p></li><li><p style=""white-space:pre-wrap;"" data-rte-preserve-empty=""true""><strong>Equipment Needed: </strong>DSLR or Mirrorless Camera and Tripod</p></li><li><p style=""white-space:pre-wrap;"" data-rte-preserve-empty=""true""><strong>Photography Workshop Event Details</strong> <a href=""/photography-workshops"" rel=""noopener"">Suffolk</a></p></li><li><p style=""white-space:pre-wrap;"" data-rte-preserve-empty=""true""><strong>Description:</strong> This is a 3-day, 2-night residential Suffolk landscape photography workshop based on the Southwold and Aldeburgh coast, open to all levels from beginner to advanced. The Suffolk coastline is one of England's most photogenic and most varied — wide shoreline vistas, big skies, and a wealth of subjects most coastlines can't match: weathered piers, painted beach huts, iconic sea-defence structures and the traditional sails of Herringfleet Windmill. It's a landscape that rewards photographers who slow down and learn to see it.</p><p style=""white-space:pre-wrap;"" data-rte-preserve-empty=""true"">The focus is on long exposure and the art of black and white photography — learning to compose a strong coastal frame, to use long exposures to smooth water and sky into mood, and to recognise when a scene works better in mono. It's about more than the technical craft, though: the real work is learning to see — composing with intention, working intimate detail as readily as the wide vista, and reading light and tone as a harmony rather than chasing the obvious shot. It's never prescriptive either: over three days and two to three locations a day — from Southwold and Walberswick to Dunwich, Orford and Aldeburgh — we work with whatever light and conditions the coast gives us, with early sunrise shoots, full days in the field with tuition, and evenings for relaxed picture reviews.</p><p style=""white-space:pre-wrap;"" data-rte-preserve-empty=""true"">With a maximum of just four photographers and transport between locations included, this is genuinely personal, hassle-free tuition — Alan plans each day around the group, the season, the tides and the forecast, and sends a detailed location itinerary a few days ahead. En-suite accommodation and breakfast are included, so all you have to think about for three days is your photography. You'll come away with a portfolio of atmospheric Suffolk coastal images and a real grasp of long exposure and black and white technique. <strong>An extra night is available the day before on request, ideal for those travelling from a distance — contact me to arrange.</strong></p></li></ul>","SQ2176971","","","","","","","","","","","","","","","1075.00","995.00","Yes","4","coastal, - weekend residential photo workshops","suffolk, long exposure, coastline","","","","","Yes","https://images.squarespace-cdn.com/content/v1/5013f4b2c4aaa4752ac69b17/1714667523305-2SEM1T5WD278HHO4HJIV/Southwold+Sunrise.jpg https://images.squarespace-cdn.com/content/v1/5013f4b2c4aaa4752ac69b17/1573822964551-HJOV8BN645WGK10OAUJM/suffolk-coastal-photography-workshop.jpg https://images.squarespace-cdn.com/content/v1/5013f4b2c4aaa4752ac69b17/1714650055069-5DPM44ERXSX234XAGLA9/Southwold+%2304+-+February+2024.jpg https://images.squarespace-cdn.com/content/v1/5013f4b2c4aaa4752ac69b17/1714667523298-IFLRQPC8HJ0HQ29TQ0DF/Southwold+Pier+%2301+-+Feb+2024.jpg https://images.squarespace-cdn.com/content/v1/5013f4b2c4aaa4752ac69b17/1714667523308-GH9E3DQTMH53IMOYY3FG/Southwold+%2305+-+February+2024.jpg https://images.squarespace-cdn.com/content/v1/5013f4b2c4aaa4752ac69b17/1714667523300-6U771B9BKFRA0MTHXVLG/Beach+Cemetery+4.jpg https://images.squarespace-cdn.com/content/v1/5013f4b2c4aaa4752ac69b17/1714667523170-EZFVCGFDMQ7QJ4ZCSZXL/Felixstowe+%2303+-+Nov+2021.jpg https://images.squarespace-cdn.com/content/v1/5013f4b2c4aaa4752ac69b17/1714667523247-RV3O9YBRA8WQI4BHNXHI/Sizewell+%2302+-+Feb+2024.jpg https://images.squarespace-cdn.com/content/v1/5013f4b2c4aaa4752ac69b17/1714667523253-8Z569GS0KDVO333HC6V7/Blythburgh+%2304+-+Feb+2024.jpg https://images.squarespace-cdn.com/content/v1/5013f4b2c4aaa4752ac69b17/1714667523273-0O8OAVI22MR83LYWICHA/shoreline+IV+-+felixstowe.jpg https://images.squarespace-cdn.com/content/v1/5013f4b2c4aaa4752ac69b17/1714667523298-I6MCV6C0TNGIGQWHUHJZ/Walberswick+%2307+-+Nov+2021.jpg https://images.squarespace-cdn.com/content/v1/5013f4b2c4aaa4752ac69b17/1714667523305-M3W9W9R275FMIDAR3CKP/Woodbridge+%2301+-+Nov+2021.jpg https://images.squarespace-cdn.com/content/v1/5013f4b2c4aaa4752ac69b17/1714667523309-NK3I98SSXQ259OFUC0M1/Southwold+Beach+Huts+3.jpg https://images.squarespace-cdn.com/content/v1/5013f4b2c4aaa4752ac69b17/1714667523308-SDPP0NMFWEFQ420CSE5H/Felixstowe+Port+%2302+-+Nov+2021.jpg https://images.squarespace-cdn.com/content/v1/5013f4b2c4aaa4752ac69b17/1714667523309-3JGF0T23UZYW73VIXQO4/Southwold+Pier+%2306+-+Feb+2024.jpg https://images.squarespace-cdn.com/content/v1/5013f4b2c4aaa4752ac69b17/1714667523309-NPNZHE7Q7V1WS4G1EO1J/Blythburgh+%2307+-+Feb+2024.jpg https://images.squarespace-cdn.com/content/v1/5013f4b2c4aaa4752ac69b17/1714667523314-VYBJUHDA6VODVSDMUE7X/Shingle+Beach+%2308+-+Nov+2021.jpg https://images.squarespace-cdn.com/content/v1/5013f4b2c4aaa4752ac69b17/1714667523313-9HSO5TTLNXXOTP2FCWSF/Walberswick+Sunrise+1.jpg https://images.squarespace-cdn.com/content/v1/5013f4b2c4aaa4752ac69b17/1714667523317-297PJE7HN6GYSVF9PLZB/Shingle+Beach+%2302+-+Nov+2021.jpg https://images.squarespace-cdn.com/content/v1/5013f4b2c4aaa4752ac69b17/1714667523322-6LTZ1MSS9CIBXFSENOXB/river+blyth+1.jpg https://images.squarespace-cdn.com/content/v1/5013f4b2c4aaa4752ac69b17/1721729331123-2IHECIEVGAX273R85D1R/Suffolk+Landscape+Photography+Workshops.jpg"
"5e26c228cbdce948ffa3a507","c2aed668-f6da-49e9-bafe-58ac505fb48b","SERVICE","photo-workshops-uk","urban-architecture-photography-workshops-coventry","URBAN ARCHITECTURE Photography Workshops - Coventry 9 Sep","<h4 style=""white-space:pre-wrap;"" data-rte-preserve-empty=""true"">We will walk around several historic parts of Coventry in this 2.5hr Urban <strong><span>Architecture Photography Workshop</span></strong>, photographing buildings and ruins.</h4><h3 style=""white-space:pre-wrap;"" data-rte-preserve-empty=""true""><strong>Summary</strong></h3><ul data-rte-list=""default""><li><p style=""white-space:pre-wrap;"" data-rte-preserve-empty=""true""><strong>Location:</strong> Coventry City Centre</p></li><li><p style=""white-space:pre-wrap;"" data-rte-preserve-empty=""true""><strong>Dates:</strong> Wed 9 Sep 2026 - 18:15-20:15</p></li><li><p style=""white-space:pre-wrap;"" data-rte-preserve-empty=""true""><strong>Participants:</strong> Max 6</p></li><li><p style=""white-space:pre-wrap;"" data-rte-preserve-empty=""true""><strong>Fitness:</strong> 1. Easy</p></li><li><p style=""white-space:pre-wrap;"" data-rte-preserve-empty=""true""><strong>Experience Level:</strong> Beginner to Advanced</p></li><li><p style=""white-space:pre-wrap;"" data-rte-preserve-empty=""true""><strong>Equipment Needed: </strong>DSLR or Mirrorless Camera and Tripod</p></li><li><p style=""white-space:pre-wrap;"" data-rte-preserve-empty=""true""><strong>Photography Workshop Event Details</strong>: <a href=""/photography-workshops"" rel=""noopener"">Street Photography</a></p></li><li><p style=""white-space:pre-wrap;"" data-rte-preserve-empty=""true""><strong>Description:</strong> This Urban Architecture Photography workshop is an evening walk through the historic heart of Coventry — once UK City of Culture — open to all levels and any camera. Cities transform after dark: artificial light, deep shadow and the last colour in the sky turn ordinary buildings and ruins into something dramatic, and this 2.5-hour workshop is built around learning to see and design photographs at night, in the tricky low light most people find hardest to shoot.</p><p style=""white-space:pre-wrap;"" data-rte-preserve-empty=""true"">Confident technique in the dark is the floor we build on — and we'll cover it: focusing and exposing accurately in low light, and setting up long exposures to capture movement and mood. But the real work is learning to see the city as a photographer. Walking together through old and new architectural corners — including the cathedral area and its ruins — you'll learn to compose with form, line, texture and contrast, to read the interplay of artificial light and shadow as a harmony rather than a problem, and to find the considered, intentional frame instead of the obvious postcard of a landmark. Old against new, light against dark, detail against sweep — it's about designing an image, not just recording a building.</p><p style=""white-space:pre-wrap;"" data-rte-preserve-empty=""true"">It's a small group of no more than six, taught personally and pitched at exactly your level, so whether you're new to night photography or refining your eye you get real one-to-one guidance in the field. You'll come away with a set of atmospheric urban and architectural images — long exposures, abstracts, dramatic skies — and a sharper, more intentional way of seeing that lets you photograph any city after dark.</p></li></ul>","SQ4066377","","","","","","","","","","","","","","","65.00","50.00","Yes","5","All Photography Workshops, - half-day photo workshops, Urban","coventry, long exposure, architecture, urban","","","","","Yes","https://images.squarespace-cdn.com/content/v1/5013f4b2c4aaa4752ac69b17/1658913526124-UHAZAOPDEELSFKC627FT/Coventry+1.jpg https://images.squarespace-cdn.com/content/v1/5013f4b2c4aaa4752ac69b17/1579684939290-JZG21S6YT4ILWRWKB64L/urban-architecture-photography-workshop.jpg https://images.squarespace-cdn.com/content/v1/5013f4b2c4aaa4752ac69b17/1579684926942-FTUECNQMBEN6BPUIIC42/urban-architecture-photography-workshops.jpg https://images.squarespace-cdn.com/content/v1/5013f4b2c4aaa4752ac69b17/1658913526741-E9DAV7JX3A6UEX1BZ23L/Coventry+2.jpg https://images.squarespace-cdn.com/content/v1/5013f4b2c4aaa4752ac69b17/1658913526628-KD8S5Y2CTOHVVBBJMAYJ/Coventry+3.jpg https://images.squarespace-cdn.com/content/v1/5013f4b2c4aaa4752ac69b17/1658913526620-VJGG8DCCVJ9X8PX71XEB/coventry+night+shoot.jpg"
"5ddba51cd84dd30db44a0d93","51c09199-229a-418a-979e-015df1a8678c","SERVICE","photo-workshops-uk","wales-photography-workshop-pistyll-rhaeadr","WALES Photography Workshop | Lake Vyrnwy 10-11 Oct","<h4 style=""white-space:pre-wrap;"" data-rte-preserve-empty=""true"">Join me for this fantastic Wales photography workshop of woodlands, lakes and waterfalls in Mid-Wales</h4><ul data-rte-list=""default""><li><p style=""white-space:pre-wrap;"" data-rte-preserve-empty=""true""><strong>Location:</strong> Wales - Dee Valley</p></li><li><p style=""white-space:pre-wrap;"" data-rte-preserve-empty=""true""><strong>Dates:</strong> Sat 10th - Sun 11th Oct 2026 - 2 Days/1 Night</p></li><li><p style=""white-space:pre-wrap;"" data-rte-preserve-empty=""true""><strong>Participants:</strong> Max 4</p></li><li><p style=""white-space:pre-wrap;"" data-rte-preserve-empty=""true""><strong>Fitness:</strong> 1. Easy</p></li><li><p style=""white-space:pre-wrap;"" data-rte-preserve-empty=""true""><strong>Experience Level:</strong> Beginner to Advanced</p></li><li><p style=""white-space:pre-wrap;"" data-rte-preserve-empty=""true""><strong>Equipment Needed: </strong>DSLR or Mirrorless Camera and Tripod</p></li><li><p style=""white-space:pre-wrap;"" data-rte-preserve-empty=""true""><strong>Wales Photography Workshop Event Details</strong> <a href=""/photography-workshops"" rel=""noopener"">Lake Vyrnwy</a></p></li><li><p style=""white-space:pre-wrap;"" data-rte-preserve-empty=""true""><strong>Description:</strong> This is a 2-day, 1-night residential Wales photography workshop based in the valleys of Mid-Wales, open to all levels from beginner to advanced. It's built around two of the country's most rewarding landscape locations — Pistyll Rhaeadr, an enchanting waterfall in the Berwyn Mountains and, at 240ft, Britain's tallest single-drop fall, and the tranquil 11-mile shoreline of Lake Vyrnwy — giving you woodlands, water, mountains and one of the seven wonders of Wales in a single weekend.</p><p style=""white-space:pre-wrap;"" data-rte-preserve-empty=""true"">Over two days we work both locations at their best. At Pistyll Rhaeadr you'll photograph the three-stage falls from the viewing platform and bridge, then drop down to water level among the slate beds and mini-falls for intimate compositions; around Lake Vyrnwy we take a leisurely circuit of the reservoir, stopping at quiet bays and outlets and walking the river to the waterfall at the valley head. The focus is on three things that make moving water and big Welsh landscape work: composing a strong frame from a busy natural scene, mastering long exposure to turn falling water into silk, and reading the light and weather that give these valleys their mood. Throughout, the emphasis isn't just on the famous waterfall but on learning to see it — working intimate detail as readily as the wide vista, and treating light and colour as a harmony rather than chasing the obvious shot.</p><p style=""white-space:pre-wrap;"" data-rte-preserve-empty=""true"">With a maximum of just four photographers, this is genuinely personal tuition — Alan plans each day around the season and the forecast, and sends a detailed location itinerary a few days ahead. Accommodation and breakfast are included, so all you have to think about is your photography, and you'll come away with a varied portfolio of Welsh waterfalls, lakes and valleys — and a real command of long-exposure water technique. <strong>An extra night's accommodation is available the day before if required — please request in advance, subject to hotel availability.</strong></p></li></ul>","SQ5697158","","","","","","","","","","","","","","","695.00","575.00","No","3","All Photography Workshops, - weekend residential photo workshops, Landscape","wales, weekend","","","","","Yes","https://images.squarespace-cdn.com/content/v1/5013f4b2c4aaa4752ac69b17/1714636535694-5SWM865PVWA9MMT8LCQB/Dawn+at+Lake+Vyrnwy_.jpg https://images.squarespace-cdn.com/content/v1/5013f4b2c4aaa4752ac69b17/1603802361729-BF1XCXX46DKA8SNEK1II/Wales-photography-workshop.jpg https://images.squarespace-cdn.com/content/v1/5013f4b2c4aaa4752ac69b17/1714636535693-LJM679HB71HQWUL3NHCQ/Pistyll+Rhaeadr.jpg https://images.squarespace-cdn.com/content/v1/5013f4b2c4aaa4752ac69b17/1714636535646-62APUKATHLTPMKEI6GJW/Vyrnwy+Tower.jpg https://images.squarespace-cdn.com/content/v1/5013f4b2c4aaa4752ac69b17/1714636535646-YB0SW25FT4SXOVFEZW48/Lake+Vyrnwy+%2301+-+Jan+2023.jpg https://images.squarespace-cdn.com/content/v1/5013f4b2c4aaa4752ac69b17/1714636535658-GRQFV8ZQ97T75M65H0UQ/Lake+Vyrnwy+%2302+-+Jan+2022.jpg https://images.squarespace-cdn.com/content/v1/5013f4b2c4aaa4752ac69b17/1714636535670-VJ8UT1P1UTS9XDUO1XXE/vyrnwy+rainbow.jpg https://images.squarespace-cdn.com/content/v1/5013f4b2c4aaa4752ac69b17/1714636535678-FL09XXDZ4R55OIIRNN14/Frozen.jpg https://images.squarespace-cdn.com/content/v1/5013f4b2c4aaa4752ac69b17/1714636535692-2TUBKJ92PMWXEZEP7JXN/Pistyll+Rhaeadr+%2302+-+Jan+2022.jpg https://images.squarespace-cdn.com/content/v1/5013f4b2c4aaa4752ac69b17/1714636535693-RLSWW4Z5AJQ0Z7C713CA/Pistyll+Rhaeadr+Falls_.jpg"
"55782219e4b0d550f907de55","b3a4527a-6259-4283-80e0-b1e67899c125","SERVICE","photo-workshops-uk","woodland-photography-walk-warwickshire","WARWICKSHIRE Woodland PHOTOGRAPHY WALKS - Monthly - 2hrs","<h4 style=""white-space:pre-wrap;"" data-rte-preserve-empty=""true"">Informal woodland photography walks in and around Warwickshire Woodlands - All Levels and types of camera welcome - Length 2hrs. 9:30 am-11:30 am</h4><p style=""white-space:pre-wrap;"" data-rte-preserve-empty=""true""><strong>Summary</strong></p><ul data-rte-list=""default""><li><p style=""white-space:pre-wrap;"" data-rte-preserve-empty=""true""><strong>Location:</strong> Various Warwickshire Woodlands</p></li><li><p style=""white-space:pre-wrap;"" data-rte-preserve-empty=""true""><strong>2026 - 09:30 - 11:30</strong></p></li><li style=""margin-left: 40px""><p style=""white-space:pre-wrap;"" data-rte-preserve-empty=""true"">Hay Woods - Solihull Fri Jan 2</p></li><li style=""margin-left: 40px""><p style=""white-space:pre-wrap;"" data-rte-preserve-empty=""true"">Tile Hill Nature Reserve Mon Feb 2</p></li><li style=""margin-left: 40px""><p style=""white-space:pre-wrap;"" data-rte-preserve-empty=""true"">Millisons Wood, Meriden -Sun May 3</p></li><li style=""margin-left: 40px""><p style=""white-space:pre-wrap;"" data-rte-preserve-empty=""true"">Piles Coppice, Coventry - Fri Oct 16</p></li><li style=""margin-left: 40px""><p style=""white-space:pre-wrap;"" data-rte-preserve-empty=""true"">Crackley Wood, Kenilworth - Fri Nov 6</p></li><li style=""margin-left: 40px""><p style=""white-space:pre-wrap;"" data-rte-preserve-empty=""true"">Hay Woods - Solihull Fri Dec 4</p></li><li><p style=""white-space:pre-wrap;"" data-rte-preserve-empty=""true""><strong>Participants:</strong> Max 6</p></li><li><p style=""white-space:pre-wrap;"" data-rte-preserve-empty=""true""><strong>Fitness:</strong> 1. Easy</p></li><li><p style=""white-space:pre-wrap;"" data-rte-preserve-empty=""true""><strong>Experience Level:</strong> Novice to Beginner</p></li><li><p style=""white-space:pre-wrap;"" data-rte-preserve-empty=""true""><strong>Equipment Needed: </strong>Phone or Digital Camera</p></li><li><p style=""white-space:pre-wrap;"" data-rte-preserve-empty=""true""><strong>Photography Workshop Event Details</strong>: <a href=""/learn-landscape-photography-techniques-photo-workshops"" rel=""noopener"">Woodland Walks</a></p></li><li><p style=""white-space:pre-wrap;"" data-rte-preserve-empty=""true""><strong>Description:</strong> This is a relaxed, informal woodland photography walk through the beautiful woodlands in and around Warwickshire — a regular monthly outing open to all levels and any camera. It's a gentle two hours among the trees with camera in hand, and it's as much about slowing down and reconnecting with nature as it is about photography: we walk, we observe, we take in the wood around us, and we make a photograph when something moves us to — or simply enjoy being there.</p><p style=""white-space:pre-wrap;"" data-rte-preserve-empty=""true"">My aim isn't to tell you what to shoot. It's to help you develop your own visual awareness, your photographic eye and your personal interpretation of what's in front of you. Woodland is one of the hardest subjects there is — chaotic, cluttered, endlessly busy — so the real work is learning to see: to simplify the scene, to find the quiet order and the light within the tangle, and to photograph the close-up, the intimate detail and the abstract as readily as the wider woodland view. I'm always on hand for the &quot;how to&quot; — the settings and the craft — but in service of what you feel drawn to express, not a shot list.</p><p style=""white-space:pre-wrap;"" data-rte-preserve-empty=""true"">The walks rotate through a lovely variety of local woodlands across the seasons — among them Crackley Wood, Hay Wood, Tile Hill Nature Reserve, Millisons Wood and Piles Coppice — so there's always something new to see. With no more than six of us it stays personal and unhurried, with one-to-one guidance whenever you want it. You'll come away with images that are genuinely your own — and a calmer, more intentional way of seeing that stays with you long after the walk.</p></li></ul>","SQ1654264","","","Location/Date","Fri Jan 2 Hay Woods - Solihull","","","","","","","","","","","15.00","10.00","No","0","All Photography Workshops, - half-day photo workshops, Woodlands","","","","","","Yes","https://images.squarespace-cdn.com/content/v1/5013f4b2c4aaa4752ac69b17/1707217364251-99ITJH38DI58S3G3YA47/Woodland+Photography+Walk.jpg https://images.squarespace-cdn.com/content/v1/5013f4b2c4aaa4752ac69b17/1638294244389-VXYBCKM0FIMZIIA72FUM/woodland-photo-walks.jpg https://images.squarespace-cdn.com/content/v1/5013f4b2c4aaa4752ac69b17/1706261210075-LN4U6ZC9VI2Z1XHJ09ZF/Cackley+Wood+-+Kenilworth+Nov+2020+-+004.jpg https://images.squarespace-cdn.com/content/v1/5013f4b2c4aaa4752ac69b17/1706261210003-H1Q83364T6EYW45A210E/Clowes+Wood+2.jpg https://images.squarespace-cdn.com/content/v1/5013f4b2c4aaa4752ac69b17/1706261209977-C26FIPS61NE1WDDDY730/Crackley+Wood+-+Kenilworth+Nov+2020+-+002.jpg https://images.squarespace-cdn.com/content/v1/5013f4b2c4aaa4752ac69b17/1706261210027-FU9WQOV95FAAD2YJBRES/Crackley+Wood+-+Kenilworth+Nov+2020+-+003.jpg https://images.squarespace-cdn.com/content/v1/5013f4b2c4aaa4752ac69b17/1706261210044-35CYRPG7R4UDCCQN8J5H/Crackley+Wood+-+Nov+2019+-+8.jpg https://images.squarespace-cdn.com/content/v1/5013f4b2c4aaa4752ac69b17/1706261210173-JPIXCWEJ8K5JW4MPZW32/Early+Autumn.jpg https://images.squarespace-cdn.com/content/v1/5013f4b2c4aaa4752ac69b17/1706261210209-MX475AV3MFQ3ULUL8W5E/Hay+Wood+-+%2301+-+Jan+2024.jpg https://images.squarespace-cdn.com/content/v1/5013f4b2c4aaa4752ac69b17/1706261210204-Q702VJJ74VHLXEBVKLVR/Hay+Wood+-+%2302+-+Jan+2024.jpg https://images.squarespace-cdn.com/content/v1/5013f4b2c4aaa4752ac69b17/1706261210209-MZD55ROFX7P5YMM8J159/Hay+Wood+-+%2303+-+Jan+2024.jpg https://images.squarespace-cdn.com/content/v1/5013f4b2c4aaa4752ac69b17/1706261210210-RWNNEJWZ90JA81QOZYCE/Hay+Wood+-+%2304+-+Jan+2024.jpg https://images.squarespace-cdn.com/content/v1/5013f4b2c4aaa4752ac69b17/1706261210210-XTKPLULJV5E14MEZ4I7J/Hay+Wood+-+%2305+-+Jan+2024.jpg https://images.squarespace-cdn.com/content/v1/5013f4b2c4aaa4752ac69b17/1706261210209-UFELDA5GVWPMIHI0VFP2/Hay+Wood+-+%2306+-+Jan+2024.jpg https://images.squarespace-cdn.com/content/v1/5013f4b2c4aaa4752ac69b17/1706261210055-4YQGJGR7FRFNCL3TGW7I/Hay+Wood+%2301+-+Jan+2022.jpg https://images.squarespace-cdn.com/content/v1/5013f4b2c4aaa4752ac69b17/1706261210078-34W0L7QCOPML9UKBLPW9/Hay+Wood+%2303+-+Jan+2022.jpg https://images.squarespace-cdn.com/content/v1/5013f4b2c4aaa4752ac69b17/1706261210103-QF72ABOZN8D0VIUWY4GE/Hay+Wood+%2305+-+Jan+2022.jpg https://images.squarespace-cdn.com/content/v1/5013f4b2c4aaa4752ac69b17/1706261209980-PVYTSQJ29CQGDVJSN1J1/Hay+Wood+%2309+-+Jan+2022.jpg https://images.squarespace-cdn.com/content/v1/5013f4b2c4aaa4752ac69b17/1706261209954-4MMNE2EZ1QXQI76L5OOJ/Hay+Wood+%2310+-+Jan+2022.jpg https://images.squarespace-cdn.com/content/v1/5013f4b2c4aaa4752ac69b17/1706261210054-39PH6R7XKV73ZTS7A1JY/Hay+Wood+%2311+-+Jan+2022.jpg https://images.squarespace-cdn.com/content/v1/5013f4b2c4aaa4752ac69b17/1706261210008-XT7A41VCYCVF1AHY6142/Hay+Wood+Dec+2019+-+1.jpg https://images.squarespace-cdn.com/content/v1/5013f4b2c4aaa4752ac69b17/1706261209984-03T8NLHMQT1PY39PNPBG/Hay+Wood+Dec+2019+-+4.jpg https://images.squarespace-cdn.com/content/v1/5013f4b2c4aaa4752ac69b17/1706261210068-BVEUYXJ5GRW6GGBOCLMQ/Hay+Wood+Dec+2019+-+5.jpg https://images.squarespace-cdn.com/content/v1/5013f4b2c4aaa4752ac69b17/1706261210130-EBHO0AU4ICC01XKNPB48/Hay+Wood+Dec+2019+-+6.jpg https://images.squarespace-cdn.com/content/v1/5013f4b2c4aaa4752ac69b17/1706261209955-NFI1F2KGP3KGOKK1279U/Millisons+Wood+%2311+-+May+2021.jpg https://images.squarespace-cdn.com/content/v1/5013f4b2c4aaa4752ac69b17/1706261210004-LWQ8SUK31NDNZ22VPL87/Millisons+Wood+4.jpg https://images.squarespace-cdn.com/content/v1/5013f4b2c4aaa4752ac69b17/1706261210075-PHO0XRL32H9B2FDG4EP7/Moseley+Bog++Mar+2019+-+Roots.jpg https://images.squarespace-cdn.com/content/v1/5013f4b2c4aaa4752ac69b17/1706261209958-0EMRHV8WQRHZYM66NCMJ/Piles+Coppice+%2311+-+Oct+2021.jpg https://images.squarespace-cdn.com/content/v1/5013f4b2c4aaa4752ac69b17/1706261209961-D4RMAC93EH2Z0F9UTIRI/Plant+Hiil+Wood+%2301+-+Oct+2023.jpg https://images.squarespace-cdn.com/content/v1/5013f4b2c4aaa4752ac69b17/1706261209976-CIN16XON7BZ9L4BL4FBU/Plant+Hill+Woods+%2301+-+Jan+2022.jpg"
"","ed446b2e-8d2c-46db-aba9-f9a3ada8d4f1","","","","","","SQ1288994","","","Location/Date","Mon Feb 2 - Tile Hill Nature Reserve - Coventry","","","","","","","","","","","15.00","10.00","No","2","","","","","","","",""
"","9a75ffbc-cd83-49bc-a277-7bb7ba14d6d5","","","","","","SQ0063623","","","Location/Date","Sun May 3 - Millisons Wood, Meriden","","","","","","","","","","","15.00","9.95","No","0","","","","","","","",""
"","19117bf7-c694-4cef-b8dc-fbd86f7a5096","","","","","","SQ6524101","","","Location/Date","Fri Oct 16 - Piles Coppice, Coventry","","","","","","","","","","","15.00","9.95","No","6","","","","","","","",""
"","e6fd5ce5-28c2-4fa0-b92b-978d4efc1e2b","","","","","","SQ7078023","","","Location/Date","Fri Nov 6 - Crackley Wood, Kenilworth","","","","","","","","","","","15.00","9.95","No","6","","","","","","","",""
"","abd824d1-4280-4e79-b700-e7f69faf0591","","","","","","SQ3819844","","","Location/Date","Fri Dec 4 - Hay Wood - Lapworth","","","","","","","","","","","15.00","10.00","No","6","","","","","","","",""
"5dcc08ddb5374e1d78252ae6","a2374ed3-78eb-452f-8ffe-d32f77abcce4","SERVICE","photo-workshops-uk","yorkshire-dales-photography-workshops","Landscape YORKSHIRE DALES Photography Workshop - 16 - 18 Apr","<h3 style=""white-space:pre-wrap;"" data-rte-preserve-empty=""true""><strong>Yorkshire Dales Photography Workshop - Join me for this fantastic landscape workshop on limestone pavements and waterfalls.</strong></h3><p style=""white-space:pre-wrap;"" data-rte-preserve-empty=""true""><strong><span>Summary</span></strong></p><ul data-rte-list=""default""><li><p style=""white-space:pre-wrap;"" data-rte-preserve-empty=""true""><strong><span>Location:</span></strong><span> Yorkshire Dales</span></p></li><li><p style=""white-space:pre-wrap;"" data-rte-preserve-empty=""true""><strong><span>Dates:</span></strong><span> Fri 16th - Sun 18th Apr 2027 - 3 Days/2 Nights</span></p></li><li><p style=""white-space:pre-wrap;"" data-rte-preserve-empty=""true""><strong><span>Participants:</span></strong><span> Max 4</span></p></li><li><p style=""white-space:pre-wrap;"" data-rte-preserve-empty=""true""><strong><span>Fitness:</span></strong><span> 3. Moderate</span></p></li><li><p style=""white-space:pre-wrap;"" data-rte-preserve-empty=""true""><strong>Experience Level:</strong> Beginner to Advanced</p></li><li><p style=""white-space:pre-wrap;"" data-rte-preserve-empty=""true""><strong>Equipment Needed: </strong>DSLR or Mirrorless Camera and Tripod</p></li><li><p style=""white-space:pre-wrap;"" data-rte-preserve-empty=""true""><strong><span>Photography Workshop Event Details</span></strong><a href=""/photography-workshops"" rel=""noopener""><span> Yorkshire Dales</span></a></p></li><li><p style=""white-space:pre-wrap;"" data-rte-preserve-empty=""true""><strong>Description:</strong> This is a 3-day, 2-night residential landscape photography workshop in the Yorkshire Dales — one of England's most iconic and varied landscapes, open to all levels from beginner to advanced. From dramatic limestone pavements and amphitheatre cliffs to tumbling waterfalls, soaring viaducts and lone, wind-sculpted trees, the Dales pack an extraordinary range of subjects into one area, and over a long weekend you'll learn to read and photograph this moody, dramatic country in its best light.</p><p style=""white-space:pre-wrap;"" data-rte-preserve-empty=""true"">Across three days we work some of the Dales' most rewarding locations as the conditions and season allow — the natural amphitheatre of Malham Cove and the ravine at Gordale Scar, the waterfalls of Ingleton, Aysgarth and Janet's Foss, the sweeping arches of Ribblehead Viaduct, and the famous lone tree set on its bare limestone pavement. The focus is on three things that make a strong Dales image: composing rock, water and vista into a balanced frame, mastering long exposure to bring waterfalls and rivers to life, and timing each shoot — including early morning starts — to the dramatic light and weather these hills are known for. Throughout, the emphasis isn't just on the grand vista but on learning to see it — composing with intention, working intimate detail as readily as the wide view, and reading light and colour as a harmony rather than chasing the obvious shot.</p><p style=""white-space:pre-wrap;"" data-rte-preserve-empty=""true"">With a maximum of just four photographers, this is genuinely personal tuition — Alan plans each day around the season and the forecast, and sends a detailed location itinerary a few days ahead. Accommodation and breakfast are included, so all you have to think about is your photography, and you'll come away with a varied portfolio of the Yorkshire Dales — waterfalls, limestone pavements, viaducts and classic vistas — and the field craft to capture dramatic upland landscape anywhere. <strong>An extra night's accommodation is available the day before if required — please request in advance, subject to hotel availability.</strong></p></li></ul>","SQ9211910","","","","","","","","","","","","","","","895.00","825.00","No","4","All Photography Workshops, - weekend residential photo workshops, Landscape","yorkshire-dales","","","","","Yes","https://images.squarespace-cdn.com/content/v1/5013f4b2c4aaa4752ac69b17/1714659095505-TB874TXCA6ADNDFC82FX/Muker+%2302+-+July+2021.jpg https://images.squarespace-cdn.com/content/v1/5013f4b2c4aaa4752ac69b17/1666795749621-6K2S8RRBFO5X2POW1KDC/yorkshire-dales-photography-workshops.jpg https://images.squarespace-cdn.com/content/v1/5013f4b2c4aaa4752ac69b17/1714659095504-KVQNR1V8DL3VXEE231SC/Buttertubs+Pass+%2301+-+Feb+2022.jpg https://images.squarespace-cdn.com/content/v1/5013f4b2c4aaa4752ac69b17/1714659095499-H51WBX9338OENMIAGA05/Muker+%2303+-+July+2021.jpg https://images.squarespace-cdn.com/content/v1/5013f4b2c4aaa4752ac69b17/1714659095503-7800EQIMME63VA8O7UDU/Southerscales+Limestone+-+Cracks.jpg https://images.squarespace-cdn.com/content/v1/5013f4b2c4aaa4752ac69b17/1714659095504-2O7U51YP5VLUISAPT7UT/Keld+%2314+-+Nov+2023.jpg https://images.squarespace-cdn.com/content/v1/5013f4b2c4aaa4752ac69b17/1714659095505-MERUERH9UYSKQJDIRHJB/Keld+%2303-+Nov+2023.jpg https://images.squarespace-cdn.com/content/v1/5013f4b2c4aaa4752ac69b17/1714659095506-GZNV2RBEE3G87QUEC95R/Twisleton+Scar+1.jpg https://images.squarespace-cdn.com/content/v1/5013f4b2c4aaa4752ac69b17/1714659095514-049YTBG8KPBHFUQOL3MF/Buttertubs+Pass+%2302+-+Feb+2022.jpg https://images.squarespace-cdn.com/content/v1/5013f4b2c4aaa4752ac69b17/ca24d2c6-e612-42ca-91b5-03d2782bc6db/Windskill+Stones+-+Apr+2026+%2303.jpg https://images.squarespace-cdn.com/content/v1/5013f4b2c4aaa4752ac69b17/26954247-6dc6-458d-a1ae-19b29705af7d/Dent+Head+Viaduct+-+Apr+2026.jpg https://images.squarespace-cdn.com/content/v1/5013f4b2c4aaa4752ac69b17/75687404-4d80-4558-a4eb-11054fc4adde/Southerscales+Apr+2026+-+%2302.jpg https://images.squarespace-cdn.com/content/v1/5013f4b2c4aaa4752ac69b17/55171cd0-9357-47b7-862e-a5566adf6cbc/Southerscales+Apr+2026+-+%2304.jpg https://images.squarespace-cdn.com/content/v1/5013f4b2c4aaa4752ac69b17/3512364c-0ce9-4a46-963d-0a12d5595d71/Southerscales+Apr+2026+-+%2305.jpg"
