url,path,is_gallery,likely_hidden_from_google,indexability_policy,policy_note,gsc_indexed,gsc_verdict,gsc_coverage,source,page_type,category,csv_type
"https://www.alanranger.com","/","no","","","","","","","csv_metadata","landing","","landing_service_pages"
"https://www.alanranger.com/1-page-checklists","/1-page-checklists","no","","","","","","","csv_metadata","","","site_urls"
"https://www.alanranger.com/about-alan-ranger","/about-alan-ranger","no","","","","","","","csv_metadata","landing","landing","site_urls"
"https://www.alanranger.com/academy-robo-ranger","/academy-robo-ranger","no","","","","","","","csv_metadata","","","site_urls"
"https://www.alanranger.com/academy/ebook","/academy/ebook","no","","","","","","","csv_metadata","","","site_urls"
"https://www.alanranger.com/academy/login","/academy/login","no","","","","","","","csv_metadata","service","service","site_urls"
"https://www.alanranger.com/academy/online-photography-course","/academy/online-photography-course","no","","","","","","","csv_metadata","","","site_urls"
"https://www.alanranger.com/academy/photography-checklists","/academy/photography-checklists","no","","","","","","","csv_metadata","","","site_urls"
"https://www.alanranger.com/academy/photography-exams-certification","/academy/photography-exams-certification","no","","","","","","","csv_metadata","","","site_urls"
"https://www.alanranger.com/academy/photography-practice-packs","/academy/photography-practice-packs","no","","","","","","","csv_metadata","","","site_urls"
"https://www.alanranger.com/academy/photography-questions-answers","/academy/photography-questions-answers","no","","","","","","","csv_metadata","","","site_urls"
"https://www.alanranger.com/academy/robo-ranger","/academy/robo-ranger","no","","","","","","","csv_metadata","","","site_urls"
"https://www.alanranger.com/academy/trial-expired","/academy/trial-expired","no","","","","","","","csv_metadata","","","site_urls"
"https://www.alanranger.com/academy/upgrade","/academy/upgrade","no","","","","","","","csv_metadata","","","site_urls"
"https://www.alanranger.com/awards-and-qualifications","/awards-and-qualifications","no","","","","","","","csv_metadata","landing","landing","site_urls"
"https://www.alanranger.com/batsford-arboretum-photography","/batsford-arboretum-photography","no","","","","","","","csv_metadata","landing","landing","site_urls"
"https://www.alanranger.com/beginners-photography-classes","/beginners-photography-classes","no","","","","","","","event_table","event","service hub","site_urls"
"https://www.alanranger.com/beginners-photography-lessons","/beginners-photography-lessons","no","","","","","","","csv_metadata","","","site_urls"
"https://www.alanranger.com/beginners-photography-lessons/camera-courses-for-beginners-coventry-","/beginners-photography-lessons/camera-courses-for-beginners-coventry-","no","","","","","","","event_table","event","event","site_urls"
"https://www.alanranger.com/beginners-photography-lessons/camera-courses-for-beginners-coventry-2k99k","/beginners-photography-lessons/camera-courses-for-beginners-coventry-2k99k","no","","","","","","","event_table","event","event","site_urls"
"https://www.alanranger.com/beginners-photography-lessons/camera-courses-for-beginners-coventry-2n74k","/beginners-photography-lessons/camera-courses-for-beginners-coventry-2n74k","no","","","","","","","event_table","event","event","site_urls"
"https://www.alanranger.com/beginners-photography-lessons/camera-courses-for-beginners-coventry-2sj27","/beginners-photography-lessons/camera-courses-for-beginners-coventry-2sj27","no","","","","","","","event_table","event","event","site_urls"
"https://www.alanranger.com/beginners-photography-lessons/camera-courses-for-beginners-coventry-3yj3h","/beginners-photography-lessons/camera-courses-for-beginners-coventry-3yj3h","no","","","","","","","event_table","event","event","site_urls"
"https://www.alanranger.com/beginners-photography-lessons/camera-courses-for-beginners-coventry-4pp2p","/beginners-photography-lessons/camera-courses-for-beginners-coventry-4pp2p","no","","","","","","","event_table","event","event","site_urls"
"https://www.alanranger.com/beginners-photography-lessons/camera-courses-for-beginners-coventry-7breh","/beginners-photography-lessons/camera-courses-for-beginners-coventry-7breh","no","","","","","","","event_table","event","event","site_urls"
"https://www.alanranger.com/beginners-photography-lessons/camera-courses-for-beginners-coventry-8ar5x","/beginners-photography-lessons/camera-courses-for-beginners-coventry-8ar5x","no","","","","","","","event_table","event","event","site_urls"
"https://www.alanranger.com/beginners-photography-lessons/camera-courses-for-beginners-coventry-8s2ka","/beginners-photography-lessons/camera-courses-for-beginners-coventry-8s2ka","no","","","","","","","event_table","event","event","site_urls"
"https://www.alanranger.com/beginners-photography-lessons/camera-courses-for-beginners-coventry-bds4t","/beginners-photography-lessons/camera-courses-for-beginners-coventry-bds4t","no","","","","","","","event_table","event","event","site_urls"
"https://www.alanranger.com/beginners-photography-lessons/camera-courses-for-beginners-coventry-be4sb","/beginners-photography-lessons/camera-courses-for-beginners-coventry-be4sb","no","","","","","","","event_table","event","event","site_urls"
"https://www.alanranger.com/beginners-photography-lessons/camera-courses-for-beginners-coventry-dfe","/beginners-photography-lessons/camera-courses-for-beginners-coventry-dfe","no","","","","","","","event_table","event","event","site_urls"
"https://www.alanranger.com/beginners-photography-lessons/camera-courses-for-beginners-coventry-dg9pz","/beginners-photography-lessons/camera-courses-for-beginners-coventry-dg9pz","no","","","","","","","event_table","event","event","site_urls"
"https://www.alanranger.com/beginners-photography-lessons/camera-courses-for-beginners-coventry-dhecf","/beginners-photography-lessons/camera-courses-for-beginners-coventry-dhecf","no","","","","","","","event_table","event","event","site_urls"
"https://www.alanranger.com/beginners-photography-lessons/camera-courses-for-beginners-coventry-hl4tm","/beginners-photography-lessons/camera-courses-for-beginners-coventry-hl4tm","no","","","","","","","event_table","event","event","site_urls"
"https://www.alanranger.com/beginners-photography-lessons/camera-courses-for-beginners-coventry-hnp3g","/beginners-photography-lessons/camera-courses-for-beginners-coventry-hnp3g","no","","","","","","","event_table","event","event","site_urls"
"https://www.alanranger.com/beginners-photography-lessons/camera-courses-for-beginners-coventry-mw83l","/beginners-photography-lessons/camera-courses-for-beginners-coventry-mw83l","no","","","","","","","event_table","event","event","site_urls"
"https://www.alanranger.com/beginners-photography-lessons/camera-courses-for-beginners-coventry-nhjlm","/beginners-photography-lessons/camera-courses-for-beginners-coventry-nhjlm","no","","","","","","","event_table","event","event","site_urls"
"https://www.alanranger.com/beginners-photography-lessons/camera-courses-for-beginners-coventry-nzwzx","/beginners-photography-lessons/camera-courses-for-beginners-coventry-nzwzx","no","","","","","","","event_table","event","event","site_urls"
"https://www.alanranger.com/beginners-photography-lessons/camera-courses-for-beginners-coventry-oct1","/beginners-photography-lessons/camera-courses-for-beginners-coventry-oct1","no","","","","","","","event_table","event","event","site_urls"
"https://www.alanranger.com/beginners-photography-lessons/camera-courses-for-beginners-coventry-oct2","/beginners-photography-lessons/camera-courses-for-beginners-coventry-oct2","no","","","","","","","event_table","event","event","site_urls"
"https://www.alanranger.com/beginners-photography-lessons/camera-courses-for-beginners-coventry-oct3","/beginners-photography-lessons/camera-courses-for-beginners-coventry-oct3","no","","","","","","","event_table","event","event","site_urls"
"https://www.alanranger.com/beginners-photography-lessons/camera-courses-for-beginners-coventry-s2klg","/beginners-photography-lessons/camera-courses-for-beginners-coventry-s2klg","no","","","","","","","event_table","event","event","site_urls"
"https://www.alanranger.com/beginners-photography-lessons/camera-courses-for-beginners-coventry-w5nkt","/beginners-photography-lessons/camera-courses-for-beginners-coventry-w5nkt","no","","","","","","","event_table","event","event","site_urls"
"https://www.alanranger.com/beginners-photography-lessons/camera-courses-for-beginners-coventry-wc34j","/beginners-photography-lessons/camera-courses-for-beginners-coventry-wc34j","no","","","","","","","event_table","event","event","site_urls"
"https://www.alanranger.com/beginners-photography-lessons/camera-courses-for-beginners-coventry-wk1","/beginners-photography-lessons/camera-courses-for-beginners-coventry-wk1","no","","","","","","","event_table","event","event","site_urls"
"https://www.alanranger.com/beginners-photography-lessons/camera-courses-for-beginners-coventry-zbcfe","/beginners-photography-lessons/camera-courses-for-beginners-coventry-zbcfe","no","","","","","","","event_table","event","event","site_urls"
"https://www.alanranger.com/beginners-photography-lessons/camera-courses-for-beginners-week-1","/beginners-photography-lessons/camera-courses-for-beginners-week-1","no","","","","","","","event_table","event","event","site_urls"
"https://www.alanranger.com/beginners-photography-lessons/camera-courses-for-beginners-week-3","/beginners-photography-lessons/camera-courses-for-beginners-week-3","no","","","","","","","event_table","event","event","site_urls"
"https://www.alanranger.com/beginners-photography-lessons/camera-courses-for-beginners-wk2","/beginners-photography-lessons/camera-courses-for-beginners-wk2","no","","","","","","","event_table","event","event","site_urls"
"https://www.alanranger.com/beginners-photography-lessons/lightroom-photo-editing-classes-wk1","/beginners-photography-lessons/lightroom-photo-editing-classes-wk1","no","","","","","","","event_table","event","event","site_urls"
"https://www.alanranger.com/beginners-photography-lessons/lightroom-photo-editing-classes-wk1-kdh5k","/beginners-photography-lessons/lightroom-photo-editing-classes-wk1-kdh5k","no","","","","","","","event_table","event","event","site_urls"
"https://www.alanranger.com/beginners-photography-lessons/lightroom-photo-editing-classes-wk1-rrkhn","/beginners-photography-lessons/lightroom-photo-editing-classes-wk1-rrkhn","no","","","","","","","event_table","event","event","site_urls"
"https://www.alanranger.com/beginners-photography-lessons/lightroom-photo-editing-classes-wk1-xx94r","/beginners-photography-lessons/lightroom-photo-editing-classes-wk1-xx94r","no","","","","","","","event_table","event","event","site_urls"
"https://www.alanranger.com/beginners-photography-lessons/lightroom-photo-editing-classes-wk2","/beginners-photography-lessons/lightroom-photo-editing-classes-wk2","no","","","","","","","event_table","event","event","site_urls"
"https://www.alanranger.com/beginners-photography-lessons/lightroom-photo-editing-classes-wk2-55f3d","/beginners-photography-lessons/lightroom-photo-editing-classes-wk2-55f3d","no","","","","","","","event_table","event","event","site_urls"
"https://www.alanranger.com/beginners-photography-lessons/lightroom-photo-editing-classes-wk2-n8l4l","/beginners-photography-lessons/lightroom-photo-editing-classes-wk2-n8l4l","no","","","","","","","event_table","event","event","site_urls"
"https://www.alanranger.com/beginners-photography-lessons/lightroom-photo-editing-classes-wk2-y3262","/beginners-photography-lessons/lightroom-photo-editing-classes-wk2-y3262","no","","","","","","","event_table","event","event","site_urls"
"https://www.alanranger.com/beginners-photography-lessons/lightroom-photo-editing-classes-wk3","/beginners-photography-lessons/lightroom-photo-editing-classes-wk3","no","","","","","","","event_table","event","event","site_urls"
"https://www.alanranger.com/beginners-photography-lessons/lightroom-photo-editing-classes-wk3-42ynf","/beginners-photography-lessons/lightroom-photo-editing-classes-wk3-42ynf","no","","","","","","","event_table","event","event","site_urls"
"https://www.alanranger.com/beginners-photography-lessons/lightroom-photo-editing-classes-wk3-7cd64","/beginners-photography-lessons/lightroom-photo-editing-classes-wk3-7cd64","no","","","","","","","event_table","event","event","site_urls"
"https://www.alanranger.com/beginners-photography-lessons/lightroom-photo-editing-classes-wk3-9b3t3","/beginners-photography-lessons/lightroom-photo-editing-classes-wk3-9b3t3","no","","","","","","","event_table","event","event","site_urls"
"https://www.alanranger.com/beginners-photography-lessons/rps-courses-rps-distinctions-mentoring-1","/beginners-photography-lessons/rps-courses-rps-distinctions-mentoring-1","no","","","","","","","event_table","event","event","site_urls"
"https://www.alanranger.com/beginners-photography-lessons/rps-courses-rps-distinctions-mentoring-2","/beginners-photography-lessons/rps-courses-rps-distinctions-mentoring-2","no","","","","","","","event_table","event","event","site_urls"
"https://www.alanranger.com/beginners-photography-lessons/rps-courses-rps-distinctions-mentoring-3","/beginners-photography-lessons/rps-courses-rps-distinctions-mentoring-3","no","","","","","","","event_table","event","event","site_urls"
"https://www.alanranger.com/beginners-photography-lessons/rps-courses-rps-distinctions-mentoring-4","/beginners-photography-lessons/rps-courses-rps-distinctions-mentoring-4","no","","","","","","","event_table","event","event","site_urls"
"https://www.alanranger.com/beginners-photography-lessons/rps-courses-rps-distinctions-mentoring-5","/beginners-photography-lessons/rps-courses-rps-distinctions-mentoring-5","no","","","","","","","event_table","event","event","site_urls"
"https://www.alanranger.com/beginners-photography-lessons/rps-courses-rps-distinctions-mentoring-6","/beginners-photography-lessons/rps-courses-rps-distinctions-mentoring-6","no","","","","","","","event_table","event","event","site_urls"
"https://www.alanranger.com/beginners-portrait-photography-course","/beginners-portrait-photography-course","no","","","","","","","csv_metadata","landing","landing","site_urls"
"https://www.alanranger.com/blog-on-photography","/blog-on-photography","no","","","","","","","csv_metadata","","","site_urls"
"https://www.alanranger.com/blog-on-photography/10-basic-camera-settings-for-camera","/blog-on-photography/10-basic-camera-settings-for-camera","no","","","","","","","csv_metadata","","","site_urls"
"https://www.alanranger.com/blog-on-photography/15-principles-to-improve-composition","/blog-on-photography/15-principles-to-improve-composition","no","","","","","","","csv_metadata","","","site_urls"
"https://www.alanranger.com/blog-on-photography/5-reasons-to-use-a-tripod","/blog-on-photography/5-reasons-to-use-a-tripod","no","","","","","","","csv_metadata","","","site_urls"
"https://www.alanranger.com/blog-on-photography/5-stages-to-improve-your-photography","/blog-on-photography/5-stages-to-improve-your-photography","no","","","","","","","csv_metadata","","","site_urls"
"https://www.alanranger.com/blog-on-photography/7-essential-camera-accessories","/blog-on-photography/7-essential-camera-accessories","no","","","","","","","csv_metadata","","","site_urls"
"https://www.alanranger.com/blog-on-photography/7-most-common-camera-exposure-mistakes","/blog-on-photography/7-most-common-camera-exposure-mistakes","no","","","","","","","csv_metadata","","","site_urls"
"https://www.alanranger.com/blog-on-photography/a-christmas-day-memory-crisis","/blog-on-photography/a-christmas-day-memory-crisis","no","","","","","","","csv_metadata","","","site_urls"
"https://www.alanranger.com/blog-on-photography/abstract-photography-1","/blog-on-photography/abstract-photography-1","no","","","","","","","csv_metadata","","","site_urls"
"https://www.alanranger.com/blog-on-photography/abstract-photography-practice-assignment-free-lesson","/blog-on-photography/abstract-photography-practice-assignment-free-lesson","no","","","","","","","csv_metadata","","","site_urls"
"https://www.alanranger.com/blog-on-photography/advanced-editing-with-nik-collection","/blog-on-photography/advanced-editing-with-nik-collection","no","","","","","","","csv_metadata","","","site_urls"
"https://www.alanranger.com/blog-on-photography/airbnb-photography-guide","/blog-on-photography/airbnb-photography-guide","no","","","","","","","csv_metadata","","","site_urls"
"https://www.alanranger.com/blog-on-photography/alistair-willis-rps-distinctions","/blog-on-photography/alistair-willis-rps-distinctions","no","","","","","","","csv_metadata","","","site_urls"
"https://www.alanranger.com/blog-on-photography/alternative-long-exposure-photography-techniques","/blog-on-photography/alternative-long-exposure-photography-techniques","no","","","","","","","csv_metadata","","","site_urls"
"https://www.alanranger.com/blog-on-photography/aperture-and-depth-of-field-assignment","/blog-on-photography/aperture-and-depth-of-field-assignment","no","","","","","","","csv_metadata","","","site_urls"
"https://www.alanranger.com/blog-on-photography/aperture-field-checklist","/blog-on-photography/aperture-field-checklist","no","","","","","","","csv_metadata","","","site_urls"
"https://www.alanranger.com/blog-on-photography/architecture-photography-guide","/blog-on-photography/architecture-photography-guide","no","","","","","","","csv_metadata","","","site_urls"
"https://www.alanranger.com/blog-on-photography/architecture-photography-guide-checklist","/blog-on-photography/architecture-photography-guide-checklist","no","","","","","","","csv_metadata","","","site_urls"
"https://www.alanranger.com/blog-on-photography/architecture-photography-practice-assignment","/blog-on-photography/architecture-photography-practice-assignment","no","","","","","","","csv_metadata","","","site_urls"
"https://www.alanranger.com/blog-on-photography/are-camera-uv-filters-worth-it","/blog-on-photography/are-camera-uv-filters-worth-it","no","","","","","","","csv_metadata","","","site_urls"
"https://www.alanranger.com/blog-on-photography/are-mirrorless-cameras-better-than-dslrs","/blog-on-photography/are-mirrorless-cameras-better-than-dslrs","no","","","","","","","csv_metadata","","","site_urls"
"https://www.alanranger.com/blog-on-photography/art-of-macro-photography","/blog-on-photography/art-of-macro-photography","no","","","","","","","csv_metadata","","","site_urls"
"https://www.alanranger.com/blog-on-photography/autumn-arboretum-photography-uk-guide","/blog-on-photography/autumn-arboretum-photography-uk-guide","no","","","","","","","csv_metadata","","","site_urls"
"https://www.alanranger.com/blog-on-photography/autumn-photography-tips","/blog-on-photography/autumn-photography-tips","no","","","","","","","csv_metadata","","","site_urls"
"https://www.alanranger.com/blog-on-photography/avoid-camera-shake","/blog-on-photography/avoid-camera-shake","no","","","","","","","csv_metadata","","","site_urls"
"https://www.alanranger.com/blog-on-photography/basics-how-to-use-a-tripod","/blog-on-photography/basics-how-to-use-a-tripod","no","","","","","","","csv_metadata","","","site_urls"
"https://www.alanranger.com/blog-on-photography/become-a-better-photographer","/blog-on-photography/become-a-better-photographer","no","","","","","","","csv_metadata","","","site_urls"
"https://www.alanranger.com/blog-on-photography/become-a-photographer-on-campus","/blog-on-photography/become-a-photographer-on-campus","no","","","","","","","csv_metadata","","","site_urls"
"https://www.alanranger.com/blog-on-photography/beginners-photography-course-in-coventry","/blog-on-photography/beginners-photography-course-in-coventry","no","","","","","","","csv_metadata","","","site_urls"
"https://www.alanranger.com/blog-on-photography/best-camera-bags-for-different-trips","/blog-on-photography/best-camera-bags-for-different-trips","no","","","","","","","csv_metadata","","","site_urls"
"https://www.alanranger.com/blog-on-photography/best-cameras-for-beginners","/blog-on-photography/best-cameras-for-beginners","no","","","","","","","csv_metadata","","","site_urls"
"https://www.alanranger.com/blog-on-photography/best-product-photography-tripod","/blog-on-photography/best-product-photography-tripod","no","","","","","","","csv_metadata","","","site_urls"
"https://www.alanranger.com/blog-on-photography/best-tripod-for-landscape-photography","/blog-on-photography/best-tripod-for-landscape-photography","no","","","","","","","csv_metadata","","","site_urls"
"https://www.alanranger.com/blog-on-photography/best-way-to-learn-photography-2026","/blog-on-photography/best-way-to-learn-photography-2026","no","","","","","","","csv_metadata","","","site_urls"
"https://www.alanranger.com/blog-on-photography/beyond-a-point-and-shoot-camera","/blog-on-photography/beyond-a-point-and-shoot-camera","no","","","","","","","csv_metadata","","","site_urls"
"https://www.alanranger.com/blog-on-photography/bird-photography-guide","/blog-on-photography/bird-photography-guide","no","","","","","","","csv_metadata","","","site_urls"
"https://www.alanranger.com/blog-on-photography/black-and-white-photography-for-beginners","/blog-on-photography/black-and-white-photography-for-beginners","no","","","","","","","csv_metadata","","","site_urls"
"https://www.alanranger.com/blog-on-photography/black-and-white-photography-guide","/blog-on-photography/black-and-white-photography-guide","no","","","","","","","csv_metadata","","","site_urls"
"https://www.alanranger.com/blog-on-photography/black-and-white-photography-practise-assignment","/blog-on-photography/black-and-white-photography-practise-assignment","no","","","","","","","csv_metadata","","","site_urls"
"https://www.alanranger.com/blog-on-photography/black-and-white-when-to-convert","/blog-on-photography/black-and-white-when-to-convert","no","","","","","","","csv_metadata","","","site_urls"
"https://www.alanranger.com/blog-on-photography/building-rps-panel-case-study","/blog-on-photography/building-rps-panel-case-study","no","","","","","","","csv_metadata","","","site_urls"
"https://www.alanranger.com/blog-on-photography/camera-bag-review-of-manfrotto-backpack","/blog-on-photography/camera-bag-review-of-manfrotto-backpack","no","","","","","","","csv_metadata","","","site_urls"
"https://www.alanranger.com/blog-on-photography/camera-care-guide","/blog-on-photography/camera-care-guide","no","","","","","","","csv_metadata","","","site_urls"
"https://www.alanranger.com/blog-on-photography/camera-drive-modes-checklist","/blog-on-photography/camera-drive-modes-checklist","no","","","","","","","csv_metadata","","","site_urls"
"https://www.alanranger.com/blog-on-photography/camera-dynamic-range","/blog-on-photography/camera-dynamic-range","no","","","","","","","csv_metadata","","","site_urls"
"https://www.alanranger.com/blog-on-photography/camera-exposure-checklist","/blog-on-photography/camera-exposure-checklist","no","","","","","","","csv_metadata","","","site_urls"
"https://www.alanranger.com/blog-on-photography/camera-focus-plane","/blog-on-photography/camera-focus-plane","no","","","","","","","csv_metadata","","","site_urls"
"https://www.alanranger.com/blog-on-photography/camera-lenses-hire-or-buy","/blog-on-photography/camera-lenses-hire-or-buy","no","","","","","","","csv_metadata","","","site_urls"
"https://www.alanranger.com/blog-on-photography/camera-leveling-dont-be-wonky","/blog-on-photography/camera-leveling-dont-be-wonky","no","","","","","","","csv_metadata","","","site_urls"
"https://www.alanranger.com/blog-on-photography/camera-manual-exposure-settings","/blog-on-photography/camera-manual-exposure-settings","no","","","","","","","csv_metadata","","","site_urls"
"https://www.alanranger.com/blog-on-photography/camera-metering-settings","/blog-on-photography/camera-metering-settings","no","","","","","","","csv_metadata","","","site_urls"
"https://www.alanranger.com/blog-on-photography/camera-sensor-cleaning-guide","/blog-on-photography/camera-sensor-cleaning-guide","no","","","","","","","csv_metadata","","","site_urls"
"https://www.alanranger.com/blog-on-photography/camera-shutter-speed-settings","/blog-on-photography/camera-shutter-speed-settings","no","","","","","","","csv_metadata","","","site_urls"
"https://www.alanranger.com/blog-on-photography/camera-white-balance-settings","/blog-on-photography/camera-white-balance-settings","no","","","","","","","csv_metadata","","","site_urls"
"https://www.alanranger.com/blog-on-photography/case-barbara-voules-rps-distinctions","/blog-on-photography/case-barbara-voules-rps-distinctions","no","","","","","","","csv_metadata","","","site_urls"
"https://www.alanranger.com/blog-on-photography/case-study-anne-watkinson-rps-distinctions","/blog-on-photography/case-study-anne-watkinson-rps-distinctions","no","","","","","","","csv_metadata","","","site_urls"
"https://www.alanranger.com/blog-on-photography/case-study-chris-shaw","/blog-on-photography/case-study-chris-shaw","no","","","","","","","csv_metadata","","","site_urls"
"https://www.alanranger.com/blog-on-photography/case-study-dennis-jeffrey-rps-distinctions","/blog-on-photography/case-study-dennis-jeffrey-rps-distinctions","no","","","","","","","csv_metadata","","","site_urls"
"https://www.alanranger.com/blog-on-photography/case-study-francis-peckham-rps-distinctions","/blog-on-photography/case-study-francis-peckham-rps-distinctions","no","","","","","","","csv_metadata","","","site_urls"
"https://www.alanranger.com/blog-on-photography/case-study-ian-slater-rps-distinctions","/blog-on-photography/case-study-ian-slater-rps-distinctions","no","","","","","","","csv_metadata","","","site_urls"
"https://www.alanranger.com/blog-on-photography/case-study-jacki-rosin","/blog-on-photography/case-study-jacki-rosin","no","","","","","","","csv_metadata","","","site_urls"
"https://www.alanranger.com/blog-on-photography/case-study-jacki-rosin-rps-distinctions","/blog-on-photography/case-study-jacki-rosin-rps-distinctions","no","","","","","","","csv_metadata","","","site_urls"
"https://www.alanranger.com/blog-on-photography/case-study-janet-boulter-rps-distinctions","/blog-on-photography/case-study-janet-boulter-rps-distinctions","no","","","","","","","csv_metadata","","","site_urls"
"https://www.alanranger.com/blog-on-photography/case-study-janice-jordan-rps-distinctions","/blog-on-photography/case-study-janice-jordan-rps-distinctions","no","","","","","","","csv_metadata","","","site_urls"
"https://www.alanranger.com/blog-on-photography/case-study-joyce-james","/blog-on-photography/case-study-joyce-james","no","","","","","","","csv_metadata","","","site_urls"
"https://www.alanranger.com/blog-on-photography/case-study-joyce-james-rps-distinctions","/blog-on-photography/case-study-joyce-james-rps-distinctions","no","","","","","","","csv_metadata","","","site_urls"
"https://www.alanranger.com/blog-on-photography/case-study-kirsten-pearce","/blog-on-photography/case-study-kirsten-pearce","no","","","","","","","csv_metadata","","","site_urls"
"https://www.alanranger.com/blog-on-photography/case-study-kirsten-pearce-rps-distinctions","/blog-on-photography/case-study-kirsten-pearce-rps-distinctions","no","","","","","","","csv_metadata","","","site_urls"
"https://www.alanranger.com/blog-on-photography/case-study-max-dobres-rps-distinctions","/blog-on-photography/case-study-max-dobres-rps-distinctions","no","","","","","","","csv_metadata","","","site_urls"
"https://www.alanranger.com/blog-on-photography/case-study-mike-ford","/blog-on-photography/case-study-mike-ford","no","","","","","","","csv_metadata","","","site_urls"
"https://www.alanranger.com/blog-on-photography/case-study-paul-kirby-rps-distinctions","/blog-on-photography/case-study-paul-kirby-rps-distinctions","no","","","","","","","csv_metadata","","","site_urls"
"https://www.alanranger.com/blog-on-photography/case-study-vincenzo-albano-rps-distinctions","/blog-on-photography/case-study-vincenzo-albano-rps-distinctions","no","","","","","","","csv_metadata","","","site_urls"
"https://www.alanranger.com/blog-on-photography/choosing-a-camera","/blog-on-photography/choosing-a-camera","no","","","","","","","csv_metadata","","","site_urls"
"https://www.alanranger.com/blog-on-photography/closeup-macro-photography-practice-assignment","/blog-on-photography/closeup-macro-photography-practice-assignment","no","","","","","","","csv_metadata","","","site_urls"
"https://www.alanranger.com/blog-on-photography/colour-theory-in-photography-practise-assignment","/blog-on-photography/colour-theory-in-photography-practise-assignment","no","","","","","","","csv_metadata","","","site_urls"
"https://www.alanranger.com/blog-on-photography/composition-curiousness-part-1","/blog-on-photography/composition-curiousness-part-1","no","","","","","","","csv_metadata","","","site_urls"
"https://www.alanranger.com/blog-on-photography/composition-curiousness-part-2","/blog-on-photography/composition-curiousness-part-2","no","","","","","","","csv_metadata","","","site_urls"
"https://www.alanranger.com/blog-on-photography/composition-in-photography","/blog-on-photography/composition-in-photography","no","","","","","","","csv_metadata","","","site_urls"
"https://www.alanranger.com/blog-on-photography/composition-photography-style","/blog-on-photography/composition-photography-style","no","","","","","","","csv_metadata","","","site_urls"
"https://www.alanranger.com/blog-on-photography/corporate-headshot-photography","/blog-on-photography/corporate-headshot-photography","no","","","","","","","csv_metadata","","","site_urls"
"https://www.alanranger.com/blog-on-photography/corporate-photography-training-coventry","/blog-on-photography/corporate-photography-training-coventry","no","","","","","","","csv_metadata","","","site_urls"
"https://www.alanranger.com/blog-on-photography/creative-editing-with-nik-collection-6","/blog-on-photography/creative-editing-with-nik-collection-6","no","","","","","","","csv_metadata","","","site_urls"
"https://www.alanranger.com/blog-on-photography/creative-photo-editing","/blog-on-photography/creative-photo-editing","no","","","","","","","csv_metadata","","","site_urls"
"https://www.alanranger.com/blog-on-photography/creative-photography-workshops-unlocking-your-potential","/blog-on-photography/creative-photography-workshops-unlocking-your-potential","no","","","","","","","csv_metadata","","","site_urls"
"https://www.alanranger.com/blog-on-photography/creative-potential-with-nik-collection-7","/blog-on-photography/creative-potential-with-nik-collection-7","no","","","","","","","csv_metadata","","","site_urls"
"https://www.alanranger.com/blog-on-photography/delete-duplicate-photos-in-lightroom","/blog-on-photography/delete-duplicate-photos-in-lightroom","no","","","","","","","csv_metadata","","","site_urls"
"https://www.alanranger.com/blog-on-photography/depth-of-field-checklist","/blog-on-photography/depth-of-field-checklist","no","","","","","","","csv_metadata","","","site_urls"
"https://www.alanranger.com/blog-on-photography/dice-roll-serendipity-awareness-photography-assignment","/blog-on-photography/dice-roll-serendipity-awareness-photography-assignment","no","","","","","","","csv_metadata","","","site_urls"
"https://www.alanranger.com/blog-on-photography/diy-product-photography","/blog-on-photography/diy-product-photography","no","","","","","","","csv_metadata","","","site_urls"
"https://www.alanranger.com/blog-on-photography/enhancing-your-photography-with-kase-filters","/blog-on-photography/enhancing-your-photography-with-kase-filters","no","","","","","","","csv_metadata","","","site_urls"
"https://www.alanranger.com/blog-on-photography/etsy-product-photography-rules","/blog-on-photography/etsy-product-photography-rules","no","","","","","","","csv_metadata","","","site_urls"
"https://www.alanranger.com/blog-on-photography/exposure-bracketing-a-guide-for-photographers","/blog-on-photography/exposure-bracketing-a-guide-for-photographers","no","","","","","","","csv_metadata","","","site_urls"
"https://www.alanranger.com/blog-on-photography/exposure-bracketing-checklist","/blog-on-photography/exposure-bracketing-checklist","no","","","","","","","csv_metadata","","","site_urls"
"https://www.alanranger.com/blog-on-photography/exposure-bracketing-photos","/blog-on-photography/exposure-bracketing-photos","no","","","","","","","csv_metadata","","","site_urls"
"https://www.alanranger.com/blog-on-photography/exposure-triangle-mastery-photography-practice-assignment","/blog-on-photography/exposure-triangle-mastery-photography-practice-assignment","no","","","","","","","csv_metadata","","","site_urls"
"https://www.alanranger.com/blog-on-photography/expressive-photography-hard-often-frustrating","/blog-on-photography/expressive-photography-hard-often-frustrating","no","","","","","","","csv_metadata","","","site_urls"
"https://www.alanranger.com/blog-on-photography/filters-mastery-nd-gnd-photography","/blog-on-photography/filters-mastery-nd-gnd-photography","no","","","","","","","csv_metadata","","","site_urls"
"https://www.alanranger.com/blog-on-photography/finding-your-compositional-balance","/blog-on-photography/finding-your-compositional-balance","no","","","","","","","csv_metadata","","","site_urls"
"https://www.alanranger.com/blog-on-photography/five-creative-autumn-photography-projects","/blog-on-photography/five-creative-autumn-photography-projects","no","","","","","","","csv_metadata","","","site_urls"
"https://www.alanranger.com/blog-on-photography/focus-modes-and-tracking","/blog-on-photography/focus-modes-and-tracking","no","","","","","","","csv_metadata","","","site_urls"
"https://www.alanranger.com/blog-on-photography/food-photography-at-home","/blog-on-photography/food-photography-at-home","no","","","","","","","csv_metadata","","","blog"
"https://www.alanranger.com/blog-on-photography/food-photography-tips","/blog-on-photography/food-photography-tips","no","","","","","","","csv_metadata","","","blog"
"https://www.alanranger.com/blog-on-photography/free-outdoor-photography-exposure-calculator","/blog-on-photography/free-outdoor-photography-exposure-calculator","no","","","","","","","csv_metadata","","","site_urls"
"https://www.alanranger.com/blog-on-photography/full-frame-or-crop-sensor","/blog-on-photography/full-frame-or-crop-sensor","no","","","","","","","csv_metadata","","","site_urls"
"https://www.alanranger.com/blog-on-photography/full-frame-vs-cropped-sensor","/blog-on-photography/full-frame-vs-cropped-sensor","no","","","","","","","csv_metadata","","","site_urls"
"https://www.alanranger.com/blog-on-photography/garden-wildlife-photography-uk-guide","/blog-on-photography/garden-wildlife-photography-uk-guide","no","","","","","","","csv_metadata","","","site_urls"
"https://www.alanranger.com/blog-on-photography/guide-preparing-for-your-photography-workshop","/blog-on-photography/guide-preparing-for-your-photography-workshop","no","","","","","","","csv_metadata","","","site_urls"
"https://www.alanranger.com/blog-on-photography/haiku-with-a-picture-shahai","/blog-on-photography/haiku-with-a-picture-shahai","no","","","","","","","csv_metadata","","","site_urls"
"https://www.alanranger.com/blog-on-photography/handheld-vs-tripod-stability-photography-assignment","/blog-on-photography/handheld-vs-tripod-stability-photography-assignment","no","","","","","","","csv_metadata","","","site_urls"
"https://www.alanranger.com/blog-on-photography/hartland-quay-devon-coastal-workshop","/blog-on-photography/hartland-quay-devon-coastal-workshop","no","","","","","","","csv_metadata","","","site_urls"
"https://www.alanranger.com/blog-on-photography/headshots-at-home-guide","/blog-on-photography/headshots-at-home-guide","no","","","","","","","csv_metadata","","","site_urls"
"https://www.alanranger.com/blog-on-photography/help-portrait-coventry-report","/blog-on-photography/help-portrait-coventry-report","no","","","","","","","csv_metadata","","","site_urls"
"https://www.alanranger.com/blog-on-photography/help-portrait-uk-coventry","/blog-on-photography/help-portrait-uk-coventry","no","","","","","","","csv_metadata","","","site_urls"
"https://www.alanranger.com/blog-on-photography/help-portrait-uk-coventry-school-shoot","/blog-on-photography/help-portrait-uk-coventry-school-shoot","no","","","","","","","csv_metadata","","","site_urls"
"https://www.alanranger.com/blog-on-photography/histogram-and-exposure-review","/blog-on-photography/histogram-and-exposure-review","no","","","","","","","csv_metadata","","","site_urls"
"https://www.alanranger.com/blog-on-photography/how-mirrorless-cameras-are-shaping-photography","/blog-on-photography/how-mirrorless-cameras-are-shaping-photography","no","","","","","","","csv_metadata","","","site_urls"
"https://www.alanranger.com/blog-on-photography/how-much-do-photographers-earn","/blog-on-photography/how-much-do-photographers-earn","no","","","","","","","csv_metadata","","","site_urls"
"https://www.alanranger.com/blog-on-photography/how-photography-and-data-analysis-work","/blog-on-photography/how-photography-and-data-analysis-work","no","","","","","","","csv_metadata","","","blog"
"https://www.alanranger.com/blog-on-photography/how-to-back-up-photos","/blog-on-photography/how-to-back-up-photos","no","","","","","","","csv_metadata","","","site_urls"
"https://www.alanranger.com/blog-on-photography/how-to-become-a-better-photographer","/blog-on-photography/how-to-become-a-better-photographer","no","","","","","","","csv_metadata","","","site_urls"
"https://www.alanranger.com/blog-on-photography/how-to-find-your-photography-style","/blog-on-photography/how-to-find-your-photography-style","no","","","","","","","csv_metadata","","","site_urls"
"https://www.alanranger.com/blog-on-photography/how-to-improve-your-photography-composition","/blog-on-photography/how-to-improve-your-photography-composition","no","","","","","","","csv_metadata","","","site_urls"
"https://www.alanranger.com/blog-on-photography/how-to-improve-your-woodland-pictures","/blog-on-photography/how-to-improve-your-woodland-pictures","no","","","","","","","csv_metadata","","","site_urls"
"https://www.alanranger.com/blog-on-photography/how-to-make-moving-photographs","/blog-on-photography/how-to-make-moving-photographs","no","","","","","","","csv_metadata","","","site_urls"
"https://www.alanranger.com/blog-on-photography/how-to-photograph-artwork","/blog-on-photography/how-to-photograph-artwork","no","","","","","","","csv_metadata","","","site_urls"
"https://www.alanranger.com/blog-on-photography/how-to-photograph-fireworks","/blog-on-photography/how-to-photograph-fireworks","no","","","","","","","csv_metadata","","","site_urls"
"https://www.alanranger.com/blog-on-photography/how-to-photograph-jewelry","/blog-on-photography/how-to-photograph-jewelry","no","","","","","","","csv_metadata","","","site_urls"
"https://www.alanranger.com/blog-on-photography/how-to-photograph-northern-lights","/blog-on-photography/how-to-photograph-northern-lights","no","","","","","","","csv_metadata","","","site_urls"
"https://www.alanranger.com/blog-on-photography/how-to-plan-an-arps-panel","/blog-on-photography/how-to-plan-an-arps-panel","no","","","","","","","firecrawl_map","","",""
"https://www.alanranger.com/blog-on-photography/how-to-plan-an-lrps-panel","/blog-on-photography/how-to-plan-an-lrps-panel","no","","","","","","","firecrawl_map","","",""
"https://www.alanranger.com/blog-on-photography/how-to-take-long-exposure-photos","/blog-on-photography/how-to-take-long-exposure-photos","no","","","","","","","csv_metadata","","","site_urls"
"https://www.alanranger.com/blog-on-photography/how-to-take-product-photos-with-iphone","/blog-on-photography/how-to-take-product-photos-with-iphone","no","","","","","","","csv_metadata","","","site_urls"
"https://www.alanranger.com/blog-on-photography/how-to-take-professional-photos","/blog-on-photography/how-to-take-professional-photos","no","","","","","","","csv_metadata","","","site_urls"
"https://www.alanranger.com/blog-on-photography/how-to-take-real-estate-photos","/blog-on-photography/how-to-take-real-estate-photos","no","","","","","","","csv_metadata","","","site_urls"
"https://www.alanranger.com/blog-on-photography/iphone-camera-vs-the-digital-camera","/blog-on-photography/iphone-camera-vs-the-digital-camera","no","","","","","","","csv_metadata","","","site_urls"
"https://www.alanranger.com/blog-on-photography/ireland-photography-workshop-recce-report","/blog-on-photography/ireland-photography-workshop-recce-report","no","","","","","","","csv_metadata","","","site_urls"
"https://www.alanranger.com/blog-on-photography/iso-and-noise-control-practice-assignment","/blog-on-photography/iso-and-noise-control-practice-assignment","no","","","","","","","csv_metadata","","","site_urls"
"https://www.alanranger.com/blog-on-photography/iso-camera-settings","/blog-on-photography/iso-camera-settings","no","","","","","","","csv_metadata","","","site_urls"
"https://www.alanranger.com/blog-on-photography/jacki-rosin-arps-rhs-exhibition","/blog-on-photography/jacki-rosin-arps-rhs-exhibition","no","","","","","","","csv_metadata","","","site_urls"
"https://www.alanranger.com/blog-on-photography/john-simpson-rps-distinctions","/blog-on-photography/john-simpson-rps-distinctions","no","","","","","","","csv_metadata","","","site_urls"
"https://www.alanranger.com/blog-on-photography/jpeg-vs-raw-the-key-differences","/blog-on-photography/jpeg-vs-raw-the-key-differences","no","","","","","","","csv_metadata","","","site_urls"
"https://www.alanranger.com/blog-on-photography/jpg-vs-raw-settings","/blog-on-photography/jpg-vs-raw-settings","no","","","","","","","csv_metadata","","","site_urls"
"https://www.alanranger.com/blog-on-photography/kase-filters-and-lightroom-queen-deals","/blog-on-photography/kase-filters-and-lightroom-queen-deals","no","","","","","","","csv_metadata","","","site_urls"
"https://www.alanranger.com/blog-on-photography/keeping-sensors-clean-sensor-cleaning","/blog-on-photography/keeping-sensors-clean-sensor-cleaning","no","","","","","","","csv_metadata","","","site_urls"
"https://www.alanranger.com/blog-on-photography/kentfaith-concept-square-filter-system","/blog-on-photography/kentfaith-concept-square-filter-system","no","","","","","","","csv_metadata","","","site_urls"
"https://www.alanranger.com/blog-on-photography/know-your-camera-filters","/blog-on-photography/know-your-camera-filters","no","","","","","","","csv_metadata","","","site_urls"
"https://www.alanranger.com/blog-on-photography/landscape-fine-art-photography-prints","/blog-on-photography/landscape-fine-art-photography-prints","no","","","","","","","csv_metadata","","","site_urls"
"https://www.alanranger.com/blog-on-photography/landscape-photography-guide","/blog-on-photography/landscape-photography-guide","no","","","","","","","csv_metadata","","","site_urls"
"https://www.alanranger.com/blog-on-photography/landscape-photography-vision-framework","/blog-on-photography/landscape-photography-vision-framework","no","","","","","","","csv_metadata","","","site_urls"
"https://www.alanranger.com/blog-on-photography/landscapes-photography-practise-assignment","/blog-on-photography/landscapes-photography-practise-assignment","no","","","","","","","csv_metadata","","","site_urls"
"https://www.alanranger.com/blog-on-photography/learn-how-to-use-lightroom","/blog-on-photography/learn-how-to-use-lightroom","no","","","","","","","csv_metadata","","","site_urls"
"https://www.alanranger.com/blog-on-photography/learn-landscape-photography-techniques","/blog-on-photography/learn-landscape-photography-techniques","no","","","","","","","csv_metadata","","","site_urls"
"https://www.alanranger.com/blog-on-photography/learn-photography-basics-with-a-mentor","/blog-on-photography/learn-photography-basics-with-a-mentor","no","","","","","","","csv_metadata","","","site_urls"
"https://www.alanranger.com/blog-on-photography/learn-photography-how","/blog-on-photography/learn-photography-how","no","","","","","","","csv_metadata","","","site_urls"
"https://www.alanranger.com/blog-on-photography/learn-photography-online","/blog-on-photography/learn-photography-online","no","","","","","","","csv_metadata","","","site_urls"
"https://www.alanranger.com/blog-on-photography/learn-photography-online-photography-classes","/blog-on-photography/learn-photography-online-photography-classes","no","","","","","","","csv_metadata","","","site_urls"
"https://www.alanranger.com/blog-on-photography/lee-filter-15-percent-off","/blog-on-photography/lee-filter-15-percent-off","no","","","","","","","csv_metadata","","","blog"
"https://www.alanranger.com/blog-on-photography/lens-focal-length","/blog-on-photography/lens-focal-length","no","","","","","","","csv_metadata","","","site_urls"
"https://www.alanranger.com/blog-on-photography/light-metering-modes-practice-photography-assignment","/blog-on-photography/light-metering-modes-practice-photography-assignment","no","","","","","","","csv_metadata","","","site_urls"
"https://www.alanranger.com/blog-on-photography/lightroom-classic-latest-version-whats-new","/blog-on-photography/lightroom-classic-latest-version-whats-new","no","","","","","","","csv_metadata","","","site_urls"
"https://www.alanranger.com/blog-on-photography/lines-shapes-and-geometry-photography-assignment","/blog-on-photography/lines-shapes-and-geometry-photography-assignment","no","","","","","","","csv_metadata","","","site_urls"
"https://www.alanranger.com/blog-on-photography/long-exposure-photography-guide","/blog-on-photography/long-exposure-photography-guide","no","","","","","","","csv_metadata","","","site_urls"
"https://www.alanranger.com/blog-on-photography/long-exposure-seascapes-guide","/blog-on-photography/long-exposure-seascapes-guide","no","","","","","","","csv_metadata","","","site_urls"
"https://www.alanranger.com/blog-on-photography/macro-photography-beginners","/blog-on-photography/macro-photography-beginners","no","","","","","","","csv_metadata","","","site_urls"
"https://www.alanranger.com/blog-on-photography/macro-photography-guide","/blog-on-photography/macro-photography-guide","no","","","","","","","csv_metadata","","","site_urls"
"https://www.alanranger.com/blog-on-photography/manfrotto-befree-tripod-review","/blog-on-photography/manfrotto-befree-tripod-review","no","","","","","","","csv_metadata","","","site_urls"
"https://www.alanranger.com/blog-on-photography/mary-hamilton-rps-distinctions-panel","/blog-on-photography/mary-hamilton-rps-distinctions-panel","no","","","","","","","csv_metadata","","","site_urls"
"https://www.alanranger.com/blog-on-photography/master-photography-with-a-photography-tutor","/blog-on-photography/master-photography-with-a-photography-tutor","no","","","","","","","csv_metadata","","","site_urls"
"https://www.alanranger.com/blog-on-photography/mastering-abstract-photography","/blog-on-photography/mastering-abstract-photography","no","","","","","","","csv_metadata","","","site_urls"
"https://www.alanranger.com/blog-on-photography/mastering-landscape-photography-tips-and-techniques","/blog-on-photography/mastering-landscape-photography-tips-and-techniques","no","","","","","","","csv_metadata","","","site_urls"
"https://www.alanranger.com/blog-on-photography/mastering-photography-composition-rules","/blog-on-photography/mastering-photography-composition-rules","no","","","","","","","csv_metadata","","","site_urls"
"https://www.alanranger.com/blog-on-photography/mastering-the-art-of-seasonal-photography","/blog-on-photography/mastering-the-art-of-seasonal-photography","no","","","","","","","csv_metadata","","","site_urls"
"https://www.alanranger.com/blog-on-photography/mastering-the-art-of-shadow-photography","/blog-on-photography/mastering-the-art-of-shadow-photography","no","","","","","","","csv_metadata","","","site_urls"
"https://www.alanranger.com/blog-on-photography/mastering-the-art-of-winter-photography","/blog-on-photography/mastering-the-art-of-winter-photography","no","","","","","","","csv_metadata","","","site_urls"
"https://www.alanranger.com/blog-on-photography/midlands-photography-workshops-with-alan-ranger","/blog-on-photography/midlands-photography-workshops-with-alan-ranger","no","","","","","","","csv_metadata","","","site_urls"
"https://www.alanranger.com/blog-on-photography/minimalism-photography-assignment","/blog-on-photography/minimalism-photography-assignment","no","","","","","","","csv_metadata","","","site_urls"
"https://www.alanranger.com/blog-on-photography/minimalist-photography-guide","/blog-on-photography/minimalist-photography-guide","no","","","","","","","csv_metadata","","","site_urls"
"https://www.alanranger.com/blog-on-photography/movement-and-intentional-blur-photography-assignment","/blog-on-photography/movement-and-intentional-blur-photography-assignment","no","","","","","","","csv_metadata","","","site_urls"
"https://www.alanranger.com/blog-on-photography/my-rps-distinctions-journey-mike-ford","/blog-on-photography/my-rps-distinctions-journey-mike-ford","no","","","","","","","csv_metadata","","","site_urls"
"https://www.alanranger.com/blog-on-photography/natural-light-photography-tips","/blog-on-photography/natural-light-photography-tips","no","","","","","","","csv_metadata","","","site_urls"
"https://www.alanranger.com/blog-on-photography/new-partnership-with-one-vision-imaging","/blog-on-photography/new-partnership-with-one-vision-imaging","no","","","","","","","csv_metadata","","","site_urls"
"https://www.alanranger.com/blog-on-photography/night-photography-settings","/blog-on-photography/night-photography-settings","no","","","","","","","csv_metadata","","","site_urls"
"https://www.alanranger.com/blog-on-photography/north-devon-photography-workshops-why-devon","/blog-on-photography/north-devon-photography-workshops-why-devon","no","","","","","","","csv_metadata","","","site_urls"
"https://www.alanranger.com/blog-on-photography/northumberland-landscape-photography-why-northumbria","/blog-on-photography/northumberland-landscape-photography-why-northumbria","no","","","","","","","csv_metadata","","","site_urls"
"https://www.alanranger.com/blog-on-photography/partner-to-jaguar-land-rover-training","/blog-on-photography/partner-to-jaguar-land-rover-training","no","","","","","","","csv_metadata","","","site_urls"
"https://www.alanranger.com/blog-on-photography/partnership-with-one-vision-imaging","/blog-on-photography/partnership-with-one-vision-imaging","no","","","","","","","csv_metadata","","","site_urls"
"https://www.alanranger.com/blog-on-photography/patricia-pearl-lrps-rps-distinctions-panel","/blog-on-photography/patricia-pearl-lrps-rps-distinctions-panel","no","","","","","","","csv_metadata","","","blog"
"https://www.alanranger.com/blog-on-photography/patterns-rhythm-and-repetition-photography-assignment","/blog-on-photography/patterns-rhythm-and-repetition-photography-assignment","no","","","","","","","csv_metadata","","","site_urls"
"https://www.alanranger.com/blog-on-photography/pet-dog-photography-uk-guide","/blog-on-photography/pet-dog-photography-uk-guide","no","","","","","","","csv_metadata","","","site_urls"
"https://www.alanranger.com/blog-on-photography/peter-orton-rps-distinctions","/blog-on-photography/peter-orton-rps-distinctions","no","","","","","","","csv_metadata","","","site_urls"
"https://www.alanranger.com/blog-on-photography/photo-editing-software","/blog-on-photography/photo-editing-software","no","","","","","","","csv_metadata","","","site_urls"
"https://www.alanranger.com/blog-on-photography/photo-print-sizes-resize-photos","/blog-on-photography/photo-print-sizes-resize-photos","no","","","","","","","csv_metadata","","","site_urls"
"https://www.alanranger.com/blog-on-photography/photographers-composition-viewing-frame","/blog-on-photography/photographers-composition-viewing-frame","no","","","","","","","csv_metadata","","","site_urls"
"https://www.alanranger.com/blog-on-photography/photographers-copyright-digital-images-photographs","/blog-on-photography/photographers-copyright-digital-images-photographs","no","","","","","","","csv_metadata","","","site_urls"
"https://www.alanranger.com/blog-on-photography/photographers-rights-in-the-uk","/blog-on-photography/photographers-rights-in-the-uk","no","","","","","","","csv_metadata","","","site_urls"
"https://www.alanranger.com/blog-on-photography/photographing-autumn-uk-landscape-photography-guide","/blog-on-photography/photographing-autumn-uk-landscape-photography-guide","no","","","","","","","csv_metadata","","","site_urls"
"https://www.alanranger.com/blog-on-photography/photography-basics-creative-editing","/blog-on-photography/photography-basics-creative-editing","no","","","","","","","csv_metadata","","","site_urls"
"https://www.alanranger.com/blog-on-photography/photography-basics-creative-photo-projects","/blog-on-photography/photography-basics-creative-photo-projects","no","","","","","","","csv_metadata","","","site_urls"
"https://www.alanranger.com/blog-on-photography/photography-basics-how-to-improve-photography","/blog-on-photography/photography-basics-how-to-improve-photography","no","","","","","","","csv_metadata","","","site_urls"
"https://www.alanranger.com/blog-on-photography/photography-composition-framing","/blog-on-photography/photography-composition-framing","no","","","","","","","csv_metadata","","","site_urls"
"https://www.alanranger.com/blog-on-photography/photography-composition-leading-lines","/blog-on-photography/photography-composition-leading-lines","no","","","","","","","csv_metadata","","","site_urls"
"https://www.alanranger.com/blog-on-photography/photography-composition-negative-spacee","/blog-on-photography/photography-composition-negative-spacee","no","","","","","","","csv_metadata","","","site_urls"
"https://www.alanranger.com/blog-on-photography/photography-composition-observation","/blog-on-photography/photography-composition-observation","no","","","","","","","csv_metadata","","","site_urls"
"https://www.alanranger.com/blog-on-photography/photography-composition-rules","/blog-on-photography/photography-composition-rules","no","","","","","","","csv_metadata","","","site_urls"
"https://www.alanranger.com/blog-on-photography/photography-compositional-balance","/blog-on-photography/photography-compositional-balance","no","","","","","","","csv_metadata","","","site_urls"
"https://www.alanranger.com/blog-on-photography/photography-concepts-for-beginners","/blog-on-photography/photography-concepts-for-beginners","no","","","","","","","csv_metadata","","","site_urls"
"https://www.alanranger.com/blog-on-photography/photography-contrast-composition","/blog-on-photography/photography-contrast-composition","no","","","","","","","csv_metadata","","","site_urls"
"https://www.alanranger.com/blog-on-photography/photography-english-talk-with-confidence","/blog-on-photography/photography-english-talk-with-confidence","no","","","","","","","csv_metadata","","","site_urls"
"https://www.alanranger.com/blog-on-photography/photography-equipment-for-beginners","/blog-on-photography/photography-equipment-for-beginners","no","","","","","","","csv_metadata","","","site_urls"
"https://www.alanranger.com/blog-on-photography/photography-evening-classes-fun-informative","/blog-on-photography/photography-evening-classes-fun-informative","no","","","","","","","csv_metadata","","","site_urls"
"https://www.alanranger.com/blog-on-photography/photography-for-kids","/blog-on-photography/photography-for-kids","no","","","","","","","csv_metadata","","","site_urls"
"https://www.alanranger.com/blog-on-photography/photography-gift-vouchers-ideas","/blog-on-photography/photography-gift-vouchers-ideas","no","","","","","","","csv_metadata","","","site_urls"
"https://www.alanranger.com/blog-on-photography/photography-is-an-art-of-observation","/blog-on-photography/photography-is-an-art-of-observation","no","","","","","","","csv_metadata","","","site_urls"
"https://www.alanranger.com/blog-on-photography/photography-lessons-for-beginners","/blog-on-photography/photography-lessons-for-beginners","no","","","","","","","csv_metadata","","","site_urls"
"https://www.alanranger.com/blog-on-photography/photography-show-buying-advice","/blog-on-photography/photography-show-buying-advice","no","","","","","","","csv_metadata","","","site_urls"
"https://www.alanranger.com/blog-on-photography/photography-storytelling-composition","/blog-on-photography/photography-storytelling-composition","no","","","","","","","csv_metadata","","","site_urls"
"https://www.alanranger.com/blog-on-photography/photography-styles-trends-and-tips","/blog-on-photography/photography-styles-trends-and-tips","no","","","","","","","csv_metadata","","","site_urls"
"https://www.alanranger.com/blog-on-photography/photography-the-epitome-of-art","/blog-on-photography/photography-the-epitome-of-art","no","","","","","","","csv_metadata","","","site_urls"
"https://www.alanranger.com/blog-on-photography/photography-tips-10-things-to-know","/blog-on-photography/photography-tips-10-things-to-know","no","","","","","","","csv_metadata","","","site_urls"
"https://www.alanranger.com/blog-on-photography/portrait-lighting-techniques","/blog-on-photography/portrait-lighting-techniques","no","","","","","","","csv_metadata","","","site_urls"
"https://www.alanranger.com/blog-on-photography/portrait-photography-guide","/blog-on-photography/portrait-photography-guide","no","","","","","","","csv_metadata","","","site_urls"
"https://www.alanranger.com/blog-on-photography/portrait-photography-practice-assignment","/blog-on-photography/portrait-photography-practice-assignment","no","","","","","","","csv_metadata","","","site_urls"
"https://www.alanranger.com/blog-on-photography/portrait-photography-tips","/blog-on-photography/portrait-photography-tips","no","","","","","","","csv_metadata","","","site_urls"
"https://www.alanranger.com/blog-on-photography/prepare-for-photography-courses","/blog-on-photography/prepare-for-photography-courses","no","","","","","","","csv_metadata","","","site_urls"
"https://www.alanranger.com/blog-on-photography/product-photography-guide","/blog-on-photography/product-photography-guide","no","","","","","","","csv_metadata","","","site_urls"
"https://www.alanranger.com/blog-on-photography/product-photography-ideas","/blog-on-photography/product-photography-ideas","no","","","","","","","csv_metadata","","","site_urls"
"https://www.alanranger.com/blog-on-photography/product-photography-lighting","/blog-on-photography/product-photography-lighting","no","","","","","","","csv_metadata","","","site_urls"
"https://www.alanranger.com/blog-on-photography/product-photography-setup","/blog-on-photography/product-photography-setup","no","","","","","","","csv_metadata","","","site_urls"
"https://www.alanranger.com/blog-on-photography/product-photography-warwickshire","/blog-on-photography/product-photography-warwickshire","no","","","","","","","csv_metadata","","","site_urls"
"https://www.alanranger.com/blog-on-photography/professional-commercial-photography-elevate-your-business","/blog-on-photography/professional-commercial-photography-elevate-your-business","no","","","","","","","csv_metadata","","","site_urls"
"https://www.alanranger.com/blog-on-photography/professional-commercial-photography-in-coventry","/blog-on-photography/professional-commercial-photography-in-coventry","no","","","","","","","csv_metadata","","","site_urls"
"https://www.alanranger.com/blog-on-photography/professional-headshots-for-linkedin","/blog-on-photography/professional-headshots-for-linkedin","no","","","","","","","csv_metadata","","","site_urls"
"https://www.alanranger.com/blog-on-photography/real-estate-photography-tips","/blog-on-photography/real-estate-photography-tips","no","","","","","","","csv_metadata","","","site_urls"
"https://www.alanranger.com/blog-on-photography/recommended-travel-lightweight-tripods","/blog-on-photography/recommended-travel-lightweight-tripods","no","","","","","","","csv_metadata","","","site_urls"
"https://www.alanranger.com/blog-on-photography/rps-distinctions-group-cfp5t","/blog-on-photography/rps-distinctions-group-cfp5t","no","","","","","","","csv_metadata","","","site_urls"
"https://www.alanranger.com/blog-on-photography/rubys-first-photo-project","/blog-on-photography/rubys-first-photo-project","no","","","","","","","csv_metadata","","","site_urls"
"https://www.alanranger.com/blog-on-photography/schools-photo-project","/blog-on-photography/schools-photo-project","no","","","","","","","csv_metadata","","","site_urls"
"https://www.alanranger.com/blog-on-photography/seasons-nature-photography-assignment","/blog-on-photography/seasons-nature-photography-assignment","no","","","","","","","csv_metadata","","","site_urls"
"https://www.alanranger.com/blog-on-photography/secrets-of-lake-district-landscape-photography","/blog-on-photography/secrets-of-lake-district-landscape-photography","no","","","","","","","csv_metadata","","","site_urls"
"https://www.alanranger.com/blog-on-photography/secrets-to-woodland-photography-masterclass","/blog-on-photography/secrets-to-woodland-photography-masterclass","no","","","","","","","csv_metadata","","","site_urls"
"https://www.alanranger.com/blog-on-photography/selecting-the-ideal-product-photographer","/blog-on-photography/selecting-the-ideal-product-photographer","no","","","","","","","csv_metadata","","","site_urls"
"https://www.alanranger.com/blog-on-photography/shadows-and-contrast-photography-practice-assignment","/blog-on-photography/shadows-and-contrast-photography-practice-assignment","no","","","","","","","csv_metadata","","","site_urls"
"https://www.alanranger.com/blog-on-photography/shooting-in-low-light","/blog-on-photography/shooting-in-low-light","no","","","","","","","csv_metadata","","","site_urls"
"https://www.alanranger.com/blog-on-photography/shooting-night-time-photography-tips","/blog-on-photography/shooting-night-time-photography-tips","no","","","","","","","csv_metadata","","","site_urls"
"https://www.alanranger.com/blog-on-photography/shutter-speed-and-motion-photography-practice-assignment","/blog-on-photography/shutter-speed-and-motion-photography-practice-assignment","no","","","","","","","csv_metadata","","","site_urls"
"https://www.alanranger.com/blog-on-photography/social-media-for-photographers-tips","/blog-on-photography/social-media-for-photographers-tips","no","","","","","","","csv_metadata","","","site_urls"
"https://www.alanranger.com/blog-on-photography/still-life-photography-guide","/blog-on-photography/still-life-photography-guide","no","","","","","","","csv_metadata","","","site_urls"
"https://www.alanranger.com/blog-on-photography/still-life-photography-practice-assignment","/blog-on-photography/still-life-photography-practice-assignment","no","","","","","","","csv_metadata","","","site_urls"
"https://www.alanranger.com/blog-on-photography/storytelling-narrative-photography-assignment","/blog-on-photography/storytelling-narrative-photography-assignment","no","","","","","","","csv_metadata","","","site_urls"
"https://www.alanranger.com/blog-on-photography/street-photography-guide","/blog-on-photography/street-photography-guide","no","","","","","","","csv_metadata","","","site_urls"
"https://www.alanranger.com/blog-on-photography/street-photography-practice-assignment","/blog-on-photography/street-photography-practice-assignment","no","","","","","","","csv_metadata","","","site_urls"
"https://www.alanranger.com/blog-on-photography/street-photography-tips","/blog-on-photography/street-photography-tips","no","","","","","","","csv_metadata","","","site_urls"
"https://www.alanranger.com/blog-on-photography/struggle-to-see-your-camera-screen","/blog-on-photography/struggle-to-see-your-camera-screen","no","","","","","","","csv_metadata","","","site_urls"
"https://www.alanranger.com/blog-on-photography/suffolk-punch-personal-perspective","/blog-on-photography/suffolk-punch-personal-perspective","no","","","","","","","csv_metadata","","","site_urls"
"https://www.alanranger.com/blog-on-photography/take-the-on-line-colour-test","/blog-on-photography/take-the-on-line-colour-test","no","","","","","","","csv_metadata","","","site_urls"
"https://www.alanranger.com/blog-on-photography/technical-skills-photography-students-need","/blog-on-photography/technical-skills-photography-students-need","no","","","","","","","csv_metadata","","","site_urls"
"https://www.alanranger.com/blog-on-photography/ten-tips-towards-better-composition","/blog-on-photography/ten-tips-towards-better-composition","no","","","","","","","csv_metadata","","","site_urls"
"https://www.alanranger.com/blog-on-photography/the-art-of-storytelling-photography","/blog-on-photography/the-art-of-storytelling-photography","no","","","","","","","csv_metadata","","","site_urls"
"https://www.alanranger.com/blog-on-photography/the-camera-is-an-instrument-","/blog-on-photography/the-camera-is-an-instrument-","no","","","","","","","csv_metadata","","","site_urls"
"https://www.alanranger.com/blog-on-photography/the-history-of-photography","/blog-on-photography/the-history-of-photography","no","","","","","","","csv_metadata","","","site_urls"
"https://www.alanranger.com/blog-on-photography/the-perfect-travel-tripod-benro-cyanbird","/blog-on-photography/the-perfect-travel-tripod-benro-cyanbird","no","","","","","","","csv_metadata","","","site_urls"
"https://www.alanranger.com/blog-on-photography/the-studies-to-become-a-professional-photographer","/blog-on-photography/the-studies-to-become-a-professional-photographer","no","","","","","","","csv_metadata","","","site_urls"
"https://www.alanranger.com/blog-on-photography/the-way-of-wu-wei-philosophy","/blog-on-photography/the-way-of-wu-wei-philosophy","no","","","","","","","csv_metadata","","","site_urls"
"https://www.alanranger.com/blog-on-photography/top-10-composition-mistakes-beginners-make","/blog-on-photography/top-10-composition-mistakes-beginners-make","no","","","","","","","csv_metadata","","","site_urls"
"https://www.alanranger.com/blog-on-photography/top-6-tips-for-photographing-fireworks","/blog-on-photography/top-6-tips-for-photographing-fireworks","no","","","","","","","csv_metadata","","","site_urls"
"https://www.alanranger.com/blog-on-photography/top-bluebell-woodland-tips","/blog-on-photography/top-bluebell-woodland-tips","no","","","","","","","csv_metadata","","","site_urls"
"https://www.alanranger.com/blog-on-photography/top-tips-for-photographing-bluebells","/blog-on-photography/top-tips-for-photographing-bluebells","no","","","","","","","csv_metadata","","","site_urls"
"https://www.alanranger.com/blog-on-photography/travel-photography-beginners-guide","/blog-on-photography/travel-photography-beginners-guide","no","","","","","","","csv_metadata","","","site_urls"
"https://www.alanranger.com/blog-on-photography/tripod-for-cameras-essential-guide","/blog-on-photography/tripod-for-cameras-essential-guide","no","","","","","","","csv_metadata","","","site_urls"
"https://www.alanranger.com/blog-on-photography/tripod-for-headshots-top-picks-amp-reviews-2026","/blog-on-photography/tripod-for-headshots-top-picks-amp-reviews-2026","no","","","","","","","csv_metadata","","","site_urls"
"https://www.alanranger.com/blog-on-photography/tripods-a-photographers-best-friend","/blog-on-photography/tripods-a-photographers-best-friend","no","","","","","","","csv_metadata","","","site_urls"
"https://www.alanranger.com/blog-on-photography/tripods-gitzo-vs-benro-review","/blog-on-photography/tripods-gitzo-vs-benro-review","no","","","","","","","csv_metadata","","","site_urls"
"https://www.alanranger.com/blog-on-photography/triptych-project-photography-assignment-free-lesson","/blog-on-photography/triptych-project-photography-assignment-free-lesson","no","","","","","","","csv_metadata","","","site_urls"
"https://www.alanranger.com/blog-on-photography/uk-architectural-exterior-photography","/blog-on-photography/uk-architectural-exterior-photography","no","","","","","","","csv_metadata","","","site_urls"
"https://www.alanranger.com/blog-on-photography/uk-bluebell-photography-guide","/blog-on-photography/uk-bluebell-photography-guide","no","","","","","","","csv_metadata","","","site_urls"
"https://www.alanranger.com/blog-on-photography/uk-photography-editing-workflow-guide","/blog-on-photography/uk-photography-editing-workflow-guide","no","","","","","","","csv_metadata","","","site_urls"
"https://www.alanranger.com/blog-on-photography/uk-sports-action-photography-guide","/blog-on-photography/uk-sports-action-photography-guide","no","","","","","","","csv_metadata","","","site_urls"
"https://www.alanranger.com/blog-on-photography/uk-street-photography-ethics-guide","/blog-on-photography/uk-street-photography-ethics-guide","no","","","","","","","csv_metadata","","","site_urls"
"https://www.alanranger.com/blog-on-photography/uk-waterfall-photography-guide","/blog-on-photography/uk-waterfall-photography-guide","no","","","","","","","csv_metadata","","","site_urls"
"https://www.alanranger.com/blog-on-photography/uk-woodland-photography-year-round-guide","/blog-on-photography/uk-woodland-photography-year-round-guide","no","","","","","","","csv_metadata","","","site_urls"
"https://www.alanranger.com/blog-on-photography/ultimate-guide-to-summer-landscape-photography","/blog-on-photography/ultimate-guide-to-summer-landscape-photography","no","","","","","","","csv_metadata","","","site_urls"
"https://www.alanranger.com/blog-on-photography/used-cameras-and-lenses","/blog-on-photography/used-cameras-and-lenses","no","","","","","","","csv_metadata","","","site_urls"
"https://www.alanranger.com/blog-on-photography/using-a-nd-filter","/blog-on-photography/using-a-nd-filter","no","","","","","","","csv_metadata","","","site_urls"
"https://www.alanranger.com/blog-on-photography/virtual-bluebell-photoshoot","/blog-on-photography/virtual-bluebell-photoshoot","no","","","","","","","csv_metadata","","","site_urls"
"https://www.alanranger.com/blog-on-photography/visual-weight-and-flow-practice-assignment","/blog-on-photography/visual-weight-and-flow-practice-assignment","no","","","","","","","csv_metadata","","","site_urls"
"https://www.alanranger.com/blog-on-photography/what-are-camera-drive-modes","/blog-on-photography/what-are-camera-drive-modes","no","","","","","","","csv_metadata","","","site_urls"
"https://www.alanranger.com/blog-on-photography/what-are-leading-lines-in-photography","/blog-on-photography/what-are-leading-lines-in-photography","no","","","","","","","csv_metadata","","","site_urls"
"https://www.alanranger.com/blog-on-photography/what-do-camera-lens-filters-do","/blog-on-photography/what-do-camera-lens-filters-do","no","","","","","","","csv_metadata","","","site_urls"
"https://www.alanranger.com/blog-on-photography/what-is-aperture-in-photography","/blog-on-photography/what-is-aperture-in-photography","no","","","","","","","csv_metadata","","","site_urls"
"https://www.alanranger.com/blog-on-photography/what-is-contrast-in-photography","/blog-on-photography/what-is-contrast-in-photography","no","","","","","","","csv_metadata","","","site_urls"
"https://www.alanranger.com/blog-on-photography/what-is-depth-of-field","/blog-on-photography/what-is-depth-of-field","no","","","","","","","csv_metadata","","","site_urls"
"https://www.alanranger.com/blog-on-photography/what-is-dynamic-range-in-photography","/blog-on-photography/what-is-dynamic-range-in-photography","no","","","","","","","csv_metadata","","","site_urls"
"https://www.alanranger.com/blog-on-photography/what-is-exposure-in-photography","/blog-on-photography/what-is-exposure-in-photography","no","","","","","","","csv_metadata","","","site_urls"
"https://www.alanranger.com/blog-on-photography/what-is-focal-length-in-photography","/blog-on-photography/what-is-focal-length-in-photography","no","","","","","","","csv_metadata","","","site_urls"
"https://www.alanranger.com/blog-on-photography/what-is-focus-in-photography","/blog-on-photography/what-is-focus-in-photography","no","","","","","","","csv_metadata","","","site_urls"
"https://www.alanranger.com/blog-on-photography/what-is-framing-in-photography","/blog-on-photography/what-is-framing-in-photography","no","","","","","","","csv_metadata","","","site_urls"
"https://www.alanranger.com/blog-on-photography/what-is-iso-in-photography","/blog-on-photography/what-is-iso-in-photography","no","","","","","","","csv_metadata","","","site_urls"
"https://www.alanranger.com/blog-on-photography/what-is-manual-exposure-in-photography","/blog-on-photography/what-is-manual-exposure-in-photography","no","","","","","","","csv_metadata","","","site_urls"
"https://www.alanranger.com/blog-on-photography/what-is-metering-in-photography","/blog-on-photography/what-is-metering-in-photography","no","","","","","","","csv_metadata","","","site_urls"
"https://www.alanranger.com/blog-on-photography/what-is-minimalist-photography","/blog-on-photography/what-is-minimalist-photography","no","","","","","","","csv_metadata","","","site_urls"
"https://www.alanranger.com/blog-on-photography/what-is-negative-space-in-photography","/blog-on-photography/what-is-negative-space-in-photography","no","","","","","","","csv_metadata","","","site_urls"
"https://www.alanranger.com/blog-on-photography/what-is-portrait-photography","/blog-on-photography/what-is-portrait-photography","no","","","","","","","csv_metadata","","","site_urls"
"https://www.alanranger.com/blog-on-photography/what-is-shutter-speed","/blog-on-photography/what-is-shutter-speed","no","","","","","","","csv_metadata","","","site_urls"
"https://www.alanranger.com/blog-on-photography/what-is-still-life-photography","/blog-on-photography/what-is-still-life-photography","no","","","","","","","csv_metadata","","","site_urls"
"https://www.alanranger.com/blog-on-photography/what-is-white-balance-in-photography","/blog-on-photography/what-is-white-balance-in-photography","no","","","","","","","csv_metadata","","","site_urls"
"https://www.alanranger.com/blog-on-photography/whats-new-in-lightroom-classic-13","/blog-on-photography/whats-new-in-lightroom-classic-13","no","","","","","","","csv_metadata","","","site_urls"
"https://www.alanranger.com/blog-on-photography/which-lens-should-i-buy-next","/blog-on-photography/which-lens-should-i-buy-next","no","","","","","","","csv_metadata","","","site_urls"
"https://www.alanranger.com/blog-on-photography/white-balance-and-colour-photography","/blog-on-photography/white-balance-and-colour-photography","no","","","","","","","csv_metadata","","","site_urls"
"https://www.alanranger.com/blog-on-photography/why-snowdonia-landscape-photography-workshops","/blog-on-photography/why-snowdonia-landscape-photography-workshops","no","","","","","","","csv_metadata","","","site_urls"
"https://www.alanranger.com/blog-on-photography/wildlife-photography-practice-assignment-free-lesson","/blog-on-photography/wildlife-photography-practice-assignment-free-lesson","no","","","","","","","csv_metadata","","","site_urls"
"https://www.alanranger.com/blog-on-photography/winter-photography-magic","/blog-on-photography/winter-photography-magic","no","","","","","","","csv_metadata","","","site_urls"
"https://www.alanranger.com/bluebell-woods-near-me","/bluebell-woods-near-me","no","","","","","","","csv_metadata","landing","landing","site_urls"
"https://www.alanranger.com/contact-us-alan-ranger-photography","/contact-us-alan-ranger-photography","no","","","","","","","csv_metadata","landing","landing","site_urls"
"https://www.alanranger.com/copyright-policy-alan-ranger","/copyright-policy-alan-ranger","no","","","","","","","csv_metadata","","","site_urls"
"https://www.alanranger.com/corporate-photography-training","/corporate-photography-training","no","","","","","","","csv_metadata","service","service hub","site_urls"
"https://www.alanranger.com/course-finder-photography-classes-near-me","/course-finder-photography-classes-near-me","no","","","","","","","event_table","event","service","site_urls"
"https://www.alanranger.com/data-privacy-policy","/data-privacy-policy","no","","","","","","","csv_metadata","landing","landing","site_urls"
"https://www.alanranger.com/fine-art-prints","/fine-art-prints","yes","","","","","","","csv_metadata","service","service hub","site_urls"
"https://www.alanranger.com/fine-art-prints-/lake-district-photography","/fine-art-prints-/lake-district-photography","yes","","","","","","","gallery_hub_scrape","","",""
"https://www.alanranger.com/fine-art-prints/anglesey-photography-photo-spots","/fine-art-prints/anglesey-photography-photo-spots","yes","","","","","","","gallery_hub_scrape","","",""
"https://www.alanranger.com/fine-art-prints/batsford-arboretum-photography","/fine-art-prints/batsford-arboretum-photography","yes","","","","","","","gallery_hub_scrape","","",""
"https://www.alanranger.com/fine-art-prints/chesterton-photography-prints","/fine-art-prints/chesterton-photography-prints","yes","","","","","","","gallery_hub_scrape","","",""
"https://www.alanranger.com/fine-art-prints/collection-a-love-of-emptiness-photography","/fine-art-prints/collection-a-love-of-emptiness-photography","yes","","","","","","","gallery_hub_scrape","","",""
"https://www.alanranger.com/fine-art-prints/collection-coastline-minimalist-photography","/fine-art-prints/collection-coastline-minimalist-photography","yes","","","","","","","gallery_hub_scrape","","",""
"https://www.alanranger.com/fine-art-prints/collection-lake-reflections-photography","/fine-art-prints/collection-lake-reflections-photography","yes","","","","","","","gallery_hub_scrape","","",""
"https://www.alanranger.com/fine-art-prints/collection-rock-photography-study","/fine-art-prints/collection-rock-photography-study","yes","","","","","","","gallery_hub_scrape","","",""
"https://www.alanranger.com/fine-art-prints/collection-tree-bark-photography","/fine-art-prints/collection-tree-bark-photography","yes","","","","","","","gallery_hub_scrape","","",""
"https://www.alanranger.com/fine-art-prints/collection-water-abstracts-photography","/fine-art-prints/collection-water-abstracts-photography","yes","","","","","","","gallery_hub_scrape","","",""
"https://www.alanranger.com/fine-art-prints/collection-woodland-photography-spirit","/fine-art-prints/collection-woodland-photography-spirit","yes","","","","","","","gallery_hub_scrape","","",""
"https://www.alanranger.com/fine-art-prints/coventry-photography-spots","/fine-art-prints/coventry-photography-spots","yes","","","","","","","gallery_hub_scrape","","",""
"https://www.alanranger.com/fine-art-prints/dartmoor-photography-prints","/fine-art-prints/dartmoor-photography-prints","yes","","","","","","","gallery_hub_scrape","","",""
"https://www.alanranger.com/fine-art-prints/devon-photography-prints","/fine-art-prints/devon-photography-prints","yes","","","","","","","gallery_hub_scrape","","",""
"https://www.alanranger.com/fine-art-prints/dorset-photography-prints","/fine-art-prints/dorset-photography-prints","yes","","","","","","","gallery_hub_scrape","","",""
"https://www.alanranger.com/fine-art-prints/french-riviera-photography","/fine-art-prints/french-riviera-photography","yes","","","","","","","gallery_hub_scrape","","",""
"https://www.alanranger.com/fine-art-prints/glencoe-photography-prints","/fine-art-prints/glencoe-photography-prints","yes","","","","","","","gallery_hub_scrape","","",""
"https://www.alanranger.com/fine-art-prints/ireland-photography-prints","/fine-art-prints/ireland-photography-prints","yes","","","","","","","gallery_hub_scrape","","",""
"https://www.alanranger.com/fine-art-prints/latest-photography-images","/fine-art-prints/latest-photography-images","yes","","","","","","","csv_metadata","","","landing_service_pages"
"https://www.alanranger.com/fine-art-prints/norfolk-photography-images","/fine-art-prints/norfolk-photography-images","yes","","","","","","","gallery_hub_scrape","","",""
"https://www.alanranger.com/fine-art-prints/northumbria-photography-images","/fine-art-prints/northumbria-photography-images","yes","","","","","","","gallery_hub_scrape","","",""
"https://www.alanranger.com/fine-art-prints/peak-district-photography","/fine-art-prints/peak-district-photography","yes","","","","","","","gallery_hub_scrape","","",""
"https://www.alanranger.com/fine-art-prints/serenity-photography-collection","/fine-art-prints/serenity-photography-collection","yes","","","","","","","gallery_hub_scrape","","",""
"https://www.alanranger.com/fine-art-prints/somerset-photography-prints","/fine-art-prints/somerset-photography-prints","yes","","","","","","","gallery_hub_scrape","","",""
"https://www.alanranger.com/fine-art-prints/suffolk-photography-images","/fine-art-prints/suffolk-photography-images","yes","","","","","","","gallery_hub_scrape","","",""
"https://www.alanranger.com/fine-art-prints/wales-photography-images","/fine-art-prints/wales-photography-images","yes","","","","","","","gallery_hub_scrape","","",""
"https://www.alanranger.com/fine-art-prints/warwickshire-photography-images","/fine-art-prints/warwickshire-photography-images","yes","","","","","","","gallery_hub_scrape","","",""
"https://www.alanranger.com/fine-art-prints/yorkshire-photography-images","/fine-art-prints/yorkshire-photography-images","yes","","","","","","","gallery_hub_scrape","","",""
"https://www.alanranger.com/free-online-photography-course","/free-online-photography-course","no","","","","","","","csv_metadata","service","service hub","site_urls"
"https://www.alanranger.com/free-photography-tips","/free-photography-tips","no","","","","","","","csv_metadata","landing","landing","site_urls"
"https://www.alanranger.com/gallery-image-portfolios","/gallery-image-portfolios","yes","","","","","","","csv_metadata","landing","landing","site_urls"
"https://www.alanranger.com/help-portrait-uk-coventry","/help-portrait-uk-coventry","no","","","","","","","csv_metadata","","","site_urls"
"https://www.alanranger.com/help-site-map","/help-site-map","no","","","","","","","csv_metadata","landing","landing","site_urls"
"https://www.alanranger.com/hire-a-professional-photographer-in-coventry","/hire-a-professional-photographer-in-coventry","no","","","","","","","csv_metadata","service","service hub","site_urls"
"https://www.alanranger.com/home","/home","no","","","","","","","csv_metadata","","","site_urls"
"https://www.alanranger.com/intentions-course-six-month-photography-project","/intentions-course-six-month-photography-project","no","","","","","","","csv_metadata","landing","landing","site_urls"
"https://www.alanranger.com/jaguar-land-rover-els","/jaguar-land-rover-els","no","","","","","","","csv_metadata","landing","landing","site_urls"
"https://www.alanranger.com/landscape-photography-workshops","/landscape-photography-workshops","no","","","","","","","csv_metadata","service","service hub","site_urls"
"https://www.alanranger.com/my-ethical-policy","/my-ethical-policy","no","","","","","","","csv_metadata","landing","landing","site_urls"
"https://www.alanranger.com/newsletter-signup-form","/newsletter-signup-form","no","","","","","","","csv_metadata","","","site_urls"
"https://www.alanranger.com/one-day-landscape-photography-workshops","/one-day-landscape-photography-workshops","no","yes","retired_redirect","Consolidated into landscape-photography-workshops. effective_date to be set at 301.","","","","csv_metadata","service","service hub","site_urls"
"https://www.alanranger.com/online-photography-course","/online-photography-course","no","","","","","","","csv_metadata","","","site_urls"
"https://www.alanranger.com/outdoor-photography-exposure-calculator","/outdoor-photography-exposure-calculator","no","","","","","","","csv_metadata","landing","landing","site_urls"
"https://www.alanranger.com/photo-editing-course-coventry","/photo-editing-course-coventry","no","","","","","","","csv_metadata","service","service hub","site_urls"
"https://www.alanranger.com/photo-workshops-uk","/photo-workshops-uk","no","","","","","","","csv_metadata","service","service","site_urls"
"https://www.alanranger.com/photo-workshops-uk/abstract-and-macro-photography-workshops","/photo-workshops-uk/abstract-and-macro-photography-workshops","no","","","","","","","csv_metadata","workshop","workshop (half-day)","workshop_products"
"https://www.alanranger.com/photo-workshops-uk/batsford-arboretum-photography-workshops","/photo-workshops-uk/batsford-arboretum-photography-workshops","no","","","","","","","csv_metadata","workshop","workshop (1-day)","workshop_products"
"https://www.alanranger.com/photo-workshops-uk/bluebell-woodlands-photography-workshops","/photo-workshops-uk/bluebell-woodlands-photography-workshops","no","","","","","","","csv_metadata","workshop","workshop (1-day)","workshop_products"
"https://www.alanranger.com/photo-workshops-uk/brandon-marsh-nature-reserve-photography-workshop","/photo-workshops-uk/brandon-marsh-nature-reserve-photography-workshop","no","","","","","","","csv_metadata","workshop","workshop","workshop_products"
"https://www.alanranger.com/photo-workshops-uk/christmas-photography-workshops","/photo-workshops-uk/christmas-photography-workshops","no","","","","","","","csv_metadata","workshop","workshop (half-day)","workshop_products"
"https://www.alanranger.com/photo-workshops-uk/coastal-northumberland-photography-workshops","/photo-workshops-uk/coastal-northumberland-photography-workshops","no","","","","","","","csv_metadata","workshop","workshop (residential)","workshop_products"
"https://www.alanranger.com/photo-workshops-uk/cotswolds-landscape-photography-workshop","/photo-workshops-uk/cotswolds-landscape-photography-workshop","no","","","","","","","csv_metadata","workshop","workshop (1-day)","workshop_products"
"https://www.alanranger.com/photo-workshops-uk/dartmoor-photography-landscape-workshop","/photo-workshops-uk/dartmoor-photography-landscape-workshop","no","","","","","","","csv_metadata","workshop","workshop (residential)","workshop_products"
"https://www.alanranger.com/photo-workshops-uk/dorset-landscape-photography-workshop","/photo-workshops-uk/dorset-landscape-photography-workshop","no","","","","","","","csv_metadata","workshop","workshop (residential)","workshop_products"
"https://www.alanranger.com/photo-workshops-uk/exmoor-photography-workshops-lynmouth","/photo-workshops-uk/exmoor-photography-workshops-lynmouth","no","","","","","","","csv_metadata","workshop","workshop (residential)","workshop_products"
"https://www.alanranger.com/photo-workshops-uk/fireworks-photography-workshop-kenilworth","/photo-workshops-uk/fireworks-photography-workshop-kenilworth","no","","","","","","","csv_metadata","workshop","workshop (half-day)","workshop_products"
"https://www.alanranger.com/photo-workshops-uk/garden-photography-workshop","/photo-workshops-uk/garden-photography-workshop","no","","","","","","","csv_metadata","workshop","workshop (half-day)","workshop_products"
"https://www.alanranger.com/photo-workshops-uk/ireland-photography-workshops-dingle","/photo-workshops-uk/ireland-photography-workshops-dingle","no","","","","","","","csv_metadata","workshop","workshop (residential)","workshop_products"
"https://www.alanranger.com/photo-workshops-uk/lake-district-photography-workshop","/photo-workshops-uk/lake-district-photography-workshop","no","","","","","","","csv_metadata","workshop","workshop (residential)","workshop_products"
"https://www.alanranger.com/photo-workshops-uk/landscape-peak-district-photography-workshops-derbyshire","/photo-workshops-uk/landscape-peak-district-photography-workshops-derbyshire","no","","","","","","","csv_metadata","workshop","workshop (1-day)","workshop_products"
"https://www.alanranger.com/photo-workshops-uk/landscape-photography-devon-hartland-quay","/photo-workshops-uk/landscape-photography-devon-hartland-quay","no","","","","","","","csv_metadata","workshop","workshop (residential)","workshop_products"
"https://www.alanranger.com/photo-workshops-uk/landscape-photography-snowdonia-workshops","/photo-workshops-uk/landscape-photography-snowdonia-workshops","no","","","","","","","csv_metadata","workshop","workshop (residential)","workshop_products"
"https://www.alanranger.com/photo-workshops-uk/landscape-photography-wales-photo-workshop","/photo-workshops-uk/landscape-photography-wales-photo-workshop","no","","","","","","","csv_metadata","workshop","workshop (residential)","workshop_products"
"https://www.alanranger.com/photo-workshops-uk/landscape-photography-workshop-norfolk","/photo-workshops-uk/landscape-photography-workshop-norfolk","no","","","","","","","csv_metadata","workshop","workshop (residential)","workshop_products"
"https://www.alanranger.com/photo-workshops-uk/landscape-photography-workshops-anglesey","/photo-workshops-uk/landscape-photography-workshops-anglesey","no","","","","","","","csv_metadata","workshop","workshop (residential)","workshop_products"
"https://www.alanranger.com/photo-workshops-uk/landscape-photography-workshops-glencoe","/photo-workshops-uk/landscape-photography-workshops-glencoe","no","","","","","","","csv_metadata","workshop","workshop (residential)","workshop_products"
"https://www.alanranger.com/photo-workshops-uk/landscape-photography-workshops-nant-mill","/photo-workshops-uk/landscape-photography-workshops-nant-mill","no","","","","","","","csv_metadata","workshop","workshop (half-day)","workshop_products"
"https://www.alanranger.com/photo-workshops-uk/long-exposure-photography-kenilworth","/photo-workshops-uk/long-exposure-photography-kenilworth","no","","","","","","","csv_metadata","workshop","workshop (half-day)","workshop_products"
"https://www.alanranger.com/photo-workshops-uk/long-exposure-photography-workshop-fairy-glen","/photo-workshops-uk/long-exposure-photography-workshop-fairy-glen","no","","","","","","","csv_metadata","workshop","workshop (half-day)","workshop_products"
"https://www.alanranger.com/photo-workshops-uk/long-exposure-photography-workshops-burnham","/photo-workshops-uk/long-exposure-photography-workshops-burnham","no","","","","","","","csv_metadata","workshop","workshop (half-day)","workshop_products"
"https://www.alanranger.com/photo-workshops-uk/north-yorkshire-landscape-photography","/photo-workshops-uk/north-yorkshire-landscape-photography","no","","","","","","","csv_metadata","workshop","workshop (residential)","workshop_products"
"https://www.alanranger.com/photo-workshops-uk/peak-district-heather-photography-workshop","/photo-workshops-uk/peak-district-heather-photography-workshop","no","","","","","","","csv_metadata","workshop","workshop (half-day)","workshop_products"
"https://www.alanranger.com/photo-workshops-uk/photography-workshops-chesterton-windmill","/photo-workshops-uk/photography-workshops-chesterton-windmill","no","","","","","","","csv_metadata","workshop","workshop (half-day)","workshop_products"
"https://www.alanranger.com/photo-workshops-uk/photography-workshops-lavender-fields","/photo-workshops-uk/photography-workshops-lavender-fields","no","","","","","","","csv_metadata","workshop","workshop (half-day)","workshop_products"
"https://www.alanranger.com/photo-workshops-uk/poppy-fields-photography-workshops","/photo-workshops-uk/poppy-fields-photography-workshops","no","","","","","","","csv_metadata","workshop","workshop (half-day)","workshop_products"
"https://www.alanranger.com/photo-workshops-uk/secrets-of-woodland-photography-workshop","/photo-workshops-uk/secrets-of-woodland-photography-workshop","no","","","","","","","csv_metadata","workshop","workshop (1-day)","workshop_products"
"https://www.alanranger.com/photo-workshops-uk/sezincote-garden-photography-workshop","/photo-workshops-uk/sezincote-garden-photography-workshop","no","","","","","","","csv_metadata","workshop","workshop (half-day)","workshop_products"
"https://www.alanranger.com/photo-workshops-uk/shropshire-landscape-photography-workshops","/photo-workshops-uk/shropshire-landscape-photography-workshops","no","","","","","","","csv_metadata","workshop","workshop (1-day)","workshop_products"
"https://www.alanranger.com/photo-workshops-uk/somerset-landscape-photography-workshops","/photo-workshops-uk/somerset-landscape-photography-workshops","no","","","","","","","csv_metadata","workshop","workshop (residential)","workshop_products"
"https://www.alanranger.com/photo-workshops-uk/suffolk-landscape-photography-workshops","/photo-workshops-uk/suffolk-landscape-photography-workshops","no","","","","","","","csv_metadata","workshop","workshop (residential)","workshop_products"
"https://www.alanranger.com/photo-workshops-uk/urban-architecture-photography-workshops-coventry","/photo-workshops-uk/urban-architecture-photography-workshops-coventry","no","","","","","","","csv_metadata","workshop","workshop (half-day)","workshop_products"
"https://www.alanranger.com/photo-workshops-uk/wales-photography-workshop-pistyll-rhaeadr","/photo-workshops-uk/wales-photography-workshop-pistyll-rhaeadr","no","","","","","","","csv_metadata","workshop","workshop (residential)","workshop_products"
"https://www.alanranger.com/photo-workshops-uk/woodland-photography-walk-warwickshire","/photo-workshops-uk/woodland-photography-walk-warwickshire","no","","","","","","","csv_metadata","workshop","workshop (half-day)","workshop_products"
"https://www.alanranger.com/photo-workshops-uk/yorkshire-dales-photography-workshops","/photo-workshops-uk/yorkshire-dales-photography-workshops","no","","","","","","","csv_metadata","workshop","workshop (residential)","workshop_products"
"https://www.alanranger.com/photographic-workshops-near-me","/photographic-workshops-near-me","no","yes","intentional_noindex","~82 Tier C workshop event instances. effective_date to be set at Squarespace noindex flip.","","","","csv_metadata","service","service","site_urls"
"https://www.alanranger.com/photographic-workshops-near-me/abstract-and-macro-photography-workshop","/photographic-workshops-near-me/abstract-and-macro-photography-workshop","no","yes","intentional_noindex","~82 Tier C workshop event instances. effective_date to be set at Squarespace noindex flip.","","","","event_table","event","event","workshop_events"
"https://www.alanranger.com/photographic-workshops-near-me/abstract-and-macro-photography-workshop-coventry","/photographic-workshops-near-me/abstract-and-macro-photography-workshop-coventry","no","yes","intentional_noindex","~82 Tier C workshop event instances. effective_date to be set at Squarespace noindex flip.","","","","event_table","event","event","workshop_events"
"https://www.alanranger.com/photographic-workshops-near-me/anglesey-photography-workshop-wales","/photographic-workshops-near-me/anglesey-photography-workshop-wales","no","yes","intentional_noindex","~82 Tier C workshop event instances. effective_date to be set at Squarespace noindex flip.","","","","event_table","event","event","workshop_events"
"https://www.alanranger.com/photographic-workshops-near-me/batsford-arboretum-autumn-photography-1nov","/photographic-workshops-near-me/batsford-arboretum-autumn-photography-1nov","no","yes","intentional_noindex","~82 Tier C workshop event instances. effective_date to be set at Squarespace noindex flip.","","","","event_table","event","event","workshop_events"
"https://www.alanranger.com/photographic-workshops-near-me/batsford-arboretum-autumn-photography-29oct","/photographic-workshops-near-me/batsford-arboretum-autumn-photography-29oct","no","yes","intentional_noindex","~82 Tier C workshop event instances. effective_date to be set at Squarespace noindex flip.","","","","event_table","event","event","workshop_events"
"https://www.alanranger.com/photographic-workshops-near-me/batsford-arboretum-autumn-photography-2nov","/photographic-workshops-near-me/batsford-arboretum-autumn-photography-2nov","no","yes","intentional_noindex","~82 Tier C workshop event instances. effective_date to be set at Squarespace noindex flip.","","","","event_table","event","event","workshop_events"
"https://www.alanranger.com/photographic-workshops-near-me/batsford-arboretum-autumn-photography-30oct","/photographic-workshops-near-me/batsford-arboretum-autumn-photography-30oct","no","yes","intentional_noindex","~82 Tier C workshop event instances. effective_date to be set at Squarespace noindex flip.","","","","event_table","event","event","workshop_events"
"https://www.alanranger.com/photographic-workshops-near-me/batsford-arboretum-autumn-photography-31oct","/photographic-workshops-near-me/batsford-arboretum-autumn-photography-31oct","no","yes","intentional_noindex","~82 Tier C workshop event instances. effective_date to be set at Squarespace noindex flip.","","","","event_table","event","event","workshop_events"
"https://www.alanranger.com/photographic-workshops-near-me/batsford-arboretum-autumn-photography-3nov","/photographic-workshops-near-me/batsford-arboretum-autumn-photography-3nov","no","yes","intentional_noindex","~82 Tier C workshop event instances. effective_date to be set at Squarespace noindex flip.","","","","event_table","event","event","workshop_events"
"https://www.alanranger.com/photographic-workshops-near-me/bluebell-photography-photo-workshop-warwickshire-01","/photographic-workshops-near-me/bluebell-photography-photo-workshop-warwickshire-01","no","yes","intentional_noindex","~82 Tier C workshop event instances. effective_date to be set at Squarespace noindex flip.","","","","event_table","event","event","workshop_events"
"https://www.alanranger.com/photographic-workshops-near-me/bluebell-photography-photo-workshop-warwickshire-17","/photographic-workshops-near-me/bluebell-photography-photo-workshop-warwickshire-17","no","yes","intentional_noindex","~82 Tier C workshop event instances. effective_date to be set at Squarespace noindex flip.","","","","event_table","event","event","workshop_events"
"https://www.alanranger.com/photographic-workshops-near-me/bluebell-photography-photo-workshop-warwickshire-18","/photographic-workshops-near-me/bluebell-photography-photo-workshop-warwickshire-18","no","yes","intentional_noindex","~82 Tier C workshop event instances. effective_date to be set at Squarespace noindex flip.","","","","event_table","event","event","workshop_events"
"https://www.alanranger.com/photographic-workshops-near-me/bluebell-photography-photo-workshop-warwickshire-19","/photographic-workshops-near-me/bluebell-photography-photo-workshop-warwickshire-19","no","yes","intentional_noindex","~82 Tier C workshop event instances. effective_date to be set at Squarespace noindex flip.","","","","event_table","event","event","workshop_events"
"https://www.alanranger.com/photographic-workshops-near-me/bluebell-photography-photo-workshop-warwickshire-20","/photographic-workshops-near-me/bluebell-photography-photo-workshop-warwickshire-20","no","yes","intentional_noindex","~82 Tier C workshop event instances. effective_date to be set at Squarespace noindex flip.","","","","event_table","event","event","workshop_events"
"https://www.alanranger.com/photographic-workshops-near-me/bluebell-photography-photo-workshop-warwickshire-21","/photographic-workshops-near-me/bluebell-photography-photo-workshop-warwickshire-21","no","yes","intentional_noindex","~82 Tier C workshop event instances. effective_date to be set at Squarespace noindex flip.","","","","event_table","event","event","workshop_events"
"https://www.alanranger.com/photographic-workshops-near-me/bluebell-photography-photo-workshop-warwickshire-22","/photographic-workshops-near-me/bluebell-photography-photo-workshop-warwickshire-22","no","yes","intentional_noindex","~82 Tier C workshop event instances. effective_date to be set at Squarespace noindex flip.","","","","event_table","event","event","workshop_events"
"https://www.alanranger.com/photographic-workshops-near-me/bluebell-photography-photo-workshop-warwickshire-23","/photographic-workshops-near-me/bluebell-photography-photo-workshop-warwickshire-23","no","yes","intentional_noindex","~82 Tier C workshop event instances. effective_date to be set at Squarespace noindex flip.","","","","event_table","event","event","workshop_events"
"https://www.alanranger.com/photographic-workshops-near-me/bluebell-photography-photo-workshop-warwickshire-24","/photographic-workshops-near-me/bluebell-photography-photo-workshop-warwickshire-24","no","yes","intentional_noindex","~82 Tier C workshop event instances. effective_date to be set at Squarespace noindex flip.","","","","event_table","event","event","workshop_events"
"https://www.alanranger.com/photographic-workshops-near-me/bluebell-photography-photo-workshop-warwickshire-25","/photographic-workshops-near-me/bluebell-photography-photo-workshop-warwickshire-25","no","yes","intentional_noindex","~82 Tier C workshop event instances. effective_date to be set at Squarespace noindex flip.","","","","event_table","event","event","workshop_events"
"https://www.alanranger.com/photographic-workshops-near-me/bluebell-photography-photo-workshop-warwickshire-29","/photographic-workshops-near-me/bluebell-photography-photo-workshop-warwickshire-29","no","yes","intentional_noindex","~82 Tier C workshop event instances. effective_date to be set at Squarespace noindex flip.","","","","event_table","event","event","workshop_events"
"https://www.alanranger.com/photographic-workshops-near-me/bluebell-photography-photo-workshop-warwickshire-30","/photographic-workshops-near-me/bluebell-photography-photo-workshop-warwickshire-30","no","yes","intentional_noindex","~82 Tier C workshop event instances. effective_date to be set at Squarespace noindex flip.","","","","event_table","event","event","workshop_events"
"https://www.alanranger.com/photographic-workshops-near-me/dartmoor-photography-workshop-woodlands","/photographic-workshops-near-me/dartmoor-photography-workshop-woodlands","no","yes","intentional_noindex","~82 Tier C workshop event instances. effective_date to be set at Squarespace noindex flip.","","","","event_table","event","event","workshop_events"
"https://www.alanranger.com/photographic-workshops-near-me/dingle-kerry-ireland-photography-workshop","/photographic-workshops-near-me/dingle-kerry-ireland-photography-workshop","no","yes","intentional_noindex","~82 Tier C workshop event instances. effective_date to be set at Squarespace noindex flip.","","","","event_table","event","event","workshop_events"
"https://www.alanranger.com/photographic-workshops-near-me/dorset-photography-workshop","/photographic-workshops-near-me/dorset-photography-workshop","no","yes","intentional_noindex","~82 Tier C workshop event instances. effective_date to be set at Squarespace noindex flip.","","","","event_table","event","event","workshop_events"
"https://www.alanranger.com/photographic-workshops-near-me/exmoor-photography-workshops-seascapes-lynmouth","/photographic-workshops-near-me/exmoor-photography-workshops-seascapes-lynmouth","no","yes","intentional_noindex","~82 Tier C workshop event instances. effective_date to be set at Squarespace noindex flip.","","","","event_table","event","event","workshop_events"
"https://www.alanranger.com/photographic-workshops-near-me/fairy-glen-betws-y-coed-photography","/photographic-workshops-near-me/fairy-glen-betws-y-coed-photography","no","yes","intentional_noindex","~82 Tier C workshop event instances. effective_date to be set at Squarespace noindex flip.","","","","event_table","event","event","workshop_events"
"https://www.alanranger.com/photographic-workshops-near-me/fairy-glen-photography-betws-y-coed","/photographic-workshops-near-me/fairy-glen-photography-betws-y-coed","no","yes","intentional_noindex","~82 Tier C workshop event instances. effective_date to be set at Squarespace noindex flip.","","","","event_table","event","event","workshop_events"
"https://www.alanranger.com/photographic-workshops-near-me/fairy-glen-photography-wales","/photographic-workshops-near-me/fairy-glen-photography-wales","no","yes","intentional_noindex","~82 Tier C workshop event instances. effective_date to be set at Squarespace noindex flip.","","","","event_table","event","event","workshop_events"
"https://www.alanranger.com/photographic-workshops-near-me/garden-photography-workshop","/photographic-workshops-near-me/garden-photography-workshop","no","yes","intentional_noindex","~82 Tier C workshop event instances. effective_date to be set at Squarespace noindex flip.","","","","event_table","event","event","workshop_events"
"https://www.alanranger.com/photographic-workshops-near-me/garden-photography-workshop-mxyms","/photographic-workshops-near-me/garden-photography-workshop-mxyms","no","yes","intentional_noindex","~82 Tier C workshop event instances. effective_date to be set at Squarespace noindex flip.","","","","event_table","event","event","workshop_events"
"https://www.alanranger.com/photographic-workshops-near-me/hartland-quay-devon-seascapes-ynfcl","/photographic-workshops-near-me/hartland-quay-devon-seascapes-ynfcl","no","yes","intentional_noindex","~82 Tier C workshop event instances. effective_date to be set at Squarespace noindex flip.","","","","event_table","event","event","workshop_events"
"https://www.alanranger.com/photographic-workshops-near-me/hartland-quay-photography-devon-seascapes","/photographic-workshops-near-me/hartland-quay-photography-devon-seascapes","no","yes","intentional_noindex","~82 Tier C workshop event instances. effective_date to be set at Squarespace noindex flip.","","","","event_table","event","event","workshop_events"
"https://www.alanranger.com/photographic-workshops-near-me/lake-district-photography-workshop-autumn","/photographic-workshops-near-me/lake-district-photography-workshop-autumn","no","yes","intentional_noindex","~82 Tier C workshop event instances. effective_date to be set at Squarespace noindex flip.","","","","event_table","event","event","workshop_events"
"https://www.alanranger.com/photographic-workshops-near-me/lake-district-photography-workshop-late-summer","/photographic-workshops-near-me/lake-district-photography-workshop-late-summer","no","yes","intentional_noindex","~82 Tier C workshop event instances. effective_date to be set at Squarespace noindex flip.","","","","event_table","event","event","workshop_events"
"https://www.alanranger.com/photographic-workshops-near-me/lake-district-photography-workshop-spring","/photographic-workshops-near-me/lake-district-photography-workshop-spring","no","yes","intentional_noindex","~82 Tier C workshop event instances. effective_date to be set at Squarespace noindex flip.","","","","event_table","event","event","workshop_events"
"https://www.alanranger.com/photographic-workshops-near-me/lake-district-photography-workshop-winter","/photographic-workshops-near-me/lake-district-photography-workshop-winter","no","yes","intentional_noindex","~82 Tier C workshop event instances. effective_date to be set at Squarespace noindex flip.","","","","event_table","event","event","workshop_events"
"https://www.alanranger.com/photographic-workshops-near-me/landscape-photography-snowdonia-workshop","/photographic-workshops-near-me/landscape-photography-snowdonia-workshop","no","yes","intentional_noindex","~82 Tier C workshop event instances. effective_date to be set at Squarespace noindex flip.","","","","event_table","event","event","workshop_events"
"https://www.alanranger.com/photographic-workshops-near-me/landscape-photography-wales-gower-peninsular","/photographic-workshops-near-me/landscape-photography-wales-gower-peninsular","no","yes","intentional_noindex","~82 Tier C workshop event instances. effective_date to be set at Squarespace noindex flip.","","","","event_table","event","event","workshop_events"
"https://www.alanranger.com/photographic-workshops-near-me/landscape-photography-workshops-yorkshire","/photographic-workshops-near-me/landscape-photography-workshops-yorkshire","no","yes","intentional_noindex","~82 Tier C workshop event instances. effective_date to be set at Squarespace noindex flip.","","","","event_table","event","event","workshop_events"
"https://www.alanranger.com/photographic-workshops-near-me/landscape-photography-workshops-yorkshire-coast","/photographic-workshops-near-me/landscape-photography-workshops-yorkshire-coast","no","yes","intentional_noindex","~82 Tier C workshop event instances. effective_date to be set at Squarespace noindex flip.","","","","event_table","event","event","workshop_events"
"https://www.alanranger.com/photographic-workshops-near-me/lavender-photography-workshop-sunset","/photographic-workshops-near-me/lavender-photography-workshop-sunset","no","yes","intentional_noindex","~82 Tier C workshop event instances. effective_date to be set at Squarespace noindex flip.","","","","event_table","event","event","workshop_events"
"https://www.alanranger.com/photographic-workshops-near-me/lavender-photography-workshop-sunset-19","/photographic-workshops-near-me/lavender-photography-workshop-sunset-19","no","yes","intentional_noindex","~82 Tier C workshop event instances. effective_date to be set at Squarespace noindex flip.","","","","event_table","event","event","workshop_events"
"https://www.alanranger.com/photographic-workshops-near-me/long-exposure-photo-workshop-sunset-kenilworth","/photographic-workshops-near-me/long-exposure-photo-workshop-sunset-kenilworth","no","yes","intentional_noindex","~82 Tier C workshop event instances. effective_date to be set at Squarespace noindex flip.","","","","event_table","event","event","workshop_events"
"https://www.alanranger.com/photographic-workshops-near-me/long-exposure-photography-burnham-on-sea","/photographic-workshops-near-me/long-exposure-photography-burnham-on-sea","no","yes","intentional_noindex","~82 Tier C workshop event instances. effective_date to be set at Squarespace noindex flip.","","","","event_table","event","event","workshop_events"
"https://www.alanranger.com/photographic-workshops-near-me/long-exposure-photography-workshop-kenilworth1","/photographic-workshops-near-me/long-exposure-photography-workshop-kenilworth1","no","yes","intentional_noindex","~82 Tier C workshop event instances. effective_date to be set at Squarespace noindex flip.","","","","event_table","event","event","workshop_events"
"https://www.alanranger.com/photographic-workshops-near-me/long-exposure-photography-workshop-kenilworth2","/photographic-workshops-near-me/long-exposure-photography-workshop-kenilworth2","no","yes","intentional_noindex","~82 Tier C workshop event instances. effective_date to be set at Squarespace noindex flip.","","","","event_table","event","event","workshop_events"
"https://www.alanranger.com/photographic-workshops-near-me/long-exposure-photography-workshop-kenilworth4","/photographic-workshops-near-me/long-exposure-photography-workshop-kenilworth4","no","yes","intentional_noindex","~82 Tier C workshop event instances. effective_date to be set at Squarespace noindex flip.","","","","event_table","event","event","workshop_events"
"https://www.alanranger.com/photographic-workshops-near-me/nant-mill-woodlands","/photographic-workshops-near-me/nant-mill-woodlands","no","yes","intentional_noindex","~82 Tier C workshop event instances. effective_date to be set at Squarespace noindex flip.","","","","event_table","event","event","workshop_events"
"https://www.alanranger.com/photographic-workshops-near-me/norfolk-photography-workshop","/photographic-workshops-near-me/norfolk-photography-workshop","no","yes","intentional_noindex","~82 Tier C workshop event instances. effective_date to be set at Squarespace noindex flip.","","","","event_table","event","event","workshop_events"
"https://www.alanranger.com/photographic-workshops-near-me/northumberland-landscape-photography-workshop","/photographic-workshops-near-me/northumberland-landscape-photography-workshop","no","yes","intentional_noindex","~82 Tier C workshop event instances. effective_date to be set at Squarespace noindex flip.","","","","event_table","event","event","workshop_events"
"https://www.alanranger.com/photographic-workshops-near-me/peak-district-photography-workshops-autumn","/photographic-workshops-near-me/peak-district-photography-workshops-autumn","no","yes","intentional_noindex","~82 Tier C workshop event instances. effective_date to be set at Squarespace noindex flip.","","","","event_table","event","event","workshop_events"
"https://www.alanranger.com/photographic-workshops-near-me/peak-district-photography-workshops-autumn-2","/photographic-workshops-near-me/peak-district-photography-workshops-autumn-2","no","yes","intentional_noindex","~82 Tier C workshop event instances. effective_date to be set at Squarespace noindex flip.","","","","event_table","event","event","workshop_events"
"https://www.alanranger.com/photographic-workshops-near-me/peak-district-photography-workshops-heathers-sunrise","/photographic-workshops-near-me/peak-district-photography-workshops-heathers-sunrise","no","yes","intentional_noindex","~82 Tier C workshop event instances. effective_date to be set at Squarespace noindex flip.","","","","event_table","event","event","workshop_events"
"https://www.alanranger.com/photographic-workshops-near-me/peak-district-photography-workshops-heathers-sunset","/photographic-workshops-near-me/peak-district-photography-workshops-heathers-sunset","no","yes","intentional_noindex","~82 Tier C workshop event instances. effective_date to be set at Squarespace noindex flip.","","","","event_table","event","event","workshop_events"
"https://www.alanranger.com/photographic-workshops-near-me/peak-district-photography-workshops-spring","/photographic-workshops-near-me/peak-district-photography-workshops-spring","no","yes","intentional_noindex","~82 Tier C workshop event instances. effective_date to be set at Squarespace noindex flip.","","","","event_table","event","event","workshop_events"
"https://www.alanranger.com/photographic-workshops-near-me/peak-district-photography-workshops-sunrise-heathers","/photographic-workshops-near-me/peak-district-photography-workshops-sunrise-heathers","no","yes","intentional_noindex","~82 Tier C workshop event instances. effective_date to be set at Squarespace noindex flip.","","","","event_table","event","event","workshop_events"
"https://www.alanranger.com/photographic-workshops-near-me/peak-district-photography-workshops-winter","/photographic-workshops-near-me/peak-district-photography-workshops-winter","no","yes","intentional_noindex","~82 Tier C workshop event instances. effective_date to be set at Squarespace noindex flip.","","","","event_table","event","event","workshop_events"
"https://www.alanranger.com/photographic-workshops-near-me/poppy-fields-photography-workshop-sunrise","/photographic-workshops-near-me/poppy-fields-photography-workshop-sunrise","no","yes","intentional_noindex","~82 Tier C workshop event instances. effective_date to be set at Squarespace noindex flip.","","","","event_table","event","event","workshop_events"
"https://www.alanranger.com/photographic-workshops-near-me/poppy-fields-photography-workshop-sunset","/photographic-workshops-near-me/poppy-fields-photography-workshop-sunset","no","yes","intentional_noindex","~82 Tier C workshop event instances. effective_date to be set at Squarespace noindex flip.","","","","event_table","event","event","workshop_events"
"https://www.alanranger.com/photographic-workshops-near-me/secrets-of-woodland-photography-masterclass-autumn","/photographic-workshops-near-me/secrets-of-woodland-photography-masterclass-autumn","no","yes","intentional_noindex","~82 Tier C workshop event instances. effective_date to be set at Squarespace noindex flip.","","","","event_table","event","event","workshop_events"
"https://www.alanranger.com/photographic-workshops-near-me/secrets-of-woodland-photography-masterclass-spring","/photographic-workshops-near-me/secrets-of-woodland-photography-masterclass-spring","no","yes","intentional_noindex","~82 Tier C workshop event instances. effective_date to be set at Squarespace noindex flip.","","","","event_table","event","event","workshop_events"
"https://www.alanranger.com/photographic-workshops-near-me/secrets-of-woodland-photography-masterclass-summer","/photographic-workshops-near-me/secrets-of-woodland-photography-masterclass-summer","no","yes","intentional_noindex","~82 Tier C workshop event instances. effective_date to be set at Squarespace noindex flip.","","","","event_table","event","event","workshop_events"
"https://www.alanranger.com/photographic-workshops-near-me/secrets-of-woodland-photography-masterclass-winter","/photographic-workshops-near-me/secrets-of-woodland-photography-masterclass-winter","no","yes","intentional_noindex","~82 Tier C workshop event instances. effective_date to be set at Squarespace noindex flip.","","","","event_table","event","event","workshop_events"
"https://www.alanranger.com/photographic-workshops-near-me/sezincote-garden-photography-workshop","/photographic-workshops-near-me/sezincote-garden-photography-workshop","no","yes","intentional_noindex","~82 Tier C workshop event instances. effective_date to be set at Squarespace noindex flip.","","","","event_table","event","event","workshop_events"
"https://www.alanranger.com/photographic-workshops-near-me/somerset-photography-workshop","/photographic-workshops-near-me/somerset-photography-workshop","no","yes","intentional_noindex","~82 Tier C workshop event instances. effective_date to be set at Squarespace noindex flip.","","","","event_table","event","event","workshop_events"
"https://www.alanranger.com/photographic-workshops-near-me/suffolk-landscape-photography-workshop","/photographic-workshops-near-me/suffolk-landscape-photography-workshop","no","yes","intentional_noindex","~82 Tier C workshop event instances. effective_date to be set at Squarespace noindex flip.","","","","event_table","event","event","workshop_events"
"https://www.alanranger.com/photographic-workshops-near-me/sunset-chesterton-windmill-photography-workshop","/photographic-workshops-near-me/sunset-chesterton-windmill-photography-workshop","no","yes","intentional_noindex","~82 Tier C workshop event instances. effective_date to be set at Squarespace noindex flip.","","","","event_table","event","event","workshop_events"
"https://www.alanranger.com/photographic-workshops-near-me/sunset-chesterton-windmill-spring","/photographic-workshops-near-me/sunset-chesterton-windmill-spring","no","yes","intentional_noindex","~82 Tier C workshop event instances. effective_date to be set at Squarespace noindex flip.","","","","event_table","event","event","workshop_events"
"https://www.alanranger.com/photographic-workshops-near-me/sunset-chesterton-windmill-spring-7gw7j","/photographic-workshops-near-me/sunset-chesterton-windmill-spring-7gw7j","no","yes","intentional_noindex","~82 Tier C workshop event instances. effective_date to be set at Squarespace noindex flip.","","","","event_table","event","event","workshop_events"
"https://www.alanranger.com/photographic-workshops-near-me/sunset-chesterton-windmill-spring-7gw7j-9akd5","/photographic-workshops-near-me/sunset-chesterton-windmill-spring-7gw7j-9akd5","no","yes","intentional_noindex","~82 Tier C workshop event instances. effective_date to be set at Squarespace noindex flip.","","","","event_table","event","event","workshop_events"
"https://www.alanranger.com/photographic-workshops-near-me/urban-architecture-photography-workshop-coventry","/photographic-workshops-near-me/urban-architecture-photography-workshop-coventry","no","yes","intentional_noindex","~82 Tier C workshop event instances. effective_date to be set at Squarespace noindex flip.","","","","event_table","event","event","workshop_events"
"https://www.alanranger.com/photographic-workshops-near-me/wales-photography-workshop-vyrnwy-pistyll-rhaeadr","/photographic-workshops-near-me/wales-photography-workshop-vyrnwy-pistyll-rhaeadr","no","yes","intentional_noindex","~82 Tier C workshop event instances. effective_date to be set at Squarespace noindex flip.","","","","event_table","event","event","workshop_events"
"https://www.alanranger.com/photographic-workshops-near-me/woodland-photography-walk-coventry-cv4","/photographic-workshops-near-me/woodland-photography-walk-coventry-cv4","no","yes","intentional_noindex","~82 Tier C workshop event instances. effective_date to be set at Squarespace noindex flip.","","","","event_table","event","event","workshop_events"
"https://www.alanranger.com/photographic-workshops-near-me/woodland-photography-walk-coventry-piles-coppice","/photographic-workshops-near-me/woodland-photography-walk-coventry-piles-coppice","no","yes","intentional_noindex","~82 Tier C workshop event instances. effective_date to be set at Squarespace noindex flip.","","","","event_table","event","event","workshop_events"
"https://www.alanranger.com/photographic-workshops-near-me/woodland-photography-walk-coventry-tile-hill","/photographic-workshops-near-me/woodland-photography-walk-coventry-tile-hill","no","yes","intentional_noindex","~82 Tier C workshop event instances. effective_date to be set at Squarespace noindex flip.","","","","event_table","event","event","workshop_events"
"https://www.alanranger.com/photographic-workshops-near-me/woodland-photography-walk-hay-woods","/photographic-workshops-near-me/woodland-photography-walk-hay-woods","no","yes","intentional_noindex","~82 Tier C workshop event instances. effective_date to be set at Squarespace noindex flip.","","","","event_table","event","event","workshop_events"
"https://www.alanranger.com/photographic-workshops-near-me/woodland-photography-walk-kenilworth-crackley-woods","/photographic-workshops-near-me/woodland-photography-walk-kenilworth-crackley-woods","no","yes","intentional_noindex","~82 Tier C workshop event instances. effective_date to be set at Squarespace noindex flip.","","","","event_table","event","event","workshop_events"
"https://www.alanranger.com/photographic-workshops-near-me/woodland-photography-walk-leamington-oakley-wood","/photographic-workshops-near-me/woodland-photography-walk-leamington-oakley-wood","no","yes","intentional_noindex","~82 Tier C workshop event instances. effective_date to be set at Squarespace noindex flip.","","","","event_table","event","event","workshop_events"
"https://www.alanranger.com/photographic-workshops-near-me/woodland-photography-walk-meriden-millisons-wood","/photographic-workshops-near-me/woodland-photography-walk-meriden-millisons-wood","no","yes","intentional_noindex","~82 Tier C workshop event instances. effective_date to be set at Squarespace noindex flip.","","","","event_table","event","event","workshop_events"
"https://www.alanranger.com/photographic-workshops-near-me/woodland-photography-walk-solihull-hay-woods","/photographic-workshops-near-me/woodland-photography-walk-solihull-hay-woods","no","yes","intentional_noindex","~82 Tier C workshop event instances. effective_date to be set at Squarespace noindex flip.","","","","event_table","event","event","workshop_events"
"https://www.alanranger.com/photographic-workshops-near-me/yorkshire-dales-photography-workshop","/photographic-workshops-near-me/yorkshire-dales-photography-workshop","no","yes","intentional_noindex","~82 Tier C workshop event instances. effective_date to be set at Squarespace noindex flip.","","","","event_table","event","event","workshop_events"
"https://www.alanranger.com/photography-courses-coventry","/photography-courses-coventry","no","","","","","","","csv_metadata","service","service hub","site_urls"
"https://www.alanranger.com/photography-equipment-recommendations","/photography-equipment-recommendations","no","","","","","","","csv_metadata","landing","landing","site_urls"
"https://www.alanranger.com/photography-gift-vouchers","/photography-gift-vouchers","no","","","","","","","csv_metadata","service","service hub","site_urls"
"https://www.alanranger.com/photography-lessons-online-121","/photography-lessons-online-121","no","","","","","","","csv_metadata","service","service hub","site_urls"
"https://www.alanranger.com/photography-masterclasses-online","/photography-masterclasses-online","no","","","","","","","csv_metadata","service","service","site_urls"
"https://www.alanranger.com/photography-mentoring-online-assignments","/photography-mentoring-online-assignments","no","","","","","","","csv_metadata","service","service hub","site_urls"
"https://www.alanranger.com/photography-news-blog","/photography-news-blog","no","","","","","","","csv_metadata","landing","landing","site_urls"
"https://www.alanranger.com/photography-payment-plan","/photography-payment-plan","no","","","","","","","csv_metadata","service","service hub","site_urls"
"https://www.alanranger.com/photography-presents-for-photographers","/photography-presents-for-photographers","no","","","","","","","csv_metadata","landing","landing","site_urls"
"https://www.alanranger.com/photography-services-near-me","/photography-services-near-me","no","","","","","","","csv_metadata","","","site_urls"
"https://www.alanranger.com/photography-services-near-me/02-top-10-tips-to-make-a-photograph","/photography-services-near-me/02-top-10-tips-to-make-a-photograph","no","","","","","","","csv_metadata","academy","academy","course_products"
"https://www.alanranger.com/photography-services-near-me/04-top-10-tips-to-better-composition","/photography-services-near-me/04-top-10-tips-to-better-composition","no","","","","","","","csv_metadata","academy","academy","course_products"
"https://www.alanranger.com/photography-services-near-me/05-top-10-tips-to-better-portraits","/photography-services-near-me/05-top-10-tips-to-better-portraits","no","","","","","","","csv_metadata","academy","academy","course_products"
"https://www.alanranger.com/photography-services-near-me/06-top-10-tips-to-better-landscapes","/photography-services-near-me/06-top-10-tips-to-better-landscapes","no","","","","","","","csv_metadata","academy","academy","course_products"
"https://www.alanranger.com/photography-services-near-me/07-top-10-tips-to-better-bw-photos","/photography-services-near-me/07-top-10-tips-to-better-bw-photos","no","","","","","","","csv_metadata","academy","academy","course_products"
"https://www.alanranger.com/photography-services-near-me/annual-pick-n-mix-subscription","/photography-services-near-me/annual-pick-n-mix-subscription","no","","","","","","","csv_metadata","product","subscription/payment-plan","site_urls"
"https://www.alanranger.com/photography-services-near-me/beginners-photography-classes-coventry","/photography-services-near-me/beginners-photography-classes-coventry","no","","","","","","","csv_metadata","course","course","product_schema"
"https://www.alanranger.com/photography-services-near-me/beginners-photography-course","/photography-services-near-me/beginners-photography-course","no","","","","","","","csv_metadata","course","course","site_urls"
"https://www.alanranger.com/photography-services-near-me/beginners-portrait-photography-course","/photography-services-near-me/beginners-portrait-photography-course","no","","","","","","","csv_metadata","course","course","site_urls"
"https://www.alanranger.com/photography-services-near-me/black-and-white-photography-course","/photography-services-near-me/black-and-white-photography-course","no","","","","","","","csv_metadata","course","course","site_urls"
"https://www.alanranger.com/photography-services-near-me/calendar-2022","/photography-services-near-me/calendar-2022","no","","","","","","","csv_metadata","gift-voucher","gift voucher","course_products"
"https://www.alanranger.com/photography-services-near-me/camera-sensor-clean","/photography-services-near-me/camera-sensor-clean","no","","","","","","","csv_metadata","service","service","site_urls"
"https://www.alanranger.com/photography-services-near-me/camera-settings-photography-field-checklists","/photography-services-near-me/camera-settings-photography-field-checklists","no","","","","","","","csv_metadata","academy","academy","site_urls"
"https://www.alanranger.com/photography-services-near-me/composition-settings-photography-field-checklists","/photography-services-near-me/composition-settings-photography-field-checklists","no","","","","","","","csv_metadata","academy","academy","site_urls"
"https://www.alanranger.com/photography-services-near-me/composition-viewing-frames","/photography-services-near-me/composition-viewing-frames","no","","","","","","","csv_metadata","product","merchandise","site_urls"
"https://www.alanranger.com/photography-services-near-me/fine-art-photography-prints-canvas","/photography-services-near-me/fine-art-photography-prints-canvas","no","","","","","","","csv_metadata","product","print","site_urls"
"https://www.alanranger.com/photography-services-near-me/fine-art-photography-prints-unframed","/photography-services-near-me/fine-art-photography-prints-unframed","no","","","","","","","csv_metadata","product","print","site_urls"
"https://www.alanranger.com/photography-services-near-me/foundation-digital-pack-plus","/photography-services-near-me/foundation-digital-pack-plus","no","","","","","","","csv_metadata","academy","academy","site_urls"
"https://www.alanranger.com/photography-services-near-me/four-private-photography-classes","/photography-services-near-me/four-private-photography-classes","no","","","","","","","csv_metadata","product","1-2-1","site_urls"
"https://www.alanranger.com/photography-services-near-me/framed-fine-art-photography-prints","/photography-services-near-me/framed-fine-art-photography-prints","no","","","","","","","csv_metadata","product","print","site_urls"
"https://www.alanranger.com/photography-services-near-me/intermediates-intentions-photography-project-course","/photography-services-near-me/intermediates-intentions-photography-project-course","no","","","","","","","csv_metadata","course","course","site_urls"
"https://www.alanranger.com/photography-services-near-me/intermediates-lightroom-photography-course","/photography-services-near-me/intermediates-lightroom-photography-course","no","","","","","","","csv_metadata","course","course (Lightroom)","product_schema"
"https://www.alanranger.com/photography-services-near-me/lightroom-courses-for-beginners-coventry","/photography-services-near-me/lightroom-courses-for-beginners-coventry","no","","","","","","","csv_metadata","course","course (Lightroom)","site_urls"
"https://www.alanranger.com/photography-services-near-me/monthly-online-photography-mentoring","/photography-services-near-me/monthly-online-photography-mentoring","no","","","","","","","csv_metadata","product","mentoring","site_urls"
"https://www.alanranger.com/photography-services-near-me/monthly-online-photography-mentoring-one-year","/photography-services-near-me/monthly-online-photography-mentoring-one-year","no","","","","","","","csv_metadata","product","mentoring","product_schema"
"https://www.alanranger.com/photography-services-near-me/monthly-pick-n-mix-subscription","/photography-services-near-me/monthly-pick-n-mix-subscription","no","","","","","","","csv_metadata","product","subscription/payment-plan","site_urls"
"https://www.alanranger.com/photography-services-near-me/photo-print-preparation-service-30min","/photography-services-near-me/photo-print-preparation-service-30min","no","","","","","","","csv_metadata","product","print","site_urls"
"https://www.alanranger.com/photography-services-near-me/photography-35bundle-photography-field-checklists","/photography-services-near-me/photography-35bundle-photography-field-checklists","no","","","","","","","csv_metadata","academy","academy","site_urls"
"https://www.alanranger.com/photography-services-near-me/photography-foundation-course-ebook","/photography-services-near-me/photography-foundation-course-ebook","no","","","","","","","csv_metadata","academy","academy","site_urls"
"https://www.alanranger.com/photography-services-near-me/photography-genre-photography-field-checklists","/photography-services-near-me/photography-genre-photography-field-checklists","no","","","","","","","csv_metadata","academy","academy","site_urls"
"https://www.alanranger.com/photography-services-near-me/photography-gift-vouchers","/photography-services-near-me/photography-gift-vouchers","no","","","","","","","csv_metadata","gift-voucher","gift voucher","site_urls"
"https://www.alanranger.com/photography-services-near-me/photography-masterclasses-coventry","/photography-services-near-me/photography-masterclasses-coventry","no","","","","","","","csv_metadata","course","course","product_schema"
"https://www.alanranger.com/photography-services-near-me/photography-tips-pocket-guide-series","/photography-services-near-me/photography-tips-pocket-guide-series","no","","","","","","","csv_metadata","academy","academy","site_urls"
"https://www.alanranger.com/photography-services-near-me/premium-photography-academy-membership","/photography-services-near-me/premium-photography-academy-membership","no","","","","","","","csv_metadata","","","site_urls"
"https://www.alanranger.com/photography-services-near-me/print","/photography-services-near-me/print","no","","","","","","","csv_metadata","product","print","product_schema"
"https://www.alanranger.com/photography-services-near-me/private-online-photography-classes-zoom","/photography-services-near-me/private-online-photography-classes-zoom","no","","","","","","","csv_metadata","product","1-2-1","site_urls"
"https://www.alanranger.com/photography-services-near-me/quarterly-pick-n-mix-subscription","/photography-services-near-me/quarterly-pick-n-mix-subscription","no","","","","","","","csv_metadata","product","subscription/payment-plan","site_urls"
"https://www.alanranger.com/photography-services-near-me/rps-mentoring-photography-course","/photography-services-near-me/rps-mentoring-photography-course","no","","","","","","","csv_metadata","product","1-2-1","site_urls"
"https://www.alanranger.com/photography-shop-services","/photography-shop-services","no","","","","","","","csv_metadata","service","service hub","site_urls"
"https://www.alanranger.com/photography-special-offers","/photography-special-offers","no","","","","","","","csv_metadata","landing","landing","site_urls"
"https://www.alanranger.com/photography-tuition-services","/photography-tuition-services","no","","","","","","","csv_metadata","service","service","site_urls"
"https://www.alanranger.com/photography-workshops","/photography-workshops","no","","","","","","","csv_metadata","service","service hub","site_urls"
"https://www.alanranger.com/photography-workshops-near-me","/photography-workshops-near-me","no","","","","","","","csv_metadata","service","service","site_urls"
"https://www.alanranger.com/private-photography-lessons","/private-photography-lessons","no","","","","","","","csv_metadata","service","service hub","site_urls"
"https://www.alanranger.com/professional-commercial-photographer-coventry","/professional-commercial-photographer-coventry","no","","","","","","","csv_metadata","service","service hub","site_urls"
"https://www.alanranger.com/professional-photographer-near-me","/professional-photographer-near-me","no","","","","","","","csv_metadata","service","service hub","site_urls"
"https://www.alanranger.com/property-photographer-coventry","/property-photographer-coventry","no","","","","","","","firecrawl_map","","",""
"https://www.alanranger.com/rps-courses-mentoring-distinctions","/rps-courses-mentoring-distinctions","no","","","","","","","csv_metadata","service","service hub","site_urls"
"https://www.alanranger.com/s/certificate.pdf","/s/certificate.pdf","no","","","","","","","csv_metadata","","","landing_service_pages"
"https://www.alanranger.com/schedule-an-appointment","/schedule-an-appointment","no","","","","","","","csv_metadata","landing","landing","site_urls"
"https://www.alanranger.com/terms-and-conditions","/terms-and-conditions","no","","","","","","","csv_metadata","","","site_urls"
"https://www.alanranger.com/testimonials-customer-reviews","/testimonials-customer-reviews","no","","","","","","","csv_metadata","landing","landing","site_urls"
"https://www.alanranger.com/website-cookie-policy","/website-cookie-policy","no","","","","","","","csv_metadata","","","site_urls"
"https://www.alanranger.com/website-terms-and-conditions","/website-terms-and-conditions","no","","","","","","","csv_metadata","","","site_urls"
"https://www.alanranger.com/which-photography-style-is-right-for-you","/which-photography-style-is-right-for-you","no","","","","","","","csv_metadata","landing","landing","site_urls"